ID,materia,codigocodif_V1,unidad,cantidad_co,valor_co,cantidad_uti,valor_uti
5986.0,MATERIALES (INVENTARIO),99999994,VALOR,0.0,1669035.0,0.0,1557660.0
10824.0,VARIOS,99999994,VALOR,0.0,4542856.923682956,0.0,3384641.923682956
16646.0,PIEDRA CALIZA,15120003,TONELADA MÉTRICA,23186.89,1051526.0,41873.0,2701859.65
16769.0,CEMENTO,37440001,KILOGRAMO,2820742.0,2401832.0,2820742.0,2401832.0
16851.0,INSUMOS VARIOS,99999994,VALOR,0.0,6470141.0,0.0,4200262.0
20746.0,POSTES DE EUCALIPTO DIFERENTES TAMAÑOS,31330002,PIEZA,180.0,198000.0,300.0,330000.0
20746.0,TUBERIAS PVC SDR 41 DIFERENTES DIAMETROS,36320001,PIEZA,690.0,1142670.0,585.0,982800.0
20746.0,CEMENTO,37440001,KILOGRAMO,250000.0,275000.0,287090.0,315800.0
20746.0,FIERRO,41261005,BARRA,1200.0,210000.0,1480.0,250000.0
20746.0,ALAMBRE DE COBRE DESNUDO DIFERENTES MEDIDAS,41513001,METRO (LINEAL),7012.0,98167.0,7012.0,98167.0
20746.0,CABLE DE ACERO,42941006,METRO (LINEAL),7100.0,46150.0,7100.0,46150.0
20746.0,CLAVOS DIFERENTES DIAMETROS,42944001,KILOGRAMO,800.0,8800.0,800.0,8800.0
20746.0,BARILLAS DE ANCLAJE,42944999,PIEZA,1200.0,74400.0,1200.0,74400.0
20746.0,LUMINARIAS CON FOTOCELULA,46510001,PIEZA,400.0,251600.0,450.0,283050.0
20746.0,ACCESORIOS,99999994,PIEZA,500.0,340000.0,390.0,265361.0
20869.0,VARIOS,99999994,VALOR,0.0,10773021.198308356,0.0,9283251.198308356
21443.0,"ENVASES, EMBALAJES y OTROS INSUMOS",99999994,VALOR,0.0,5000.0,0.0,5000.0
21730.0,PIEDRA CALIZA,15120003,TONELADA MÉTRICA,55336.0,4370474.0,56357.0,4451111.0
21730.0,OTROS MATERIALES,99999994,VALOR,0.0,2031607.0,0.0,2031606.96481915
23001.0,AGREGADOS,153,METRO CÚBICO,1702.0,255303.0,1702.0,255303.0
23001.0,CEMENTO,37440001,OTROS,15045.0,594845.0,14895.0,588320.0
23001.0,HORMIGON,37510002,METRO CÚBICO,693.0,209637.0,693.0,209637.0
23001.0,ACERO,412,BARRA,9979.0,1496879.0,10424.591367104487,1563719.0
23001.0,GAVIONES,42943009,UNIDAD,935.0,207708.0,935.0,207708.0
23001.0,COLCHONETAS,42999045,UNIDAD,63.0,24796.0,63.0,24796.0
24559.0,HILADO DE ALPACA,26340006,KILOGRAMO,2827.0,565777.0,2358.0,471914.45560665015
24559.0,OTROS MATERIALES,99999994,VALOR,0.0,789918.854070353,0.0,787860.398463703
25092.0,AGREGADOS,153,METRO CÚBICO,747.0,500000.0,747.0,500000.0
25092.0,PIEDRA MANZANO,15320002,METRO CÚBICO,429.0,300000.0,429.0,300000.0
25092.0,GRAVA,15320004,METRO CUADRADO,448.0,300000.0,448.0,300000.0
25092.0,MADERA,31330,UNIDAD,1000.0,25000.0,1000.0,25000.0
25092.0,PINTURA,35110,UNIDAD,30.0,21000.0,30.0,21000.0
25092.0,CERAMICA,37370,OTROS,30.0,1590.0,30.0,1590.0
25092.0,ESTUCO,37420004,UNIDAD,80.0,1800.0,80.0,1800.0
25092.0,CEMENTO,37440001,UNIDAD,4000.0,220000.0,4000.0,220000.0
25092.0,DISCO DE DESBASTE,37910001,KILOGRAMO,330.0,4950.0,330.0,4950.0
25092.0,CARTÓN ASFÁLTICO,37930000,OTROS,15.0,5400.0,15.0,5400.0
25092.0,RODILLOS,38993011,UNIDAD,17.0,8000.0,17.0,8000.0
25092.0,FIERRO,41261005,BARRA,480.0,66556.0,480.0,66556.0
25092.0,COSTANERAS,41261999,UNIDAD,350.0,42000.0,350.0,42000.0
25092.0,TUBOS,41283002,UNIDAD,380.0,125522.0,380.0,125522.0
25092.0,CAÑERIAS,41283005,UNIDAD,450.0,127000.0,450.0,127000.0
25092.0,DISCO DE CORTE,42922003,KILOGRAMO,350.0,6300.0,350.0,6300.0
25092.0,CLAVOS,42944001,UNIDAD,4076.0,5200.0,4076.0,5200.0
25092.0,AUTOPERFORANTES,42944999,OTROS,33000.0,80000.0,33000.0,80000.0
25092.0,ALAMBRE,42946003,OTROS,10.0,10000.0,10.0,10000.0
25092.0,ELECTRODOS,42950001,KILOGRAMO,2720.0,71000.0,2720.0,71000.0
25092.0,TERMINALES,99999994,UNIDAD,430.0,3000.0,430.0,3000.0
25092.0,OTROS PARA GENERACIÓN DE SERVICIOS,99999994,VALOR,0.0,292656.0,0.0,242462.0
25338.0,INSUMOS VARIOS,99999994,VALOR,0.0,4215077.0,0.0,4325087.0
27880.0,CUERO VACUNO,02951002,PIEZA,188757.0,11769295.0,187727.0,11339801.759892741
27880.0,CUERO VACUNO COGOTE,02951002,PIEZA,6984.0,143247.0,2955.0,58717.84794721867
27880.0,CUERO VACUNO VERIJA,02951002,PIEZA,13713.0,27135.0,12380.0,23732.81941612918
27880.0,PRODUCTOS QUIMICOS CURTIEMBRE,354,KILOGRAMO,2780785.0,18968252.0,2616268.0,17289143.065681763
27880.0,SUMINISTROS Y REPUESTOS,99999994,PIEZA,558278.0,6208156.0,591097.0,6367987.507062151
28700.0,VARIOS,99999994,VALOR,0.0,448027.5124632206,0.0,448027.5124632206
31570.0,AGREGADOS,153,METRO CÚBICO,6360.0,572402.0,6513.323908721493,586201.2000000001
31570.0,CEMENTO ASFALTICO,37940004,METRO CUADRADO,22447.0,1144805.0,22988.141789162164,1172403.424107533
31570.0,FIERROS,41261005,VALOR,0.0,858602.0,0.0,879300.7758924672
31570.0,OTROS,99999994,VALOR,0.0,286201.0,0.0,293100.60000000003
32021.0,POLIETILENO ALTA DENSIDAD,34710001,KILOGRAMO,45012.0,729932.0,43874.152046250696,711480.2175291892
32021.0,POLIETILENO DE BAJA DENSIDAD,34710001,KILOGRAMO,102899.0,1676381.0,100297.83994061916,1634004.151813867
32021.0,POLIPROPILENO,34790011,KILOGRAMO,52520.0,450231.0,51192.35904801134,438849.71451913926
32021.0,MASTERBATCH,35110023,KILOGRAMO,5549.0,244760.0,5408.7281103849,238572.76848041234
32021.0,TINTAS,35130,KILOGRAMO,4953.0,190668.0,4827.794256755525,185848.14765739196
33497.0,HUEVOS,02311000,UNIDAD,104094.0,78071.0,104094.0,78071.0
33497.0,CARNES,211,KILOGRAMO,19574.0,826036.0,19574.0,826033.0
33497.0,POLLO,21121000,KILOGRAMO,33859.0,484333.0,33859.0,484333.0
33497.0,MANTECA,21700003,KILOGRAMO,11171.0,187669.0,11171.0,187669.0
33497.0,HARINA,23110001,QUINTAL,1177.0,498950.0,1177.0,498950.0
33497.0,GELATINA NEUTRA,23999013,KILOGRAMO,1213.0,90985.0,1213.0,90985.0
33497.0,OTROS INSUMOS MATERIA PRIMA,99999994,KILOGRAMO,28613.0,572266.0,28613.0,572266.0
33743.0,PAPEL,32129001,UNIDAD,7001.0,1750285.0,4300.0,1075108.0
33743.0,CARTON,32151002,UNIDAD,5691.0,1537835.0,3496.0,943996.0
33743.0,TINTA,35130,LITRO,7031.0,597658.0,4319.0,367110.0
33743.0,PEGAMENTO,35420,LITRO,10977.0,384209.0,6743.0,235999.0
33784.0,VERDURAS,012,KILOGRAMO,23355.0,135098.0,23855.0,137990.0
33784.0,CEBOLLIN,01253002,OTROS(ESPECIFICAR),1915.0,15320.0,1990.0,15920.0
33784.0,CHOCLO DESGRANADO,01290001,KILOGRAMO,7936.0,130335.0,8186.0,134441.0
33784.0,PLATANO TIENDAS,01312001,UNIDAD,9644.0,3715.0,9744.0,3754.0
33784.0,PLATANO DE FREIR,01313000,KILOGRAMO,5710.0,16670.0,5960.0,17400.0
33784.0,TUMBO CON CASCARA,01319012,ARROBA,2647.0,14330.0,2897.0,15683.0
33784.0,HUEVOS,02311000,UNIDAD,158700.0,111090.0,158750.0,111125.0
33784.0,CARNE DE RES,21111002,KILOGRAMO,2036.0,93723.0,2020.0,92986.0
33784.0,CARNE DE POLLO,21121000,KILOGRAMO,57740.0,235529.0,13593.0,55448.0
33784.0,CHARQUE,21183001,KILOGRAMO,4782.0,430346.0,4703.0,423237.0
33784.0,DURAZNO EN LATA,21492000,UNIDAD,2400.0,34468.0,2495.0,35832.0
33784.0,ACEITE,21691009,LITRO,8000.0,63100.0,8350.0,65861.0
33784.0,MANTECA,21700003,KILOGRAMO,26910.0,420817.0,26436.0,413405.0
33784.0,LECHE PIL O ILVA,22110001,LITRO,24300.0,126820.0,24178.0,126183.0
33784.0,LECHE PURA VIDA (TIENDAS),22110001,LITRO,18500.0,85775.0,18780.0,87073.0
33784.0,CREMA DE LECHE,22120001,KILOGRAMO,60.0,1363.0,60.0,1363.0
33784.0,LECHE EVAPORADA,22221000,UNIDAD,1152.0,9163.0,1302.0,10356.0
33784.0,QUESILLO,22251006,KILOGRAMO,101001.0,2525561.0,100460.0,2512033.0
33784.0,QUESO RIO GRANDE Y SAN JAVIER,22251017,KILOGRAMO,14983.0,520458.0,15088.0,524105.0
33784.0,"HARINA DE TRIGO, YUCA Y TRIGAL",231,KILOGRAMO,157449.0,376091.0,97748.0,233486.0
33784.0,LEVADURA,23996002,KILOGRAMO,1101.0,15364.0,1033.0,14422.0
33784.0,TOJORI EN POLVO,23999034,KILOGRAMO,3316.0,46610.0,3421.0,48086.0
33784.0,ROLLOS DE PAPEL,32129,UNIDAD,5145.0,62417.0,5448.0,66681.0
33784.0,PAPEL SABANA,32129018,UNIDAD,34500.0,16816.0,35049.0,17965.0
33784.0,BOLSAS DE PAN,32152002,UNIDAD,49120.0,16061.0,49965.0,17158.0
33784.0,SOBRES DE PAPEL,32152005,UNIDAD,5639.0,105119.0,6274.0,112300.0
33784.0,CAJAS DE CARTON,32153004,UNIDAD,5720.0,13284.0,5773.0,14192.0
33784.0,FILTROS DE CAFE,32199023,UNIDAD,5100.0,1247.0,5104.0,1332.0
33784.0,TAPAS TRASPARENTES,36490007,UNIDAD,1000.0,520.0,1001.0,556.0
33784.0,TAPAS PARA ENVASES,36490007,UNIDAD,473980.0,51885.0,485268.0,55429.0
33784.0,ENVASES TERMICOS,36490024,UNIDAD,22460.0,23742.0,22687.0,25364.0
33784.0,VASOS DESECHABLES,36940017,UNIDAD,739895.0,259943.0,791079.0,277702.0
33784.0,BOMBILLAS,36990009,UNIDAD,2550.0,6230.0,2562.0,6656.0
33784.0,BANDEJAS CUADRADAS,42912021,UNIDAD,124800.0,42867.0,207919.0,47748.0
33784.0,OTROS MATERIAS PRIMAS,99999994,KILOGRAMO,246514.0,3105044.0,247564.0,3481485.0
33784.0,OTROS ENVASES,99999994,VALOR,0.0,333024.0,0.0,349161.0
35588.0,GRANO DE SOYA,01412000,TONELADA MÉTRICA,384045.27,759770720.15,461475.39,939904811.32
35588.0,TONSIL,16190014,KILOGRAMO,364000.0,1864987.0,377200.0,1944202.0
35588.0,HILO,26350000,KILOGRAMO,15600.0,570024.0,7757.0,283532.0
35588.0,VENESTAS,31511002,UNIDAD,165.0,10579.0,254.0,16362.0
35588.0,CAJAS,32153001,UNIDAD,981157.0,3222284.0,936329.0,3089815.0
35588.0,ETIQUETAS,32197002,UNIDAD,12414398.0,658565.0,11031055.0,589894.0
35588.0,DIESEL,33360000,LITRO,45000.0,152167.25,40141.0,135736.79
35588.0,"HIDROXIDOS, ACIDOS Y OTROS (SUST. CONTROLAD.)",34,LITRO,121.0,22602.6,104.0,19897.0
35588.0,"HIDROXIDOS, ACIDOS Y OTROS -  (SUST. CONTROLAD.)",34,KILOGRAMO,30.0,6960.0,27.0,7493.0
35588.0,HEXANO,34110001,KILOGRAMO,465360.0,4743863.05,461858.95,4772957.7
35588.0,ACIDO CITRICO,34140023,KILOGRAMO,180750.0,1727407.9,178075.0,1668664.15
35588.0,SODA CAUSTICA,34231022,KILOGRAMO,140000.0,906921.22,130325.0,816329.37
35588.0,ACIDO FOSOFORICO,34232000,KILOGRAMO,0.0,0.0,2665.0,25934.02
35588.0,VITAMINA A,35250001,KILOGRAMO,2700.0,1473545.07,2903.0,1546526.42
35588.0,ACEITE MINERAL,35430002,KILOGRAMO,860.0,146329.0,0.0,0.0
35588.0,TBHQ,35499016,KILOGRAMO,2901.0,352109.65,2785.0,339781.66
35588.0,BOLSAS,36410003,UNIDAD,6224750.0,8663759.0,6205757.0,8696135.0
35588.0,TAPAS,36490007,UNIDAD,12330000.0,2467845.0,11084575.0,2221578.0
35588.0,BIDONES,36490012,UNIDAD,258475.0,3514270.0,242613.0,3416100.0
35588.0,PREFORMAS,36490998,UNIDAD,12557595.0,3922941.0,11322169.0,3659827.0
35588.0,TURRILES,42931006,UNIDAD,4207.0,1028694.0,3359.0,851880.0
35588.0,SELECT,99999994,KILOGRAMO,0.0,0.0,30175.0,437538.0
35588.0,OTRAS MATERIAS PRIMAS,99999994,VALOR,0.0,15155952.11,0.0,15155951.0
39032.0,EMULSION NATURAL DE LIMON,35499043,LITRO,3449.0,446845.0,2592.9113406214683,335932.0
39729.0,VARIOS,99999994,VALOR,0.0,233261.0,0.0,233261.0
39975.0,CARNES,211,KILOGRAMO,11739.0,540000.0,11739.0,540000.0
39975.0,BEBIDAS,24,LITRO,316364.0,1740000.0,316364.0,1740000.0
39975.0,ENLATADOS,99999994,UNIDAD,5750.0,115000.0,5750.0,115000.0
39975.0,OTROS,99999994,VALOR,0.0,284253.0,0.0,284253.0
42312.0,SABANAS,27120001,PIEZA,10.0,8000.0,10.0,8000.0
42312.0,CAMILLA PARA PACIENTE,48180007,PIEZA,20.0,30000.0,20.0,30000.0
42312.0,CAMAS,48180007,PIEZA,10.0,18000.0,10.0,18000.0
42312.0,SILLAS DE RUEDAS,49922000,PIEZA,10.0,13000.0,10.0,13000.0
43501.0,VARIOS,99999994,VALOR,0.0,8014618.0,0.0,7354979.800000001
43706.0,VARIOS,99999994,VALOR,0.0,0.0,0.0,15650.0
45264.0,CALIZA MARMOLADA,15120,TONELADA MÉTRICA,2627.0,866910.0,1701.3836924582579,561456.6185112251
45264.0,PIEDRA CALIZA,15120003,TONELADA MÉTRICA,21409.0,942996.0,13865.597058179992,610733.9232787846
45264.0,CALIZA BLANCA,15120003,TONELADA MÉTRICA,972.0,155520.0,629.5184427367441,100722.95083787905
45264.0,BARITINA,16190002,TONELADA MÉTRICA,6755.0,1013254.0,4374.894115932824,656236.7080007992
45264.0,HILO,26350000,UNIDAD,50.0,4850.0,32.382635943248154,3141.115686495071
45264.0,MAXISACOS,27150999,PIEZA,2070.0,134550.0,1340.6411280504735,87141.67332328077
45264.0,FILM STRETCH,36330003,UNIDAD,108.0,14364.0,69.94649363741601,9302.883653776329
45264.0,PLÁSTICO TERMOCONTRAÍBLE,36330003,KILOGRAMO,7031.0,178858.0,4553.646266339555,115837.86999074955
45264.0,BOLSA POLIPROPILENO,36410,PIEZA,379068.0,791494.0,245504.42083470378,512613.241065305
45264.0,BOLSAS DE POLIETILENO,36410,PIEZA,10000.0,5568.0,6476.52718864963,3606.130338640114
45264.0,SUNCHO,36490023,ROLLO,142.0,99400.0,91.96668607882475,64376.68025517732
45264.0,PLAQUETAS,99999994,KILOGRAMO,174.0,6090.0,112.69157308250357,3944.2050578876247
46002.0,VARIOS,99999994,VALOR,0.0,4666891.849134151,0.0,4666891.849134151
46248.0,MATERIALES DE CONSTRUCCIÓN,99999994,VALOR,0.0,4819877.0,0.0,3995568.0
46330.0,VARIOS MATERIALES DE CONSTRUCCIÓN,99999994,VALOR,0.0,6473652.0,0.0,6473652.0
46412.0,CHATARRA,39340,KILOGRAMO,227231.0,5680763.0,227231.0,5680763.0
48339.0,INSUMOS ALIMENTICIOS PARA INTERNOS EN CLÍNICA,99999994,VALOR,0.0,19759.0,0.0,19759.0
53341.0,TUBERIAS,36320001,METRO (LINEAL),23342.0,1812770.0,23342.0,1812770.0
53341.0,CERAMICA,37370,METRO CUADRADO,41624.0,2172790.0,41624.0,2172790.0
53341.0,CEMENTO,37440001,OTROS,350587.0,14794760.0,266400.0,11242070.0
53341.0,HORMIGON,37510002,METRO CÚBICO,4196.0,2701525.0,4196.0,2701525.0
53341.0,FIERRO,41261005,BARRA,384415.0,14684640.0,285815.0,10918120.0
53341.0,CALAMINA,42190015,OTROS,52.0,1404920.0,45.0,1216117.0
53341.0,ALAMBRE,42946003,OTROS,9690.0,2487900.0,9690.0,2487900.0
56129.0,ARENA,15310,VALOR,0.0,81800.0,0.0,81800.0
56129.0,LADRILLO,37350002,VALOR,0.0,26000.0,0.0,26000.0
56129.0,CEMENTO,37440001,VALOR,0.0,83250.0,0.0,83250.0
56129.0,FIERRO DE CONSTRUCCIÓN,41261005,VALOR,0.0,113500.0,0.0,113500.0
56129.0,OTROS,99999994,VALOR,0.0,247657.0,0.0,247657.0
64083.0,VARIOS,99999994,VALOR,0.0,149008.05892971475,0.0,149008.05892971475
65600.0,VARIOS,99999994,VALOR,0.0,11048435.0,0.0,11286335.0
65682.0,VARIOS,99999994,VALOR,0.0,4058501.5586988037,0.0,4058501.5586988037
65928.0,LADRILLO,37350002,UNIDAD,31556.0,94668.0,31556.0,94668.0
65928.0,CERÁMICA PORCELANA TO,37370006,OTROS,3449.0,1724595.0,3449.0,1724595.0
65928.0,CEMENTO-,37440001,UNIDAD,57173.0,2801489.0,57173.0,2801489.0
65928.0,FIERRO,41261005,BARRA,10918.0,1288369.0,10918.0,1288369.0
65928.0,OTROS,99999994,VALOR,0.0,1482417.0,0.0,1324650.0
66461.0,INSUMOS VARIOS,99999994,VALOR,0.0,10506900.0,0.0,10506900.0
67158.0,ALMENDRA O CASTAÑA CON CASCARA,0137,KILOGRAMO,644013.0,18024951.0,647619.0181273725,18125878.0
68511.0,MATERIAL DE CONSTRUCCION,99999994,VALOR,0.0,8971780.0,0.0,4633512.0
70315.0,PAPEL,32129001,VALOR,0.0,11626084.0,0.0,7018916.0
70766.0,VARIOS,99999994,VALOR,0.0,2508654.3667834317,0.0,2508654.3667834317
74169.0,CEMENTO(BOLSAS DE 48 K),37440001,UNIDAD,81094.0,3730318.0,81094.0,3730318.0
74169.0,FIERRO,41261005,BARRA,19429.0,1554230.0,19429.0,1554230.0
74169.0,OTROS MATERIALES DE CONSTRUCCION,99999994,VALOR,0.0,932579.0,0.0,932579.0
74169.0,MATERIALES Y SUMINISTOS,99999994,VALOR,0.0,106136.0,0.0,106136.0
74169.0,MATERIAL DE INSTALACION,99999994,VALOR,0.0,901418.0,0.0,901418.0
74169.0,OTROS MATERIALES,99999994,VALOR,0.0,71.0,0.0,71.0
77490.0,CARPETAS DE TRAMITE,32700005,UNIDAD,2814.0,253344.0,2814.0,253344.0
80278.0,PINTURA Y ACCESORIOS,35110,VALOR,0.0,1270339.0,0.0,1387830.399876128
80278.0,MATERIAL SANITARIO,37210,VALOR,0.0,269478.0,0.0,294401.54202761565
80278.0,MATERIAL DE PLOMERÍA,41293006,VALOR,0.0,2158659.0,0.0,2358309.540340179
80278.0,MATERIAL ELÉCTRICO,99999994,VALOR,0.0,42127833.0,0.0,46024161.51775608
82082.0,"PAPELES, TINTAS",99999993,VALOR,0.0,3527760.0,0.0,3704254.0
82902.0,CEREALES EN GENERAL,011,QUINTAL,200.0,70000.0,200.0,70000.0
82902.0,GRANO DE TOJORI,01122001,QUINTAL,300.0,72000.0,300.0,72000.0
82902.0,VERDURAS DESHIDRATADAS,21393001,QUINTAL,5.0,23000.0,5.0,23000.0
82902.0,MANI,21421000,QUINTAL,70.0,31500.0,70.0,31500.0
82902.0,HARINA AMARILLA BLANDA,23120002,QUINTAL,850.0,246500.0,850.0,246500.0
82902.0,HARINA MORADA,23120002,QUINTAL,600.0,210000.0,600.0,210000.0
82902.0,HARINA DE AMARANTO,23120004,QUINTAL,200.0,110000.0,200.0,110000.0
82902.0,HARINA DE QUINUA,23120005,QUINTAL,300.0,180000.0,300.0,180000.0
82902.0,ARROZ,23161002,QUINTAL,350.0,112000.0,350.0,112000.0
82902.0,AZUCAR,23520001,QUINTAL,2000.0,400000.0,2000.0,400000.0
82902.0,FIDEO,23710,QUINTAL,150.0,46500.0,150.0,46500.0
82902.0,ESPECIAS,2392,QUINTAL,4.0,24000.0,4.0,24000.0
82902.0,CONDIMENTOS EN GENERAL,23995,QUINTAL,6.0,24840.0,6.0,24840.0
82902.0,OTROS,99999994,QUINTAL,15.0,6750.0,15.0,6750.0
82902.0,OTROS MATERIALES,99999994,VALOR,0.0,6854390.0,0.0,6854390.0
85239.0,VARIOS,99999994,VALOR,0.0,0.0,0.0,56212.0
97129.0,INSUMOS VARIOS,99999994,VALOR,0.0,249634.0,0.0,236914.0
115907.0,VARIOS,99999994,VALOR,0.0,712789.9539031348,0.0,712789.9539031348
116727.0,VARIOS,99999994,VALOR,0.0,0.0,0.0,410898.0
135013.0,CARNE DE VACUNO,21111002,KILOGRAMO,43604.0,937486.0,45620.0,980830.0
135013.0,CARNE DE CERDO,21113001,KILOGRAMO,123684.0,2659206.0,131622.0,2829873.0
135013.0,CARNE DE POLLO,21121000,KILOGRAMO,4201.0,67216.0,4201.0,67216.0
135013.0,TRIPAS,2115,KILOGRAMO,9344.0,40833.0,14264.0,62334.0
135013.0,ALMIDON,23220,KILOGRAMO,11250.0,99000.0,16847.0,148253.0
135013.0,CONDIMENTOS,23929002,KILOGRAMO,4536.0,55520.0,8260.0,101102.0
135013.0,HILOS,26350000,KILOGRAMO,225.0,13500.0,285.0,17100.0
135013.0,ENVASES,36410003,KILOGRAMO,11661.0,326508.0,11042.0,309176.0
137022.0,INSUMOS VARIOS,99999994,VALOR,0.0,303279.0,0.0,303279.0
137432.0,PAPEL,32129001,UNIDAD,13300.0,6731873.0,6501.230814887278,3290636.104474261
137432.0,PLACAS,32800002,UNIDAD,3800.0,1923392.0,1857.4954842781456,940182.0932886081
137432.0,TINTA,35130,KILOGRAMO,1900.0,961696.0,928.7472592696113,470090.8022371306
146288.0,"MATERIALES E INSUMOS DE LIMPIEZA (DETERGENTES, FRANELAS, PAPEL HIGIÉNICO, CERAS Y OTROS)",99999993,VALOR,0.0,2866872.0,0.0,2866872.0
153135.0,"ARENA , ARENILLA Y RIPIO",153,METRO CÚBICO,16386.0,114701.0,16386.0,114701.0
153135.0,MADERA DE CONSTRUCCION,31330,VALOR,0.0,19751.0,0.0,19751.0
153135.0,PINTURAS,35110,VALOR,0.0,30301.0,0.0,30301.0
153135.0,CEMENTO,37440003,KILOGRAMO,18601.0,874242.0,14314.0,672753.0
153135.0,MATERIAL DE CONSTRUCCION Y PAVIMIENTACION,99999993,VALOR,0.0,321032.0,0.0,321032.0
153135.0,MATERIAL DE FERRETERIA,99999994,VALOR,0.0,26796.0,0.0,26796.0
153135.0,OTROS MATERIALES DE CONSTRUCCION,99999994,VALOR,0.0,651701.0,0.0,651701.0
155800.0,"ENVASES, EMBALAJES y OTROS INSUMOS",99999994,VALOR,0.0,1924.0,0.0,1924.0
165681.0,AGREGADOS,153,VALOR,0.0,83017.0,0.0,83017.0
165681.0,MADERA,31330,VALOR,0.0,23058.0,0.0,23058.0
165681.0,PLASTOFORMO,36950021,PIEZA,1.0,299.0,1.0,299.0
165681.0,LADRILLO,37350002,VALOR,0.0,3035.0,0.0,3035.0
165681.0,CERAMICA,37370,VALOR,0.0,8858.0,0.0,8858.0
165681.0,CEMENTO,37440001,VALOR,0.0,728509.0,0.0,728509.0
165681.0,HORMIGON,37510002,VALOR,0.0,50669.0,0.0,50669.0
165681.0,PRODUCTOS EN FIERRO Y ALAMBRES,412,VALOR,0.0,319799.0,0.0,319799.0
165681.0,FIERRO-PLACHAS,41212001,VALOR,0.0,1231455.0,0.0,1231455.0
165681.0,MATERIAL DE PLOMERIA,41293006,VALOR,0.0,88470.0,0.0,88470.0
165681.0,CALAMINAS,42190015,VALOR,0.0,218252.0,0.0,218252.0
165681.0,EQUIPOS COMPLEMENTARIOS,99999994,VALOR,0.0,72397.0,0.0,72397.0
168674.0,ALCOHOL,34131004,LITRO,90430.16214512104,994731.7835963315,90813.7999874289,998951.7998617179
168674.0,AMOXICILINA,35250005,KILOGRAMO,26.349114844149486,7472.608969800795,22.660238765968558,6426.443714028684
168674.0,DICLOXACILINA,35250005,KILOGRAMO,2.634911484414949,983.8601388116355,3.293639355518686,1229.823856058802
168674.0,IBUPROFENO,35260002,KILOGRAMO,0.2634911484414949,38.96507103152827,115.93610531425774,17.142734117603656
168674.0,ESTUCHES,36490005,UNIDAD,25773.281288345446,4009.117950173753,15463.968773007266,2405.468662175064
168674.0,FRASCOS,36490016,UNIDAD,25773.281288345446,16704.664273850765,15463.96877300727,10022.797510345867
172241.0,INSUMOS VARIOS,99999994,VALOR,0.0,11519957.0,0.0,11519957.0
176054.0,INSUMOS VARIOS,99999994,VALOR,0.0,4704474.625139765,0.0,4704474.625139765
188764.0,BIDONES,36490012,UNIDAD,603500.0,715832.0,622152.0,720626.0
195488.0,POLIETILENO DE ALTA DENSIDAD,34710001,KILOGRAMO,663025.0,6208154.0,626494.0,5951201.0
195488.0,POLIETILENO DE BAJA DENSIDAD,34710001,KILOGRAMO,396000.0,1732500.0,161529.0,1746953.0
195488.0,POLIPROPILENO,34790011,KILOGRAMO,272250.0,2178000.0,222717.0,1811619.0
195488.0,OTROS MATERIALES,99999994,VALOR,0.0,256604.0,0.0,241163.08264834434
201228.0,"MADERA (TABLA) 200X0,40",3110,PIEZA,2020.0,80803.0,2020.0,80803.0
201228.0,LADRILLO,37350002,PIEZA,242411.0,242411.0,242411.0,242411.0
201228.0,CEMENTO,37440001,UNIDAD,16490.0,808037.0,16490.0,808037.0
201228.0,FIERRO CORRUGADO,41261005,BARRA,339.0,2828132.0,339.0,2828132.0
201228.0,"CALAMINA N°26 DE 2,45MT.",42190015,UNIDAD,869.0,80804.0,869.0,80804.0
201925.0,CEMENTO,37440001,UNIDAD,338840.0,15475000.0,333680.0,15239340.0
201925.0,OTROS MATERIALES,99999994,VALOR,0.0,12863045.0,0.0,13098705.0
210125.0,"LONAS PVC,  MATERIAL DE IMPRESIÓN VARIADO, FIERROS, TINTAS",99999993,METRO (LINEAL),10000.0,1294193.0,9946.754463978712,1287302.0
233823.0,"ENVASES, EMBALAJES y OTROS INSUMOS",99999994,VALOR,0.0,162342.0,0.0,162342.0
234028.0,ACCESORI PVC ANILLO SBRJE,36320017,PIEZA,725.0,4100.0,725.0,4100.0
234028.0,LADRILLO DE 6 HUECOS,37350002,PIEZA,65172.0,65150.0,65172.0,65150.0
234028.0,CEMENTO,37440001,OTROS,13936.0,610012.0,13936.0,610012.0
234028.0,CEMENTO,37440001,TONELADA MÉTRICA,1300.0,1323270.0,1300.0,1323270.0
234028.0,"FIERRO CORRUGADO DE 1/4"" - 6MM",41261005,BARRA,1242.0,17428.0,1242.0,17428.0
234028.0,CALAMINA DE 0.35MM,42190015,METRO (LINEAL),1300.0,32637.0,1300.0,32637.0
234028.0,ALAMBRE DE AMARRE N°16,42946002,KILOGRAMO,776.0,6475.0,776.0,6475.0
234028.0,OTROS,99999994,UNIDAD,85784.0,3771502.0,77771.0,3330585.0
239768.0,BENTONITA,15400004,KILOGRAMO,500.0,69600.0,16699.94971264368,2324633.0
240178.0,FECULA DE MANDIOCA,01520000,KILOGRAMO,123250.0,814683.0,30616.0,202374.0
240178.0,SAL YODADA,16200005,KILOGRAMO,7802.0,4759.0,6579.0,4013.0
240178.0,CARNE DE RES,21111002,KILOGRAMO,53989.0,1160804.0,53950.0,1159966.0
240178.0,CARNE DE CERDO,21113001,KILOGRAMO,55005.0,935092.0,54480.0,926167.0
240178.0,CARNE DE POLLO,21121000,KILOGRAMO,99785.0,1128560.0,99634.0,1126852.0
240178.0,TRIPA COLAGENO,21155,OTROS,34808.0,532624.0,34630.0,529908.0
240178.0,TAMIX SALCHICHA - MORTADELA,21184,KILOGRAMO,1373.0,24679.0,979.0,17600.0
240178.0,ACEITE,21691009,LITRO,27924.0,209430.0,20596.0,154473.0
240178.0,CONDIMENTO SALCHICHA - MORTADELA,23929002,KILOGRAMO,1049.0,12508.0,974.0,11619.0
240178.0,FUNDAS,36320999,METRO (LINEAL),184398.0,396651.0,183189.0,394050.0
240178.0,VARIOS,99999994,VALOR,0.0,241653.0,0.0,246662.0
240383.0,MATERIAS PRIMAS,99999994,VALOR,0.0,5815482.0,0.0,4205869.1248227125
240383.0,ENVASES Y EMBALAJES,99999994,VALOR,0.0,1717603.0,0.0,3320088.8751772875
252601.0,"MADERA, VIGA, VENESTAS",31,PIEZA,12925.0,562252.0,10883.0,473426.0
252601.0,SIKA,35499026,LITRO,10508.0,67038.0,8680.0,55377.0
252601.0,LADRILLOS,37350002,PIEZA,395852.0,344391.0,392982.0,341895.0
252601.0,CERÁMICAS Y RANDAS,37370,METRO CUADRADO,9777.0,647552.0,9362.0,620019.0
252601.0,CEMENTO,37440001,PIEZA,20043.0,969094.0,19347.0,935442.0
252601.0,HORMIGON,37510002,METRO CÚBICO,2698.0,1877759.0,2698.0,1877759.0
252601.0,FIERRO,41261005,TONELADA MÉTRICA,390.0,2032469.0,383.0,1994573.0
252601.0,CALAMINAS,42190015,PIEZA,57.0,2558.0,30.0,1342.0
252601.0,"ALAMBRE, CLAVOS",4294,KILOGRAMO,8400.0,71398.0,8100.0,68850.0
252601.0,"CHAPAS, ALDABAS, BISAGRAS",99999993,PIEZA,529.0,66095.0,529.0,66095.0
252601.0,MATERIAL PARA INSTALACIÓN SANITARIA,99999994,PIEZA,3607.0,901695.0,2457.0,614221.0
252601.0,MATERIAL PARA CARPINTERÍA METÁLICA,99999994,PIEZA,378.0,45318.0,188.0,22529.0
252642.0,MATERIAL DECONSTRUCCION,99999994,VALOR,0.0,2301318.0,0.0,2301318.0
259653.0,CORDON,27310002,METRO (LINEAL),9100.0,11554.0,7300.0,9263.0
259653.0,LONA,27997006,METRO (LINEAL),13842.0,218892.0,13700.0,215478.0
259653.0,PLANCHA TRUPAN,31441000,UNIDAD,24.0,5688.0,24.0,5688.0
259653.0,PLANCHA DE FOAM,34790015,UNIDAD,183.0,21484.0,176.0,20535.0
259653.0,PINTURAS,35110,LITRO,210.0,8506.0,80.0,3240.0
259653.0,TINTA,35130,LITRO,959.0,162594.0,959.0,162594.0
259653.0,PLANCHA DE ACRILICO,36330001,UNIDAD,43.0,22414.0,35.0,18713.0
259653.0,ADHESIVO,36920,METRO (LINEAL),6250.0,122543.0,5900.0,113065.0
259653.0,PLANCHA GALVANIZADAS,41212001,UNIDAD,1000.0,33974.0,1000.0,33974.0
259653.0,TUBO METALICO,41283002,UNIDAD,4936.0,123663.0,4092.0,101035.0
259653.0,ELECTRODO,42950001,KILOGRAMO,480.0,8915.0,240.0,4440.0
259653.0,TRANSFORMADOR,46121,UNIDAD,1.0,11139.0,1.0,10136.49
259653.0,REACTANCIA,46212999,UNIDAD,3000.0,28710.0,2785.0,26628.0
259653.0,TUBO FLUORESCENTES,46510003,UNIDAD,2925.0,13023.0,2188.0,11308.0
259653.0,LEDS,46510999,UNIDAD,6000.0,29145.0,3954.0,19581.0
259653.0,OTROS MATERIALES,99999994,VALOR,0.0,774965.0,0.0,775222.15
263302.0,MATERIAS PRIMAS VARIAS,99999994,VALOR,0.0,80840173.0,0.0,75147079.0
265024.0,POSTES,37560004,UNIDAD,150.0,255000.0,161.90944605266853,275246.0582895365
265024.0,CABLE DE COBRE,46340001,METRO (LINEAL),1000.0,27000.0,1079.3963070177904,29143.700289480337
265024.0,CABLE DE ALUMINIO DUPLEX,46340001,METRO (LINEAL),5000.0,54450.0,5396.981535088951,58773.12891711868
265024.0,CABLE ROJO Y NEGRO 7 HILOS,46340999,METRO (LINEAL),100.0,80000.0,107.93963070177902,86351.70456142322
265024.0,CABLE EPRONAX,46340999,METRO (LINEAL),150.0,10522.0,161.90944605266856,11357.40794244119
265557.0,VARIOS,99999994,VALOR,0.0,3168898.6433932907,0.0,3168898.6433932907
265598.0,MAIZ,01122001,QUINTAL,50.0,15225.0,53.0,16138.5
265598.0,SAL DE FLAVACOL,16200005,KILOGRAMO,0.0,0.0,102.25,2059.75
265598.0,MANTEQUILLA DE COCO,21700999,KILOGRAMO,0.0,0.0,838.42,38494.06
265598.0,VASOS,36940004,PIEZA,11000.0,6061.71,11718.0,6444.9
265598.0,OTROS,99999994,VALOR,0.0,244219.0,0.0,240656.79
265762.0,VARIOS,99999994,VALOR,0.0,0.0,0.0,873998.0
265844.0,SOBRES TÉ CON CANELA,32152002,KILOGRAMO,62660.0,1266009.0,65009.0,1313469.1841844877
265844.0,SOBRES TÉ SIN CANELA,32152002,KILOGRAMO,10934.0,230964.0,11322.0,239159.90561551126
265844.0,SOBRES TÉ CANELA Y CLAVO,32152002,KILOGRAMO,42135.0,824360.0,28290.0,553486.2798148808
265844.0,SOBRES MANZANILLA,32152002,KILOGRAMO,14594.0,313186.0,15591.0,334581.5352884747
265844.0,SOBRES TRIMATE,32152002,KILOGRAMO,17479.0,352948.0,13128.0,265089.6129069169
265844.0,SOBRES COCA,32152002,KILOGRAMO,11705.0,240776.0,11037.0,227035.0031610423
265844.0,SOBRES ANÍS,32152002,KILOGRAMO,8553.0,192725.0,9101.0,205073.10008184263
265844.0,SOBRES LAMINADOS TÉ VERDE,32152002,KILOGRAMO,3509.0,167936.0,1999.0,95669.43972641778
265844.0,CAJAS TÉ CON CANELA C/S 50/1,32153004,PIEZA,223030.0,130005.0,194112.0,113148.0
265844.0,CAJAS TÉ CON CANELA S/S 20/1,32153004,PIEZA,861900.0,157473.0,789325.0,144213.0
265844.0,CAJAS TÉ SIN CANELA C/S 50/1,32153004,PIEZA,71860.0,41887.0,86638.0,50501.0
265844.0,CAJAS TÉ SIN CANELA S/S 20/1,32153004,PIEZA,158200.0,28903.0,172920.0,31593.0
265844.0,CAJAS TU MIX TÉ C/S 100/1,32153004,PIEZA,16020.0,13798.0,32896.0,28333.0
265844.0,CAJAS TÉ VERDE S.LAMINADO 20/1,32153004,PIEZA,80750.0,32316.0,63000.0,25213.0
265844.0,CAJAS TRIMATE C/S 100/1,32153004,PIEZA,63320.0,49580.0,72128.0,56476.0
265844.0,ETIQUETAS TE GENÉRICO,32197002,KILOGRAMO,25661.0,723051.0,23001.0,648100.0760297729
265844.0,ETIQUETAS MANZANILLA,32197002,KILOGRAMO,5350.0,149747.0,7640.0,213844.31401869157
265844.0,ETIQUETAS TRIMATE,32197002,KILOGRAMO,4528.0,126510.0,5314.0,148470.43727915193
265844.0,ETIQUETAS COCA,32197002,KILOGRAMO,2056.0,55971.0,3440.0,93647.9766536965
265844.0,ETIQUETAS ANÍS,32197002,KILOGRAMO,1917.0,54381.0,3131.0,88819.46322378717
265844.0,OTROS MATERIALES KG,99999994,KILOGRAMO,779222.0,21404785.0,669072.0,19081245.0
265844.0,OTROS MATERIALES PZA,99999994,PIEZA,6593457.0,2905611.0,6771967.0,3432382.0
267115.0,UVA,01330001,QUINTAL,150722.0,25076728.0,150722.0,25076728.0
267115.0,AZUCAR,23520001,PIEZA,25638.0,3080381.0,25638.0,3080381.0
267115.0,CAJAS-,32153001,UNIDAD,1106434.0,1989728.0,1094563.0,1769248.0
267115.0,ETIQUETAS,32197002,UNIDAD,220830.0,102618.0,220830.0,102618.0
267115.0,TAPAS,36490007,UNIDAD,3648163.0,3407710.0,3539652.0,3545094.0
267115.0,CAPSULAS,36490020,UNIDAD,860000.0,223495.0,149259.0,38789.0
267115.0,BOTELLAS,37191007,UNIDAD,4003720.0,10547414.0,3805801.0,10483467.0
267730.0,VARIOS,99999994,VALOR,0.0,3656763.279992233,0.0,2966019.279992233
268058.0,VARIOS,99999994,VALOR,0.0,1279463.714214934,0.0,1277347.714214934
268140.0,BARRAS DE ACERO,41261004,KILOGRAMO,1263645.0,7628219.0,1427180.0,7979636.0
269370.0,FIBRA ACRILICA SINTETICA,26210,KILOGRAMO,1235816.0,24854948.0,1078457.0,21690116.210856635
269370.0,COLORANTES SINTETICOS,34310002,KILOGRAMO,10500.0,677355.0,10500.0,677355.0
269370.0,QUIMICOS Y SOLVENTES,99999993,KILOGRAMO,81080.0,1783060.0,78380.0,1723683.0
269411.0,TRONCAS,031,METRO CÚBICO,13717.0,8553388.0,6023.0,6479378.0
269411.0,LEÑA,0313,METRO CÚBICO,16717.0,3163582.0,16638.0,3146519.0
269411.0,INSECTICIDAS,34661,LITRO,720.0,11962.0,12.0,204.0
269411.0,COLA,35420015,LITRO,0.0,0.0,14427.0,112281.0
269411.0,CATALIZADORES,35499017,LITRO,3204.0,11711.0,214.0,782.0
269411.0,METALES,412,KILOGRAMO,962.0,103440.0,266.5,28652.0
269411.0,GRAMPAS DE JUNTADO DE ALMAS,42992001,KILOGRAMO,897.0,21877.0,27.5,659.0
269411.0,RODAMIENTOS DE RODILLOS,43310002,UNIDAD,678.0,186386.0,71.0,13448.0
269411.0,OTROS,99999994,KILOGRAMO,7355.0,677712.0,75.0,6911.0
269493.0,CUERO DE RES,02951,PIEZA,105120.0,8367880.0,105120.0,8367880.0
269493.0,QUÍMICOS SALCROMO,34330000,KILOGRAMO,190000.0,1553356.0,213111.0,1748757.0
269493.0,OTRAS MATERIAS PRIMAS,99999994,VALOR,0.0,3232469.0,0.0,3037068.0
269657.0,PAPEL FILTRO PROTECTOR,32136004,KILOGRAMO,6146.0,169935.0,12404.0,361110.0
269657.0,CAJAS DE CARTON,32153004,PIEZA,74932.0,265442.0,77438.0,270473.0
269657.0,RESINA,347,KILOGRAMO,186989.0,2837159.0,206237.0,3204929.0
269657.0,PLÁSTICOS Y ETIQUETAS,347,PIEZA,561640.0,131091.0,492525.0,131478.0
269657.0,PLASTISOLES,34730006,KILOGRAMO,8500.0,176779.0,7969.0,166921.0
269657.0,PINTURA,35110,LITRO,525.0,17643.0,439.0,14857.0
269657.0,"PEGAMENTOS, EMBALAJE",35420,PIEZA,10146.0,286066.0,11235.0,318237.0
269657.0,ADITIVOS ACELERANTES,35430003,KILOGRAMO,1640.0,56041.0,2435.0,90303.0
269657.0,SOLVENTES,35499025,LITRO,175836.0,663208.0,180416.0,690112.0
269657.0,ADITIVOS,35499031,LITRO,1052.0,44490.0,1605.0,61563.0
269657.0,CAUCHOS,36210000,KILOGRAMO,75539.0,564325.0,109872.0,822377.0
269657.0,GOMA ESPONJOSA,36220999,METRO (LINEAL),3094.0,14361.0,3207.0,14751.0
269657.0,"ABRASIVOS, DESMOLDANTES",37910008,PIEZA,6401.0,676930.0,6218.0,588980.0
269657.0,FLEJES PLANCHAS DE ACERO,41212001,KILOGRAMO,38924.0,286789.0,80161.0,576893.0
269657.0,COBRE Y LATON,41413002,KILOGRAMO,10217.0,580143.0,20121.0,1066635.0
269657.0,AVELLANADORAS,42922005,PIEZA,4871.0,402752.0,4751.0,393481.0
269657.0,MALLAS METALICAS,42943,METRO CUADRADO,180.0,2168.0,238.0,8743.0
269657.0,"PERNOS, TUERCAS, ACCESORIOS",42944,PIEZA,44.0,2161.0,470.0,4175.0
269657.0,RESORTES,42945003,PIEZA,60450.0,23582.0,62221.0,38236.0
269657.0,ACCESORIOS HIDRAULICOS,43251002,PIEZA,197.0,143634.0,214.0,157995.0
269657.0,RESISTENCIAS ELECTRICAS,47120000,PIEZA,236.0,73462.0,214.0,82203.0
269657.0,FIBRAS,99999994,KILOGRAMO,414956.0,2499898.0,418406.0,2671139.0
269657.0,CARGAS OXIDOS,99999994,KILOGRAMO,348446.0,950675.0,361117.0,1141527.0
269657.0,DISCIPANTES,99999994,KILOGRAMO,97102.0,1432718.0,109056.0,1438831.0
269657.0,RESPALDOS Y SEGUROS METALICOS,99999994,PIEZA,79820.0,347103.0,90279.0,413109.0
269657.0,METALES NO FERROSOS,99999994,KILOGRAMO,1677.0,192255.0,1668.0,188180.0
269657.0,EQUIPOS DE SEGURIDAD INDUSTRIAL,99999994,PIEZA,1246.0,40912.0,1326.0,45478.0
269657.0,"PUBLICIDAD, MATERIAL DE ESCRITORIO",99999994,PIEZA,317077.0,916512.0,309826.0,923015.0
269657.0,OTRAS MATERIAS PRIMAS,99999994,VALOR,0.0,4546660.0,0.0,4392905.0
269780.0,VARIOS,99999994,VALOR,0.0,0.0,0.0,53982.0
270641.0,CUERO VACUNO CON PELO,02951002,PIEZA,11.0,1519.0,11.0,1519.0
270641.0,CUERO VACUNO WET BLUE,29120006,PIEZA,48571.0,1765938.0,56960.0,3144408.0
270641.0,CUERO OSCARIA PARA CALZADO INDUSTRIAL,29120011,PIE CUADRADO,213932.0,2224893.0,226384.0,2354394.0
270641.0,CUERO VACUNO SECO SALADO,29120999,PIEZA,23833.0,1869760.0,22802.0,1821965.0
270641.0,CUERO VACUNO ENCALADO,29120999,PIEZA,2420.0,235988.0,2420.0,235988.0
270641.0,CUERO DE OVEJA WET BLUE,29130001,PIEZA,200.0,3174.0,400.0,6548.0
270641.0,CUERO DE CABRA SECO SALADO,29130002,PIEZA,5581.0,46032.0,5581.0,46032.0
270641.0,CUERO DE CABRA WET BLUE,29130002,PIEZA,5809.0,112723.0,5809.0,112723.0
270641.0,PLANTAS DE GOMA,29600003,PAR,36534.0,1112460.0,38661.0,1177228.0
270641.0,PASADORES,42944011,PAR,370802.0,370802.0,392379.0,392379.0
271092.0,ACEITES PARA TRAFOS,33380000,LITRO,5333.0,293818.0,6444.0,355027.0
271092.0,PINTURA EN POLVO,35110013,KILOGRAMO,5472.0,331669.0,5422.0,321368.0
271092.0,PLANCHA DE HIERRO LAMINADA EN FRÍO,41212001,TONELADA MÉTRICA,306.0,13459296.0,327.0,13431398.0
271092.0,PLANCHA DE HIERRO LAMINADA EN CALIENTE,41212001,TONELADA MÉTRICA,346.0,8539574.0,344.0,8454882.0
271092.0,ACERO SILICIO,41233,KILOGRAMO,222.0,10120.0,2130.0,97100.0
271092.0,HIERRO GRIS,4124,KILOGRAMO,1784.0,31517.0,7050.0,124548.0
271092.0,FIERRO REDONDO,41261001,TONELADA MÉTRICA,114.0,960263.0,100.0,960263.0
271092.0,ÁNODOS DE ZINC,41442999,KILOGRAMO,58798.0,1950278.0,59469.0,1880400.0
271092.0,COBRE,4151,KILOGRAMO,490.0,47761.0,443.0,43180.0
271461.0,"ENVASES, EMBALAJES y OTROS INSUMOS",99999994,VALOR,0.0,42884.0,0.0,42884.0
271584.0,MATERIA PRIMA (ARCILLA),15400,TONELADA MÉTRICA,10699.0,495190.0,12597.0,582991.0
271584.0,ENVASES Y EMBALAJES,31700,PIEZA,396263.0,596107.0,466557.0,1192509.0
271584.0,ESMALTES Y AGREGADOS,99999993,KILOGRAMO,244435.0,882409.0,385532.0,1391769.0
271584.0,MATERIALES AUXILIARES,99999994,VALOR,0.0,546757.0,0.0,546757.0
271625.0,ALGODON EN FARDO,26160001,KILOGRAMO,21974.0,263688.0,22679.0,272148.0
271625.0,HILO EN CONO TSM 30/1 ENATEX,26350000,KILOGRAMO,32535.0,976050.0,31865.0,955950.0
271625.0,HILO EN CONO 30/1,26350000,KILOGRAMO,2422.0,72023.0,3506.0,104258.0
271625.0,HILO EN CONO 30/1,26350000,KILOGRAMO,1452.0,49368.0,1452.0,49368.0
271625.0,SODA CAUSTICA,34231022,KILOGRAMO,1800.0,14668.0,1550.0,12648.0
271625.0,AGUA OXIGENADA,34280001,LITRO,2210.0,19890.0,2340.0,21060.0
271625.0,COMPLEXOLAN SECUESTRANTE DUREZA,35250999,KILOGRAMO,1096.0,33262.0,1072.0,32473.0
271625.0,DEFINDOL,35260002,KILOGRAMO,480.0,15496.0,462.0,14915.0
271625.0,BOLSAS COMPRESAS 5X5,35270005,PIEZA,309700.0,10205.0,268000.0,8831.0
271625.0,GENAPOL,35322,KILOGRAMO,355.0,9983.0,341.0,9590.0
271625.0,OTROS,99999994,KILOGRAMO,4839021.0,137338.0,2939890.0,90950.0
271912.0,CARNE DE RES,21111002,KILOGRAMO,356647.0,8916165.0,352674.0,8816852.0
271912.0,CARNE DE CERDO,21113001,KILOGRAMO,714964.0,12869354.0,711886.0,12813955.0
271912.0,CARNE DE POLLO,21121000,KILOGRAMO,325768.0,3322829.0,361823.0,3690594.0
271912.0,MATERIALES DIRECTOS,99999994,KILOGRAMO,777982.0,12058731.0,680560.0,10548675.0
271912.0,MATERIALES INDIRECTOS,99999994,PIEZA,32896.0,822399.0,21024.0,525591.0
272076.0,VARIOS,99999994,VALOR,0.0,0.0,0.0,20333.0
272240.0,CAJAS ETIQUETAS LOCAL,32153001,PIEZA,435992.0,500753.0,2599029.0,982335.0
272240.0,LAMINAS IMPORT,32192005,KILOGRAMO,17348.0,421887.0,24006.0,340443.0
272240.0,LAMINAS LOCAL,32192005,KILOGRAMO,2940.0,154399.0,325.0,17799.0
272240.0,"CERAS ALCOHOLES,GRASOS LOCAL",34139020,KILOGRAMO,131271.0,1607581.0,162954.0,1808761.0
272240.0,COLORANTES IMPORT.,34320006,KILOGRAMO,2203.0,914123.0,2079.0,775840.0
272240.0,COLORANTES LOCAL,34320006,KILOGRAMO,10000.0,43037.0,1024.0,74236.0
272240.0,EXTRACTOS IMPORT.,34320999,KILOGRAMO,5408.0,657435.0,3728.0,460971.0
272240.0,EXTRACTOS LOCAL,34320999,KILOGRAMO,0.0,3665.0,0.0,110752.0
272240.0,SUSTANCIAS ACTIVAS,34330000,KILOGRAMO,903.0,123652.0,1029.0,160727.0
272240.0,EMULSIONES IMPORT.,34790033,KILOGRAMO,21353.0,623821.0,24472.0,676212.0
272240.0,EMULSIONES LOCAL,34790033,KILOGRAMO,25.0,50542.0,5.0,9159.0
272240.0,PERFUMES IMPORT,35323019,KILOGRAMO,1955.0,540714.0,2145.0,597442.0
272240.0,ESTUCHE LOCAL,35323025,PIEZA,1729207.0,1006402.0,1989021.0,1016945.0
272240.0,PERFUMES LOCAL,35410003,KILOGRAMO,2104.0,363194.0,1884.0,306285.0
272240.0,TAPAS IMPORT.,36490007,PIEZA,1318578.0,1081475.0,1425368.0,1112049.0
272240.0,TAPAS LOCAL,36490007,PIEZA,3838610.0,1040816.0,3913494.0,1120902.0
272240.0,FRASCOS LOCAL,36490016,PIEZA,4402079.0,4384863.0,4465269.0,4506714.0
272240.0,"CERAS, ALCOHOLES, GRASOS",99999993,KILOGRAMO,23142.0,1024149.0,19157.0,612032.0
272240.0,MATERIALES AUXILIARES IMPORT.,99999994,KILOGRAMO,2260.0,177911.0,2722.0,141622.0
272240.0,VARIOS IMPORT,99999994,KILOGRAMO,28020.0,793419.0,22459.0,680103.0
272240.0,MATERIAL AUXILIAR LOCAL,99999994,KILOGRAMO,38073.0,375298.0,36753.0,376138.0
272240.0,SUSTANCIAS ACTIVAS LOCAL,99999994,KILOGRAMO,4703.0,416821.0,3934.0,312770.0
272240.0,VARIOS LOCAL,99999994,KILOGRAMO,33968.0,334578.0,29827.0,286574.0
272240.0,VARIOS LOCAL,99999994,PIEZA,5536457.0,1774352.0,4706115.0,1640968.0
272281.0,VARIOS,99999994,VALOR,0.0,2863682.0,0.0,2069871.0
272896.0,VARIOS,99999994,VALOR,0.0,4736353.115327838,0.0,4736353.115327838
273019.0,"PIEDRA DOLERITA GRANITO NEGRO, PIEDRA GRANITO IMPORTADO,CEMENTO PORTLAND,PIEDRA MARMOL NACIONAL",15120,KILOGRAMO,2226659.0,3602077.0,779331.0,1261009.0
273060.0,ARROZ,23161002,QUINTAL,7847.0,891590.35,6677.0,788975.35
273060.0,AZUCAR,23520001,QUINTAL,5540.37,981827.55,4342.41,774749.25
273060.0,LUPULO ESTRACTO,23999009,KILOGRAMO,0.0,0.0,350.6,141910.0
273060.0,MALTA IMPORTADA,24320999,QUINTAL,7902.18,1512769.22,4244.69,633438.34
273060.0,CAJAS DE CARTON PARA CERVEZA EN LATA,32153011,UNIDAD,83765.0,244953.64,70772.0,198293.18
273060.0,ETIQUETA YAPADITA 1250 CC RETORNABLE,32197002,OTROS,4460.06,159758.1,5568.06,213378.21
273060.0,ETIQUETAS POTOSINA PILSENER 1000 CC,32197002,OTROS,3907.75,136370.42,2880.29,100409.46
273060.0,ETIQUETAS POTOSINA PILSENER 620 C.C.,32197002,OTROS,2972.1,79332.41,3352.82,89611.85
273060.0,LATAS POTOSINA PILSENER 350 C.C.,42931002,OTROS,1219.52,960103.37,1027.28,828295.31
273060.0,TAPACORONAS POTOSINA PILSENER,42932001,OTROS,8957.96,442832.19,8316.15,408442.5
273060.0,OTRAS MATERIAS PRIMAS,99999994,VALOR,0.0,373592.75,0.0,1897853.5499999998
273552.0,EDULCORANTE,23210008,KILOGRAMO,4725.0,164428.0,2581.0,89831.0
273552.0,AZUCAR,23520001,KILOGRAMO,2538121.0,9162617.0,2921459.0,10546469.0
273552.0,ESENCIAS,23991002,KILOGRAMO,4215.0,601847.0,4496.0,534190.0
273552.0,COLORANTES,23999007,KILOGRAMO,524.0,37217.0,547.0,39505.0
273552.0,CONCENTRADO COCA COLA,23999012,UNIDAD,8561.0,8161141.0,6465.0,6163019.0
273552.0,CONCENTRADO COCA COLA ZERO,23999012,UNIDAD,250.0,467475.0,260.0,486043.0
273552.0,CONCENTRADO FANTA,23999012,UNIDAD,1224.0,1166778.0,498.0,474813.0
273552.0,CONCENTRADO SPRITE,23999012,UNIDAD,1347.0,1351643.0,234.0,223061.0
273552.0,CONCENTRADO FANTA PAPAYA,23999012,UNIDAD,1102.0,1158202.0,958.0,1006803.0
273552.0,CONCENTRADO COLA,23999012,LITRO,0.0,0.0,303.0,12889.0
273552.0,BENZOATO DE SODIO,34140009,KILOGRAMO,1093.0,26144.0,942.0,22531.0
273552.0,ACIDO CITRICO,34140023,KILOGRAMO,6301.0,59481.0,5764.0,54417.0
273552.0,CITRATO DE SODIO,34140025,KILOGRAMO,600.0,7049.0,778.0,9140.0
273552.0,GAS CARBONICO,34210004,KILOGRAMO,215687.0,778630.0,244296.0,881909.0
273552.0,OTROS,99999994,VALOR,0.0,18551399.0,0.0,20986902.0
273634.0,JAMON CARTEPLAN EN BARRA,21181003,KILOGRAMO,258.52,454444.34,253.45,445545.92
273634.0,ACEITE,21691009,PIEZA,3698.21,684427.24,3625.79,671025.55
273634.0,ACEITE CRISOL,21691009,ARROBA,114.9,218301.95,112.65,214027.41
273634.0,QUESO SANDWICH,22251001,KILOGRAMO,61254.0,1501943.27,60054.0,1472533.9
273634.0,QUESO MOZZARELLA,22251007,KILOGRAMO,47050.0,1153661.47,46129.0,1131071.76
273634.0,QUESO SARDO,22251999,CUARTILLA,876.08,521810.89,858.93,511593.37
273634.0,SOBRES PARA SUB MARINO,32152005,KILOGRAMO,7849.0,1074660.0,7695.0,1053617.21
273634.0,VASO PLASTICO P. JUGO,36940004,DOCENA,2592.0,1035301.09,2542.0,1015028.99
273634.0,"TRIANGULOS 24,3X28 CN",38350002,DOCENA,47050.0,1153661.47,46129.0,1131071.76
273634.0,"TRIANGULOS T.81,3 X 33,4 CN",38350002,DOCENA,71.81,1105871.72,70.4,1084217.78
273634.0,OTROS MATERIALES,99999994,VALOR,0.0,28799104.0,0.0,26663464.08
274536.0,"FIBRA ACRILICA, SINTETICA E HILOS SINTETICOS",26210,KILOGRAMO,482346.0,3702658.0,482346.0,3702658.0
274741.0,"VERDURAS, LEGUMBRES Y TUBERCULOS",012,UNIDAD,20866.61,99533.73,20481.11,97694.89
274741.0,FRUTAS,013,UNIDAD,19343.26,125537.76,19120.08,124089.32
274741.0,ABARROTES,2,KILOGRAMO,148009.43,140608.96,134733.25,127996.59
274741.0,ENLATADOS Y CONSERVAS,2,UNIDAD,4778.0,44626.52,4189.2,39127.13
274741.0,CARNES,211,KILOGRAMO,11181.68,257178.64,10836.13,249230.99
274741.0,EMBUTIDOS,21184,KILOGRAMO,2274.34,76690.74,2195.9,74045.75
274741.0,PESCADOS/MARISCOS,212,KILOGRAMO,4036.21,95859.99,3961.64,94088.95
274741.0,BEBIDAS ALCOHOLICAS,24,UNIDAD,5547.93,321724.46,4691.0,272031.09
274741.0,MATERIAL DE LIMPIEZA,99999994,UNIDAD,50426.0,273813.18,47793.2,259517.08
274741.0,MATERIAL DESECHABLE,99999994,UNIDAD,93918.0,71377.68,80342.0,61059.92
274741.0,MATERIAL DE ESCRITORIO,99999994,UNIDAD,9178.0,23128.56,6391.0,16105.32
275274.0,HUEVOS,02311000,PIEZA,974960.0,502729.0,993101.0,512083.0
275274.0,ACEITE DOMESTICO,21691009,LITRO,9197.0,61867.0,9210.0,61954.0
275274.0,HARINA TRIGAL,23110001,KILOGRAMO,303300.0,1213200.0,303300.0,1213200.0
275274.0,AZUCAR GRANULADA,23520001,KILOGRAMO,304920.0,1153546.0,205203.0,776306.0
275274.0,COBERTURA DE CHOCOLATE,23650002,KILOGRAMO,900.0,21985.0,436.0,10662.0
275274.0,ESENCIA DE VAINILLA,23991002,LITRO,762.0,79845.0,432.0,45278.0
275274.0,OTROS,99999994,VALOR,0.0,23826405.0,0.0,24583112.0
275438.0,PAPEL BON 75GR 67*87 CM BLANCO DE 250 PLIEGOS,32129001,OTROS,1352.0,106854.0,1090.4247490870673,86180.65542821708
275438.0,PAPEL BON 60GR 67*87CM,32129001,OTROS,1078.0,137013.0,869.4363014170552,110504.7086883627
275438.0,BOBINA PAPEL BOND 60GR 44*100X7.6,32129001,OTROS,77.0,104461.0,62.10259295836108,84250.63588342023
275848.0,INSUMOS VARIOS PARA LA CONSTRUCCIÓN,99999994,VALOR,0.0,55918180.0,0.0,55894595.0
275889.0,CEMENTO,37440001,TONELADA MÉTRICA,12000.0,11040000.0,11500.0,10580000.0
275889.0,OTROS MATERIALES,99999994,VALOR,0.0,16702887.0,0.0,16321858.0
276340.0,BENTONITA,15400004,KILOGRAMO,45208.0,117542.22,45208.0,117542.22
276340.0,CAÑERIAS Y FILTROS,36320001,METRO (LINEAL),1500.0,1339809.0,1500.0,1339809.0
276340.0,BOMBAS DE AGUA,43220,PIEZA,40.0,292724.0,40.0,292724.0
276340.0,EQUIPO DE RIEGO POR GOTEO,44150001,PIEZA,1.0,1433745.0,1.0,1433745.0
276340.0,TABLEROS  O PANELES ELÉCTRICOS DE CONTROL,46213001,PIEZA,26.0,233038.0,26.0,233038.0
276340.0,OXIGENO Y OTROS MATERIALES DE SOLDAR,99999993,KILOGRAMO,2004.0,6014.0,2004.0,6014.0
276381.0,MADERA,3110,TRONCA,5123.0,35032615.0,5023.0,34348784.91996877
276381.0,OTRAS MATERIAS PRIMAS,99999994,VALOR,0.0,8404271.0,0.0,9038909.62265597
277283.0,HARINA DE TRIGO,23110001,QUINTAL,42839.0,6854360.0,43053.95873662895,6888754.0
277365.0,SAL M 80X40,16200009,KILOGRAMO,3200.0,3340.8,3200.0,3340.8
277365.0,CARNE DE CERDO VIVO,21113001,KILOGRAMO,31500.0,412188.6,31500.0,412188.6
277365.0,TRIPA COLAGENO,21189999,METRO (LINEAL),73152.0,73188.58,72771.0,72807.38
277365.0,TRIPA SINTETICA,21189999,METRO (LINEAL),11880.0,41342.4,11830.0,41168.4
277365.0,SOLUBLE PIMIENTA BC,23921999,KILOGRAMO,100.0,3388.0,94.0,3184.72
277365.0,SOLUBLE NUEZ MOSCADA,23923999,KILOGRAMO,100.0,3101.0,95.0,2945.95
277365.0,TAMIX 800,23999999,KILOGRAMO,100.0,6431.0,94.0,6045.14
277365.0,TAMIX 500,23999999,KILOGRAMO,120.0,5236.8,112.0,4887.68
277365.0,TAMIX MORTADELA,23999999,KILOGRAMO,100.0,4938.0,98.0,4839.24
277365.0,BOLSA  SALAME,36410003,UNIDAD,3000.0,14190.0,2953.0,13967.69
277365.0,OTROS,99999994,VALOR,0.0,2270059.91,0.0,2276599.99
277488.0,SABANAS,27120001,PIEZA,300.0,22968.0,100.0,7656.0
277488.0,FUNDAS,27120002,PIEZA,600.0,16704.0,200.0,5568.0
277488.0,TOALLA,27120007,PIEZA,300.0,31320.0,100.0,10440.0
277488.0,OTROS MATERIALES,99999994,VALOR,0.0,621958.0,0.0,689857.14
277570.0,BEBIDAS,24,OTROS,1524.0,18295.0,1524.0,18295.0
277570.0,PRODUCTOS DE ALMACEN RESTAURANT,99999994,OTROS,27490.0,329890.0,27490.0,329890.0
277570.0,PRODUCTOS DE LIMPIEZA,99999994,OTROS,13064.0,156773.0,13064.0,156773.0
277570.0,MATERIAL PISCINA,99999994,VALOR,0.0,26294.0,0.0,26294.0
277570.0,MATERIAL FERRETERIA,99999994,VALOR,0.0,37038.0,0.0,37038.0
278800.0,BOLA DE LOMO,21111002,KILOGRAMO,1200.0,66000.0,1069.237481470579,58808.06148088184
278800.0,POLLO,21121000,KILOGRAMO,851.0,12765.0,758.2675806095523,11374.013709143284
278800.0,MORTADELA,21184011,KILOGRAMO,250.0,10000.0,222.75780863970394,8910.312345588158
278800.0,ACEITE,21691009,LITRO,780.0,8360.0,695.0043629558764,7449.021120911701
278800.0,QUESO,22251001,KILOGRAMO,780.0,27300.0,695.0043629558763,24325.15270345567
278800.0,HUARI,24310001,LITRO,1980.0,21780.0,1764.2418444264551,19406.660288691008
278800.0,COCA COLA,24490001,LITRO,1794.0,17940.0,1598.5100347985156,15985.100347985155
278800.0,TOALLAS DE MANO,27120007,UNIDAD,260.0,6240.0,231.66812098529212,5560.034903647011
278800.0,PAPEL HIGIENICO,32193002,UNIDAD,5033.0,11072.0,4484.56020353452,9865.497829035208
278800.0,LAVAVAJILLA,35322002,LITRO,798.0,8781.0,711.042925177935,7824.145270660962
279087.0,INSUMOS VARIOS,99999994,VALOR,0.0,0.0,0.0,7168688.0
279333.0,PINTURA,35110,VALOR,0.0,1650622.0,0.0,1650622.0
279333.0,MATERIALES HIDROSANITARIOS,37210,VALOR,0.0,7762926.0,0.0,7762926.0
279333.0,LADRILLOS,37350002,VALOR,0.0,487822.0,0.0,487822.0
279333.0,CERAMICA,37370,VALOR,0.0,1716804.0,0.0,1716804.0
279333.0,ESTUCO Y CAL,37420004,VALOR,0.0,2014543.0,0.0,2014543.0
279333.0,CEMENTO,37440001,VALOR,0.0,2098893.0,0.0,2098893.0
279333.0,FIERRO DE CONSTRUCCION,41261005,VALOR,0.0,5508102.0,0.0,5508102.0
279333.0,ALUMINIO,41532,VALOR,0.0,3797255.0,0.0,3797255.0
279333.0,"MATERIAL ELECTRICO (CABLES, TABLEROS DE DISTRIBUCION, GRUPO ELECTROGENO, ETC.)",99999993,VALOR,0.0,8240486.0,0.0,8240486.0
279333.0,OTROS,99999994,VALOR,0.0,7289069.0,0.0,7289069.0
280235.0,CEMENTO,37440001,UNIDAD,3430.0,174948.0,3430.0,174948.0
280235.0,FIERROS,41261005,OTROS,165.0,1155867.0,165.0,1155867.0
280235.0,OTRO MATERIALES DE CONSTRUCCIÓN,99999994,VALOR,0.0,16284723.0,0.0,3517248.0
281383.0,VARIOS,99999994,VALOR,0.0,1833848.410658457,0.0,667297.4106584571
281957.0,GASOLINA,33311000,LITRO,9641.0,32764.0,9733.0,32992.0
281957.0,ACEITE DELGADO 20/50,33380000,LITRO,830.0,16398.0,990.0,21258.0
281957.0,ACEITE PREPARADO,33380000,KILOGRAMO,1300.0,24883.0,1532.0,29270.0
281957.0,VASELINA LIQUIDA,33380000,MILILITRO,190.0,9608.0,225.0,9259.0
281957.0,TRAPO,39218001,KILOGRAMO,5489.0,48639.0,5511.0,47926.0
281957.0,ASCENSOR,43540001,PIEZA,28.0,4943102.0,28.0,4943102.0
281957.0,FUENTE INTERCOMUNICADOS,43570004,PIEZA,9.0,7439.0,6.0,5943.0
281957.0,SISTEMA SINTETIZADOR DE VOZ,43570004,PIEZA,3.0,13957.0,1.0,4652.0
281957.0,SENSOR TIPO U POLARIZADO,43570004,PIEZA,110.0,21633.0,34.0,6979.0
281957.0,TARJETA MCB -W,43570004,PIEZA,5.0,17283.0,1.0,3904.0
281957.0,SENSOR TIPO U ABIERTO,43570004,PIEZA,60.0,21747.0,20.0,7230.0
281957.0,DRIVE OFB,43570004,PIEZA,4.0,47639.0,2.0,25903.0
281957.0,TARJETA LCBII,43570004,PIEZA,24.0,47725.0,14.0,27837.0
281957.0,LAMDA LC,43570004,PIEZA,45.0,37991.0,44.0,37159.0
281957.0,INDICADOR,43570004,PIEZA,2.0,29892.0,2.0,29892.0
281957.0,OTROS,99999994,VALOR,0.0,2158488.0,0.0,2132589.0
282285.0,ARCILLA,15400,TONELADA MÉTRICA,223635.0,7966828.0,223635.0,7966828.0
283146.0,CAJAS DE CARTON,32153004,PIEZA,31504.0,81009.0,38412.0,98972.0
283146.0,ETIQUETAS PARA ALAMBRE AMARRE,32197002,PIEZA,10000.0,957.0,12302.0,1142.0
283146.0,ETIQUETAS CLAVOS,32197002,PIEZA,6000.0,1262.0,42475.0,3276.0
283146.0,ETIQUETAS PARA TREFILADO HUMEDO,32197002,PIEZA,30000.0,2610.0,12648.0,1005.0
283146.0,OXIDO DE ZINC,34220001,KILOGRAMO,100.0,4009.0,26.0,1102.0
283146.0,HIDROXIDO DE SODIO,34231022,KILOGRAMO,50.0,392.0,47.0,366.0
283146.0,ACIDO NITRICO,34233001,KILOGRAMO,105.0,731.0,81.0,604.0
283146.0,CIANUTO DE SODIO,34270001,KILOGRAMO,200.0,5220.0,79.0,2806.0
283146.0,DECRUST B,35333008,KILOGRAMO,440.0,17800.0,461.0,18643.0
283146.0,ABRILLANTADOR HT,35333008,KILOGRAMO,20.0,1324.0,13.0,859.0
283146.0,DESENGRASANTE BASICO H2D2,35499022,KILOGRAMO,220.0,10910.0,256.0,12631.0
283146.0,BOLSAS DE POLIETILENO,36410,PIEZA,860000.0,116836.0,868805.0,120205.0
283146.0,BOLSAS DE POLIPROPILENO,36410,PIEZA,640.0,1113.0,1956.0,3750.0
283146.0,PRESCINTOS PARA MALLAS,36920999,PIEZA,20000.0,33290.0,18692.0,28155.0
283146.0,ALAMBRON,41241001,KILOGRAMO,1214808.0,5278163.0,1297457.0,5631827.0
283146.0,ALAMBRE GALVANIZADO BWG,41263002,KILOGRAMO,149910.0,1205097.0,123654.0,994030.1810286172
283146.0,TRACTONAL,99999994,KILOGRAMO,1080.0,33575.0,350.0,10880.787037037036
283146.0,OTROS,99999994,VALOR,0.0,7405.0,0.0,19711.0
283843.0,TRIGO,01112001,TONELADA MÉTRICA,1627.0,3099376.0,1550.0,2952694.0
283843.0,MEJORADOR,23999999,GRAMO,150000.0,4437.0,22630.0,669.0
283843.0,ENVASES,36410003,UNIDAD,35000.0,68730.0,72523.0,142227.0
283843.0,EMBALAJES,99999994,KILOGRAMO,2015.0,74819.0,1164.0,43220.0
284663.0,OTROS MATERIALES,99999994,VALOR,0.0,104281.0,0.0,104281.0
284950.0,MATERIAL DE CONSTRUCCIÓN,99999994,VALOR,0.0,557491.6883988543,0.0,557492.6883988543
285401.0,CEREALES,011,KILOGRAMO,48202.0,964030.0,48202.0,964030.0
285401.0,CARNES,211,KILOGRAMO,167828.0,6713107.0,167828.0,6713107.0
285401.0,OTROS MATERIALES,99999994,VALOR,0.0,13408773.0,0.0,13485190.0
286221.0,PAPEL DE SEGURIDAD,32129013,KILOGRAMO,79157.0,1016640.0,85417.0,1097039.2874919465
286221.0,OTRAS MATERIAS PRIMAS,99999994,VALOR,0.0,1227419.0457224,0.0,1227419.0457224
286795.0,ARENILLA,15310002,METRO CÚBICO,1710.0,179550.0,1710.0,1795550.0
286795.0,ARENA FINA,15310002,METRO CÚBICO,102.0,8160.0,102.0,8160.0
286795.0,RIPIO,15320,METRO CÚBICO,628.0,116180.0,628.0,116180.0
286795.0,PIEDRAS,15320002,METRO CÚBICO,1638.0,303030.0,1638.0,303030.0
286795.0,CEMENTO,37440001,UNIDAD,8878.0,399510.0,7019.0,315855.0
286795.0,OTROS MATERIALES,99999994,VALOR,0.0,1108858.0,0.0,225926.0
286795.0,OTROS MATERIALES,99999994,VALOR,0.0,49072721.0,0.0,48230052.0
288763.0,AGREGADOS,153,PIE CÚBICO,2589.0,1397024.0,2547.0,1395035.0
288763.0,TUBERIAS,36320001,BARRA,2345.0,3492560.0,2165.0,3492337.0
288763.0,CEMENTO,37440001,UNIDAD,46567.0,2794048.0,46258.0,2775480.0
288763.0,FIERROS,41261005,BARRA,103251.0,4191072.0,103154.0,4190148.0
288763.0,OTROS INSUMOS PARA LA CONSTRUCCIÓN,99999994,VALOR,0.0,2095534.0,0.0,2091624.0
288886.0,PAÑO,27190001,OTROS,8994.0,341777.0,8800.0,334400.0
288886.0,PAPEL HIGIENICO,32193002,OTROS,220806.0,9073103.0,216040.0,8877262.0
288886.0,PAPEL TOALLA,32193004,OTROS,540.0,471675.0,528.0,461494.0
288886.0,SERVILLETA,32193005,OTROS,24554.0,1143210.0,24024.0,1118534.0
288886.0,BAYGON,34661,OTROS,68445.0,1347099.0,66968.0,1318023.0
288886.0,DETERGENTE,35322,OTROS,345976.0,18441046.0,338508.0,18043000.0
288886.0,AMBIENTADOR,35331003,OTROS,36527.0,771789.0,35739.0,755130.0
288886.0,PASTILLAS PARA BAÑO,35331004,OTROS,44971.0,148403.0,44000.0,145200.0
288886.0,ESCOBA,38993001,OTROS,3575.0,222065.0,3498.0,217272.0
288886.0,BH CLASICO,99999994,OTROS,6746.0,465447.0,6600.0,445400.0
288886.0,VARIOS,99999994,VALOR,0.0,2094019.0,0.0,2838712.0
291838.0,ACEITE PALMA 49.5% SATURADOS 120PPM TBHQ,21651000,KILOGRAMO,1906920.0,22235571.0,1861377.0,18879912.0
291838.0,HARINA DE TRIGO GALLETERA,23110001,KILOGRAMO,10478086.0,4854802.0,10075219.0,26354633.0
291838.0,HARINA DE TRIGO MEDIA,23110001,KILOGRAMO,4066047.0,7257318.0,3967329.0,11938626.0
291838.0,AZUCAR CRISTAL,23520001,KILOGRAMO,5823108.0,22858233.0,5779634.0,19729886.0
291838.0,CAJA GALLETITAS  VARIAS 30X100G (L6),32153004,UNIDAD,1147343.0,2360948.0,1148923.0,2370130.0
291838.0,OTRAS MATERIAS PRIMAS,99999994,VALOR,0.0,86443821.0,0.0,72409428.0
292248.0,COMPRA DE CARPETAS PARA IMPORTACION,32700005,PIEZA,1529.0,137728.0,1529.0,137728.0
292740.0,INSUMOS VARIOS,99999994,VALOR,0.0,702798.0,0.0,702798.0
293273.0,EDULCORANTE,23210008,KILOGRAMO,552.0,39578.0,350.0,27698.0
293273.0,AZUCAR,23520001,KILOGRAMO,376694.0,1499557.0,378005.0,1507423.0
293273.0,ESENCIA DE KINOTTO,23991002,KILOGRAMO,3016.0,266906.0,2005.0,180837.0
293273.0,ESENCIA DE NARANJA,23991002,KILOGRAMO,1400.0,124585.0,1050.0,90168.0
293273.0,ESENCIA DE FRUTILLA,23991002,KILOGRAMO,150.0,50341.0,102.0,33197.0
293273.0,ESENCIA LIMA LIMÓN,23991002,KILOGRAMO,125.0,41648.0,107.0,34668.0
293273.0,ESENCIA DE PIÑA,23991002,KILOGRAMO,150.0,47263.0,125.0,38300.0
293273.0,ESENCIA POMELO,23991002,KILOGRAMO,350.0,45907.0,275.0,36836.0
293273.0,ESENCIA GINGER ALE,23991002,KILOGRAMO,0.0,0.0,40.0,7081.0
293273.0,ESENCIA DURAZNO,23991002,KILOGRAMO,25.0,7327.0,25.0,7327.0
293273.0,ESENCIA DE PAPAYA,23999012,KILOGRAMO,950.0,251583.0,781.0,185464.0
293273.0,ENTURBIANTE LIQUIDO,23999023,KILOGRAMO,10.0,479.0,60.0,3015.0
293273.0,ETIQUETAS DE PAPEL,32197002,OTROS,404000.0,9377.0,245251.0,6442.0
293273.0,ETIQUETAS 2 1/2  LITROS,32197002,OTROS,425400.0,47985.0,141185.0,14612.0
293273.0,ETIQUETAS 2 LITROS,32197002,OTROS,2137100.0,185476.0,1550708.0,114710.0
293273.0,ETIQUETAS 600 CC.,32197002,OTROS,339500.0,15156.0,432623.0,20326.0
293273.0,ETIQUETAS 330 CC.,32197002,OTROS,1138500.0,29365.0,1038628.0,21613.0
293273.0,ETIQUETAS BOTELLON 20 LIT.,32197002,PIEZA,337.0,1289.0,289.0,954.0
293273.0,BENZOATO DE SODIO,34140009,KILOGRAMO,942.0,15605.0,802.0,15960.0
293273.0,ACIDO CÍTRICO,34140023,KILOGRAMO,5900.0,70208.0,6005.0,68182.0
293273.0,CITRATO DE SODIO,34140999,KILOGRAMO,25.0,302.0,185.0,1888.0
293273.0,GAS CARBÓNICO,34210004,KILOGRAMO,27500.0,171062.0,28825.0,174541.0
293273.0,CLORO,34231005,KILOGRAMO,45.0,1523.0,45.0,1523.0
293273.0,SODA CAUSTICA,34231022,KILOGRAMO,2000.0,16484.0,1900.0,14785.0
293273.0,ACIDO FOSFÓRICO,34232000,KILOGRAMO,133.0,1537.0,892.0,10030.0
293273.0,COLOR TARTRAZINE,34320009,KILOGRAMO,125.0,6622.0,125.0,6509.0
293273.0,COLOR AMARANTO,34320999,KILOGRAMO,16.0,1365.0,20.0,1670.0
293273.0,COLOR NARANJA SUNSET,34320999,KILOGRAMO,3.0,209.0,3.0,209.0
293273.0,AMONIACO ANHIDRO,34651000,KILOGRAMO,390.0,47418.0,90.0,10652.0
293273.0,CARBOXIL METIL CELULOSA,34790003,KILOGRAMO,4.0,195.0,18.0,833.0
293273.0,ACIDO ASCÓRBICO,35250001,KILOGRAMO,0.0,0.0,20.0,1135.0
293273.0,CAFEINA ANHIDRA,35250999,KILOGRAMO,30.0,4350.0,30.0,4350.0
293273.0,TERMOCONTRAIBLE,36410007,KILOGRAMO,7932.0,166052.0,5118.0,103721.0
293273.0,SACHETS JUGOS 180 CC.,36490001,OTROS,197165.0,26048.0,122551.0,14283.0
293273.0,TAPAS PLÁSTICAS,36490007,OTROS,2560000.0,228498.0,2633887.0,229291.0
293273.0,TAPAS PARA BOTELLON,36490007,PIEZA,4000.0,853.0,3393.0,2165.0
293273.0,PREFORMAS,36490998,PIEZA,3703000.0,1493138.0,3061108.0,1362953.0
293273.0,TAPAS CORONA,42932001,OTROS,2538233.0,104513.0,1783904.0,66038.0
293273.0,OTROS MATERIALES,99999994,VALOR,0.0,815.0,0.0,198.84317375738203
293560.0,TRIGO,01112001,KILOGRAMO,59949492.0,99596915.0,65807500.0,115755890.0
293560.0,ENVASES,36490001,KILOGRAMO,15942180.0,10679308.0,14021841.0,10659579.0
293560.0,INSUMOS DE PRODUCCION,99999994,KILOGRAMO,55351.0,1407845.0,53358.0,1292220.0
293642.0,MATERIALES DE CONSTRUCCIÓN  DE OBRA GRUESA  (OBRA UNO),99999994,VALOR,0.0,7912.0,0.0,7912.0
293642.0,MATERIALES DE CONSTRUCCIÓN DE OBRA GRUESA (OBRA DOS),99999994,VALOR,0.0,693845.0,0.0,693845.0
293642.0,MATERIALES DE CONSTRUCCIÓN DE OBRA GRUESA (OBRA TRES),99999994,VALOR,0.0,253400.0,0.0,253400.0
293642.0,MATERIALES DE CONSTRUCCIÓN DE OBRA GRUESA (OBRA CUATRO),99999994,VALOR,0.0,993508.0,0.0,993508.0
293642.0,MATERIALES DE CONSTRUCCIÓN DE OBRA GRUESA (OBRA CINCO),99999994,VALOR,0.0,355587.0,0.0,355587.0
293642.0,MATERIALES DE CONSTRUCCIÓN DE OBRA FINA (OBRA UNO),99999994,VALOR,0.0,11141.0,0.0,11141.0
293642.0,MATERIALES DE CONSTRUCCIÓN DE OBRA FINA (OBRA DOS),99999994,VALOR,0.0,549311.0,0.0,549311.0
293642.0,MATERIALES DE CONSTRUCCIÓN DE OBRA FINA (OBRA TRES),99999994,VALOR,0.0,1285.0,0.0,1285.0
293642.0,MATERIALES DE CONSTRUCCIÓN DE OBRA FINA (OBRA CUATRO),99999994,VALOR,0.0,55591.0,0.0,55591.0
294913.0,AGREGADOS,153,VALOR,0.0,577165.0,0.0,577165.0
294913.0,MADERA,31330,VALOR,0.0,263307.0,0.0,263307.0
294913.0,PUERTAS,31600003,VALOR,0.0,363855.0,0.0,363855.0
294913.0,PINTURA,35110,VALOR,0.0,148683.0,0.0,148683.0
294913.0,ADITIVOS,35499026,VALOR,0.0,476194.0,0.0,476194.0
294913.0,VIDRIOS,37112001,VALOR,0.0,2975666.0,0.0,2975666.0
294913.0,LADRILLO,37350002,VALOR,0.0,298940.0,0.0,298940.0
294913.0,BOTAGUAS,37350006,UNIDAD,1.0,107489.0,1.0,107489.0
294913.0,CERÁMICA,37370,VALOR,0.0,977990.0,0.0,977990.0
294913.0,REVESTIMIENTOS,37370,VALOR,0.0,753097.0,0.0,753097.0
294913.0,CEMENTO,37440001,VALOR,0.0,1213419.0,0.0,1213419.0
294913.0,HORMIGON,37510002,UNIDAD,1.0,4058267.0,1.0,4058267.0
294913.0,ACERO,412,VALOR,0.0,6056574.0,0.0,6056574.0
294913.0,PERFILES,41262002,UNIDAD,1.0,626386.0,1.0,626386.0
294913.0,ESTRUCTURAS METÁLICAS,42190007,UNIDAD,1.0,19668899.0,1.0,19668899.0
294913.0,CIELOS FALSOS,42190020,UNIDAD,1.0,2975666.0,1.0,2975666.0
294913.0,CALDEROS,42320001,UNIDAD,1.0,1680804.0,1.0,1680804.0
294913.0,ASCENSORES,43540001,UNIDAD,1.0,316097.0,1.0,316097.0
294913.0,MATERIALES VARIOS,99999994,VALOR,0.0,2093559.0,0.0,2093559.0
294913.0,MATERIAL ELÉCTRICO,99999994,VALOR,0.0,1870988.0,0.0,1870988.0
294913.0,MATERIAL PLOMERÍA,99999994,VALOR,0.0,376620.0,0.0,376620.0
294913.0,PISOS,99999994,UNIDAD,1.0,131888.0,1.0,131888.0
294913.0,MATERIAL SANITARIO,99999994,VALOR,0.0,113320.0,0.0,113320.0
294913.0,OTROS MENORES,99999994,VALOR,0.0,48507.0,0.0,48507.0
295077.0,MATERIALES DE CONSTRUCCION,99999994,VALOR,0.0,5208394.0,0.0,5087444.0
295774.0,ESTUCHES,32153005,UNIDAD,343363.0,183457.0,379530.0,162801.0
295774.0,ETIQUETAS,32197002,UNIDAD,42500.0,19066.0,36704.0,14939.0
295774.0,VASELINAS,33500,KILOGRAMO,31200.0,724518.0,23388.0,597861.0
295774.0,PRINCIPIOS ACTIVOS,35260,KILOGRAMO,6201.0,172799.0,8962.0,265921.0
295774.0,ACEITES ESENCIALES,35410004,KILOGRAMO,4180.0,917179.0,4840.0,1016855.0
295774.0,REACTIVOS,35440999,KILOGRAMO,0.0,0.0,11.0,3705.0
295774.0,EXCIPIENTES SOLIDOS,35499031,KILOGRAMO,9394.0,144247.0,9512.0,155525.0
295774.0,EXCIPIENTES LIQUIDOS,35499031,KILOGRAMO,610.0,10030.0,836.0,24790.0
295774.0,FRASCOS,36490016,UNIDAD,55514.0,66548.0,40524.0,50966.0
295774.0,TUBOS,37195001,UNIDAD,0.0,0.0,24423.0,21730.0
295774.0,PAPEL ALUMINIO,41535001,KILOGRAMO,0.0,0.0,12000.0,12155.0
295774.0,ENVASES DE HOJALATA,42931002,UNIDAD,2508379.0,1522134.0,2482772.0,1521654.0
295938.0,TINTAS Y SOLVENTES,34340007,KILOGRAMO,8123.0,150492.0,8938.0,172347.0
295938.0,POLIETILENO,34710001,KILOGRAMO,75528.0,846794.0,100987.0,1166409.0
295938.0,POLIETILENO ALTA DENSIDAD,34710001,KILOGRAMO,7950.0,98884.0,7771.0,96487.0
295938.0,POLIPROPILENO,34790011,KILOGRAMO,98300.0,1009260.0,80662.0,815539.0
295938.0,MASTERBACH,35110023,KILOGRAMO,5300.0,117657.0,2652.0,59437.0
296020.0,18.- FIBRA SILICONADA,26210003,KILOGRAMO,1200.0,41760.0,1200.0,41760.0
296020.0,24.- TOCUYO,26690999,METRO (LINEAL),6230.0,135643.0,6217.0,135338.0
296020.0,34.- PITA DE EMBALAJE,27310999,OTROS,347.0,4926.0,347.0,4926.0
296020.0,5.- TAPIZ EN CUERO,29110999,METRO CUADRADO,1469.0,22874.0,1469.0,22874.0
296020.0,6.- TAPIZ,29110999,METRO (LINEAL),764.0,59633.0,734.0,58505.0
296020.0,1.- MADERA,3110,PIE CUADRADO,16741.0,192865.0,16840.0,193380.0
296020.0,3.- AGLOMERADO,31439001,OTROS,1660.0,489894.0,1650.0,486485.0
296020.0,2.- VENESTA,31511002,OTROS,566.0,58639.0,615.0,63438.0
296020.0,7.- CARTON,32151002,UNIDAD,405.0,4915.0,404.0,4891.0
296020.0,10.- THINER,33390001,LITRO,3944.0,98019.0,3949.0,98296.0
296020.0,26.- PLACAS DE RESINA ECOLOGICA,34740006,UNIDAD,140.0,808459.0,140.0,808459.0
296020.0,4.- ESPONJA,34790015,UNIDAD,378.0,76789.0,388.0,80062.0
296020.0,19.- FIBRA TERMICA,34790015,KILOGRAMO,1000.0,21750.0,1000.0,21750.0
296020.0,36.- ESPONJA DE EMBALAJE,34790015,UNIDAD,658.0,9051.0,658.0,9051.0
296020.0,9.- TINTES,35110,LITRO,498.0,59229.0,493.0,58794.0
296020.0,8.- BARNIZ,35110002,LITRO,5353.0,301692.0,5439.0,306712.0
296020.0,15.- CARPICOLA,35420015,KILOGRAMO,772.0,43891.0,808.0,45048.0
296020.0,35.- CINTA DE EMBALAJE,36920007,PIEZA,12.0,126.0,12.0,126.0
296020.0,37.- CINTA STRETCH FILM,36920007,ROLLO,6.0,746.0,6.0,746.0
296020.0,11.- VIDRIOS-ESPEJOS,3711,PIEZA,154.0,67631.0,154.0,67631.0
296020.0,16.- LIJAS,37910005,UNIDAD,20500.0,44485.0,20530.0,44388.0
296020.0,14.- CORREDERAS TELESCOPICAS,38160007,PAR,832.0,21355.0,859.0,21986.0
296020.0,27.- CORREDERAS TELESCOPICAS ESPECIALES,38160007,PIEZA,334.0,16492.0,334.0,16492.0
296020.0,25.- PLACAS STARON,41212001,PIEZA,147.0,331195.0,147.0,331195.0
296020.0,23.- PLANCHUELA DE ALUMINIO,41534001,METRO (LINEAL),1800.0,12978.0,1792.0,12380.0
296020.0,32.- CARGA DE MOLDE PARA BARRAS DE ALUMINIO,42912026,PIEZA,1.0,6612.0,1.0,6612.0
296020.0,17.- PERNOS-TORNILLOS,42944,PIEZA,80300.0,14454.0,83971.0,14812.0
296020.0,13.- BISAGRAS,42992001,PIEZA,950.0,24799.0,967.0,25330.0
296020.0,12.- JALADORES,42992011,PIEZA,1803.0,22732.0,1818.0,22982.0
296020.0,28.- JALADORES ESPECIALES,42992011,PIEZA,1000.0,29921.0,1000.0,29921.0
296020.0,29.- SOPORTES DE ALUMINIO,42999018,PIEZA,668.0,108701.0,668.0,108701.0
296020.0,30.- SOPORTES DE ALUMINIO SUJECION,42999018,PIEZA,670.0,32054.0,670.0,32054.0
296020.0,31.- SOPORTES DE ALUMINIO ESCUADRA,42999018,PIEZA,1341.0,21132.0,1341.0,21132.0
296020.0,33.- SOPORTE DE SOPORTE DE ALUMINIO,42999018,PIEZA,2100.0,18711.0,2100.0,18711.0
296020.0,22.- CABLE POLARIZADO,46340001,ROLLO,100.0,25404.0,100.0,25404.0
296020.0,21.- FOCOS DICROICOS,46510999,PIEZA,1500.0,6525.0,1500.0,6525.0
296020.0,20.- SPOT DORADO,46542999,PIEZA,600.0,23490.0,600.0,23490.0
296307.0,GRANOS,01,KILOGRAMO,60507718.0,88695114.0,55697722.0,80940162.0
296307.0,POLLITO BB,02151004,UNIDAD,75774000.0,256832581.0,75774000.0,256832581.0
296307.0,TRIPAS,2115,METRO (LINEAL),27384056.0,15919096.0,23977426.0,12813757.0
296307.0,COLORANTES,23999007,KILOGRAMO,685651.0,7503644.0,616444.0,6469816.0
296307.0,BOLSAS Y ENVOLTURAS,36410003,UNIDAD,114710.0,4404890.0,1304662.0,4231614.0
296307.0,ENVASES Y EMBALAJES,99999994,KILOGRAMO,218345.0,6292708.0,213085.0,5939053.0
296307.0,OTROS ENVASES,99999994,UNIDAD,14966890.0,9470076.0,11893529.0,7359479.0
296348.0,ROCA HEMATITA,14100001,TONELADA MÉTRICA,2952.0,128403.0,2869.4141622718653,124810.76784491679
296348.0,PUZOLANA,15130001,TONELADA MÉTRICA,161593.0,3627105.0,157072.23669512113,3525632.267969883
296348.0,YESO,15200001,TONELADA MÉTRICA,78389.0,5935827.0,76195.9711268053,5769764.924998551
296348.0,BOLSAS,32152003,UNIDAD,9302934.0,13117137.0,9042672.957412079,12750168.928272456
296348.0,CALIZA,37690004,TONELADA MÉTRICA,301366.0,15325791.0,292934.9147788696,14897033.110914193
296594.0,MP TAIWAN POLIESTIRENO 301S,34720001,KILOGRAMO,399600.0,4283020.0,400950.0,4429759.214903838
296594.0,MP. LOYAL F-MS,34720003,KILOGRAMO,1198500.0,12583332.0,1392050.0,15065298.153753625
296594.0,MP. MEXICANA BF - 295,34720003,KILOGRAMO,566400.0,6778216.0,374630.0,4621255.617706769
296594.0,MATERIA PRIMA EPS – STYROPEK BF 216,34720003,KILOGRAMO,198000.0,2240146.0,198000.0,2309093.9516623146
296594.0,MATERIA PRIMA EPS – F-301 VSTEPS,34720003,KILOGRAMO,147050.0,1637933.0,22950.0,263499.0619734508
297086.0,PINTURA,35110,VALOR,0.0,66158.4,0.0,66158.4
297086.0,PLANCHA,41212001,VALOR,0.0,173502.78,0.0,173502.78
297086.0,PERFILES,41262002,UNIDAD,1.0,51123.87,1.0,51123.87
297086.0,CAÑERIAS,41283005,VALOR,0.0,78829.42,0.0,78829.42
297086.0,BRIDAS,41293012,UNIDAD,1.0,129490.25,1.0,129490.25
297086.0,OTRAS MATERIAS PRIMAS,99999994,VALOR,0.0,13057375.28,0.0,11580297.28
297455.0,POLIETILENO DE ALTA DENSIDAD,34710001,KILOGRAMO,16700555.0,34741960.0,16988889.0,35167001.0
297824.0,QUINUA,01194001,LIBRA,4725013.0,43141423.0,4831458.47,44113316.0
297824.0,AMARANTO,01199002,LIBRA,75158.0,702570.0,78028.0,729395.0
297824.0,SESAMO,01444000,LIBRA,114726.0,1197748.0,174629.0,1823136.0
297824.0,CHIA,01449001,LIBRA,91651.0,893057.0,148512.0,1447109.0
297824.0,ENVASES,36410003,VALOR,0.0,120186.0,0.0,895563.0
297947.0,SACAROSA GRANULADA,23520003,GRAMO,11400000.0,187050.0,34434150.0,159310.0
297947.0,METFORMINA CLORHIDRATO,34150006,GRAMO,5300000.0,182406.0,7510800.0,259564.0
297947.0,OPADRAY AMBAR II BLANCO,34210999,KILOGRAMO,0.0,0.0,262491.0,198518.0
297947.0,ALMIDON GLOCOLBATO DE SODIO VIVASTAR,35220002,GRAMO,300000.0,1763.0,408224.0,25017.0
297947.0,ASCORBATO DE SODIO,35250001,GRAMO,1512857.0,53421.0,731937.0,25846.0
297947.0,ACIDO ASCORBICO,35250001,GRAMO,2000000.0,155904.0,641780.0,17343.0
297947.0,AMOXICILINA TRIHIDRATO POLVO,35250005,GRAMO,11911070.0,2544867.0,2188798.0,491861.0
297947.0,LOZATAN POSASICO,35250005,GRAMO,200000.0,11468.0,228390.0,130537.0
297947.0,BOBINA FOIL ALUM SIN IMPRESION,36410001,KILOGRAMO,0.0,0.0,262491.0,198518.0
297947.0,BOBINA DE FOIN ALUM SOPO,36410999,KILOGRAMO,14780.0,12039.0,14501.31738516488,11812.0
297947.0,OTRAS MATERIAS PRIMAS,99999994,VALOR,0.0,5912771.0,0.0,7276287.0
298275.0,MATERIALES DE CONSTRUCCION VARIOS,99999994,VALOR,0.0,9689673.0,0.0,9689673.0
299095.0,LECHE FLUIDA,22290003,VALOR,0.0,2573837.0,0.0,2573837.0
299095.0,ENVASES PLASTICOS,36490001,VALOR,0.0,1979878.0,0.0,1979878.0
299095.0,OTROS,99999994,VALOR,0.0,1103073.0,0.0,2136483.0
299792.0,ENVASES,36490001,PIEZA,345012.0,1404028.0,327155.0,1346134.0
299792.0,MATERIAS PRIMAS VARIAS,99999994,VALOR,0.0,118245923.764507,0.0,117855619.764507
300448.0,MATERIALES DE  CONSTRUCCION,99999994,VALOR,0.0,5258879.0,0.0,6211857.0
302662.0,VARIOS MATERIALES DE CONSTRUCCION,99999994,VALOR,0.0,9199926.0,0.0,9199926.0
303154.0,VIDRIO,37112001,METRO CUADRADO,28860.0,2456678.0,28859.0,2461078.0
303154.0,OTRAS MATERIAS PRIMAS,99999994,VALOR,0.0,3924788.0,0.0,3924788.0
304384.0,ARIDOS / AGREGADOS,153,METRO CÚBICO,2982.93,498149.9,1982.93,498149.9
304384.0,MADERA DE CONSTRUCCION,31330,PIE CÚBICO,2633.0,65830.06,2633.0,65830.06
304384.0,PINTURA / MASAS /PIGMENTOS,35110,VALOR,0.0,360774.58,0.0,360774.58
304384.0,AGLOMERANTES / ADITIVOS,35499026,KILOGRAMO,320679.57,513087.32,320679.57,513087.32
304384.0,SEÑALIZACION,36990045,PIEZA,52.0,1936.17,52.0,1936.17
304384.0,CARPINTERÍA DE ALUMINIO / BLINDEX,37112001,VALOR,0.0,50986.02,0.0,50986.02
304384.0,TEJAS,37350001,PIEZA,52278.0,52277.75,52278.0,52277.75
304384.0,LADRILLOS,37350002,PIEZA,34852.0,52277.75,34852.0,52277.75
304384.0,PREFABRICADOS DE LOZAS /,37550,PIEZA,1.0,325923.38,1.0,325923.38
304384.0,VIGUETAS,37550004,METRO CUADRADO,4346.0,325923.38,4346.0,325923.38
304384.0,ACERO / PLANCHAS,41212001,PIEZA,15574.35,295912.62,15574.35,295912.62
304384.0,ACERO / PLANCHAS,41212001,PIEZA,7045.54,295912.62,7045.54,295912.62
304384.0,ALAMBRES / MALLAS/ CLAVOS /PERNOS,99999993,KILOGRAMO,2194.0,32915.04,2194.0,32915.04
304384.0,CAÑERÍAS / TUBOS / ACCESORIOS HIDROSANITARIOS,99999993,VALOR,0.0,101936.17,0.0,101936.17
304384.0,CABLES / POLITUBOS / PLACAS / CAJAS / TABLEROS,99999993,VALOR,0.0,1195267.53,0.0,1195267.53
304384.0,CERAMICAS / CIELOS FALSOS,99999993,VALOR,0.0,322696.4,0.0,322696.4
304384.0,ELECTRIC /ARTEFACTOS /ACCESORIOS,99999993,VALOR,0.0,72284.0,0.0,72284.0
304384.0,MATERIALES VARIOS,99999994,VALOR,0.0,8151.69,0.0,8151.69
304425.0,"ENVASES, EMBALAJES y OTROS INSUMOS",99999994,VALOR,0.0,509.0,0.0,509.0
305819.0,SODA CAUSTICA,34231022,KILOGRAMO,70300.0,558749.0,62467.0,496492.0
305819.0,CARBONATO DE SODIO,34240059,KILOGRAMO,575575.0,2302300.0,535851.0,2143404.0
305819.0,CHATARRA DE BATERIA,39380001,KILOGRAMO,634256.0,1931311.0,634256.0,1931311.0
305819.0,OTROS MATERIALES,99999994,VALOR,0.0,3141109.0,0.0,3360767.26717588
305860.0,ALGODON EN RAMA,01921000,QUINTAL,1311.0,917953.0,1311.0,917953.0
305860.0,HILO DE ALGODON,26350000,KILOGRAMO,50999.0,1376929.0,50999.0,1376929.0
305860.0,OTRAS MATERIAS PRIMAS,99999994,VALOR,0.0,5844318.0,0.0,5844318.0
307705.0,ACIDO SULFONICO,34110025,KILOGRAMO,4850.0,74938.0,5128.0,79233.0
307705.0,ALCOHOL,34131003,LITRO,11229.0,104726.0,10193.0,95070.0
307705.0,NONIFENOL,34139019,KILOGRAMO,3669.0,87844.0,3890.0,93918.0
307705.0,SADA CAUSTICA,34231022,KILOGRAMO,2800.0,18513.0,2976.0,19678.0
307705.0,ACEITE DE PINO,34400005,KILOGRAMO,1056.0,80847.0,877.0,67182.0
307705.0,CELLO SOLVEL BUTIL GLICOL,35110011,KILOGRAMO,7065.0,162273.0,6851.0,157398.0
307705.0,OTROS,99999994,VALOR,0.0,1130270.0,0.0,879408.0
308279.0,VARIOS,99999994,VALOR,0.0,462676.01999999996,0.0,462676.01999999996
308484.0,CINTA LED,36920004,PIEZA,20005.0,472518.39,18674.0,443407.85
308484.0,TRANSFORMADOR,46121,PIEZA,4515.0,1107213.4,4219.0,1038847.12
308484.0,REACTANCIA,46212999,PIEZA,3610.0,738405.27,3276.0,486663.19
308484.0,LAMPARA LED,46510999,PIEZA,80975.0,2612363.21,77756.0,2514926.12
308484.0,LAMPARA DE DESCARGA,46510999,PIEZA,25238.0,1227122.65,23320.0,986249.19
308484.0,SPOT DE EMPOTRAR,46510999,PIEZA,9396.0,635399.74,8813.0,596176.59
308484.0,SPOT DE ADOSAR,46510999,PIEZA,932.0,219455.52,892.0,209479.07
308484.0,SPOT DE PISO,46510999,PIEZA,1825.0,213128.96,1808.0,211123.21
308484.0,PANEL DE EMPOTRAR,46541999,PIEZA,62719.0,4097148.29,59765.0,3913085.3
308484.0,CARCAZA DE EMPOTRAR,46541999,PIEZA,17696.0,1688760.62,17469.0,1550774.2
308484.0,CARCAZA PARA REFLECTOR,46541999,PIEZA,3623.0,1531057.25,3494.0,1471816.59
308484.0,PANEL DE ADOSAR,46541999,PIEZA,22656.0,810345.89,21714.0,779900.0
308484.0,CARCAZA DE JARDIN,46541999,PIEZA,1487.0,524647.35,1413.0,500335.26
308484.0,CARCAZA DE COLGAR,46541999,PIEZA,2331.0,486642.15,2193.0,438315.71
308484.0,ACECESORIOS Y OTROS,46541999,PIEZA,226861.0,1012501.87,218775.0,863637.69
308484.0,CARCAZA DE ADOSAR,46542002,PIEZA,20343.0,1414514.71,19107.0,1337185.2
308484.0,CARCAZA DE ALUMBRADO PUBLICO,46542002,PIEZA,2325.0,445083.24,2312.0,448850.26
308566.0,CACAO EN PEPITA,01640000,KILOGRAMO,44233.0,1527442.0,43716.0,1509589.0
308566.0,LECHE EN POLVO,22211001,KILOGRAMO,31375.0,1135720.0,28222.0,1021587.0
308566.0,AZUCAR,23520001,KILOGRAMO,76075.0,308587.0,72621.0,294576.0
308566.0,MANTEQUILLA DE CACAO,23620001,KILOGRAMO,25000.0,1121750.0,25000.0,1121750.0
308566.0,OTRAS MATERIAS PRIMAS,99999994,VALOR,0.0,4163295.0,0.0,4379475.0
309878.0,BOBINAS,41211002,KILOGRAMO,39154600.0,253389493.0,42384333.0,274290751.2786025
309878.0,ALAMBRONES,41241001,KILOGRAMO,10311561.0,48582004.0,7383707.0,48484362.0
310534.0,MATERIA PRIMA  PAPEL TINTA PLACAS,32800002,VALOR,0.0,2260930.0,0.0,2236187.0
311887.0,INSUMOS VARIOS PARA LA CONSTRUCCIÓN,99999994,VALOR,0.0,24454689.381039564,0.0,4975359.381039564
312584.0,MADERA,3110,PIEZA,178356.0,856110.0,158542.0694396748,761003.0
312584.0,PLACA,31431000,PIEZA,1250.0,137500.0,1230.0,137391.0
312584.0,AGLOMERADO,31439001,PIEZA,572.0,139200.0,572.0,139200.0
312707.0,VARIOS,99999994,VALOR,0.0,157941681.90891144,0.0,157941681.90891144
313076.0,ASFALTO,15330000,TONELADA MÉTRICA,283.0,1653049.0,283.0,1653049.0
313076.0,CEMENTO ESTANDAR,37440001,QUINTAL,6847.0,376603.0,6847.0,376603.0
313076.0,MATERIALES VARIOS DE CONSTRUCCION,99999994,VALOR,0.0,14665306.0,0.0,14595011.0
313281.0,BORAPARID3FK,34,KILOGRAMO,600.0,23803.0,600.0,23803.0
313281.0,VINESTABC,34,KILOGRAMO,500.0,17260.0,500.0,17260.0
313281.0,LESTARFLEX,34,KILOGRAMO,600.0,5846.0,600.0,5846.0
313281.0,ALCOHOL ISOPROPILICO,34139003,LITRO,5738.0,89480.0,5738.0,89480.0
313281.0,BUTIL GLICOL,34140998,LITRO,2338.0,39818.0,2338.0,39818.0
313281.0,ACETATO DE ETILO,34180001,LITRO,5292.0,57923.0,5292.0,57923.0
313281.0,POLIETILENO DE ALTA DENSIDAD,34710001,KILOGRAMO,484250.0,4522712.0,411612.0,3844301.0
313281.0,POLIETILENO DE BAJA DENSIDAD,34710001,KILOGRAMO,266550.0,2694831.0,190000.0,1920907.0
313281.0,RESINA PVC,34730006,KILOGRAMO,57775.0,565158.0,51998.0,505647.0
313281.0,RESINA PET POLIETILENO TEREFTALATO,34740007,KILOGRAMO,340000.0,2383264.0,187000.0,1385444.0
313281.0,POLIPROPILENO,34790011,KILOGRAMO,1118323.0,10350032.0,1308410.0,13228598.0
313281.0,TINTAS Y PIGMENTOS,35110020,KILOGRAMO,6354.0,243412.0,6354.0,243412.0
313281.0,LESTARLUBE,99999994,KILOGRAMO,50.0,1566.0,50.0,1566.0
314347.0,VASELINA,33500004,LITRO,80.0,1952.0,114.0,2763.0
314347.0,VASELINA,33500004,UNIDAD,25.0,652.0,24.0,626.0
314347.0,OXIDO DE CROMO,34220002,KILOGRAMO,2.0,357.0,0.0,0.0
314347.0,SIERRAS-LIJAS,42922001,PIEZA,24251.0,475238.0,11774.0,192001.0
314347.0,ENVASES Y ENBALAJES,99999994,KILOGRAMO,0.0,0.0,1.0,44.0
314347.0,ENVASES Y EMBALAJES,99999994,PIEZA,25089.0,53258.0,29452.0,56674.0
314347.0,ENVASES Y EMBALAJES,99999994,VALOR,0.0,0.0,0.0,1078.0
314347.0,ENVASES Y EMBALAJES,99999994,UNIDAD,161.0,9625.0,112.0,7672.0
314429.0,VARIOS,99999994,VALOR,0.0,0.0,0.0,967582.0
315249.0,ARENA,15310,KILOGRAMO,294770.0627049284,13878.468447126017,255576.72447798093,12033.153821452079
315249.0,RIPIO,15320,KILOGRAMO,294770.06270492834,34734.263508043485,255576.72447798087,30115.91208781323
315249.0,EPS,34720001,METRO CÚBICO,64.73015655368448,13967.261001543482,56.12347887410139,12110.140303755627
315249.0,POLIESTIRENO EXPANDIBLE,34720003,KILOGRAMO,248986.69973052113,3592877.55204376,215880.82782819594,3115159.8903074698
315249.0,CEMENTO,37440001,KILOGRAMO,147262.33618636007,129414.11022840369,127681.9809179892,112206.89811541972
315249.0,ACERO,412,KILOGRAMO,16345.287049851231,137464.17390223092,14171.978275267003,119186.60591449651
315249.0,"FIERRO DE 1/4""",41261005,METRO (LINEAL),3097.822314117898,5173.415540712824,2685.9283903928617,4485.545737330942
315249.0,ALAMBRE GALVANIZADO,41263002,KILOGRAMO,2177.762321677879,20666.755328179333,1888.2017928094347,17918.853712262084
315864.0,CUERO FRESCO,2912,PIE CUADRADO,130795.0,23893165.0,128815.0,23531465.648342825
315864.0,OTROS MATERIALES,99999994,VALOR,0.0,1075288.0,0.0,1075288.0
316643.0,VARIOS,99999994,VALOR,0.0,0.0,0.0,337008.0
316807.0,VARIOS,99999994,VALOR,0.0,21328712.06650867,0.0,21328712.06650867
317914.0,PAPEL EN BOBINAS,32121000,PIEZA,974.0,2168138.0,1085.0,2461840.0
317914.0,PLACAS PARA CTP,32800002,PIEZA,22320.0,822533.0,22476.0,831884.0
317914.0,TINTA NEGRA PARA ROTATIVA,35130005,KILOGRAMO,2800.0,51156.0,2442.0,44615.0
317914.0,TINTA AZUL PARA ROTATIVA,35130005,KILOGRAMO,1500.0,58856.0,1472.0,57681.0
317914.0,OTROS SUMINISTROS,99999994,VALOR,0.0,149427.0,0.0,149045.0
319513.0,VARIOS,99999994,VALOR,0.0,22307107.32,0.0,22307107.32
319923.0,ELECTROLITO,34231014,LITRO,978080.0,4680112.0,99321.38302170901,475252.7365210378
319923.0,POLIPROPILENO,34790011,KILOGRAMO,75000.0,809335.0,39027.35741639827,421149.4175280092
319923.0,PLOMO,41441,KILOGRAMO,831848.0,10301982.0,1590122.5300972022,19692796.86055125
319923.0,SEPARADORES,46430005,UNIDAD,6017271.0,6375569.0,1360098.3120428533,1441085.275237353
319923.0,EMBALAJES,99999994,UNIDAD,307808.0,903595.0,64832.745822688885,190321.71016234977
323572.0,VARIOS,99999994,VALOR,0.0,9575032.0,0.0,2503533.0
324105.0,ARENA,15310,METRO CÚBICO,1074.0,107421.0,1074.0,101979.43039388726
324105.0,CEMENTO,37440001,KILOGRAMO,122069.0,134276.0,122069.0,127474.05065647878
324105.0,FIERRO,41261005,METRO (LINEAL),283.0,5374.0,283.0,5101.772083081987
324105.0,MALLAS,42943005,METRO (LINEAL),61.0,21483.0,61.0,20394.74686655198
324228.0,INSUMOS VARIOS PARA LA CONSTRUCCIÓN,99999994,VALOR,0.0,11919716.352465453,0.0,11738824.352465453
324433.0,ACIDO SULFONICO LINEAL,34110025,KILOGRAMO,53100.0,603392.0,52219.0,585985.0
324433.0,ALCOHOL GRASO ETOXILADO,34139020,KILOGRAMO,4830.0,104065.0,5633.0,101246.0
324433.0,ACIDO CLORHIDRICO,34231015,KILOGRAMO,15000.0,81431.0,15220.0,71885.0
324433.0,SODA CAUSTICA,34231022,KILOGRAMO,18000.0,182352.0,20424.0,176173.0
324433.0,POLIETILENO SOPLADO DE ALTA DENSIDAD,34710001,KILOGRAMO,25500.0,381095.0,25182.0,326434.0
324433.0,PVC KARINA E80/200,34730006,KILOGRAMO,23992.0,385108.0,24550.0,342790.0
324433.0,AURAMID GH,35310999,KILOGRAMO,6000.0,132948.0,5174.0,114337.0
324433.0,TIEMS EN GENERAL,35333003,OTROS,3836553.0,2993767.0,3150707.0,3717639.0
324433.0,LESSREX 70,354,KILOGRAMO,58980.0,775426.0,90382.0,1099737.0
324433.0,GENAMIN CTAC - 50,354,KILOGRAMO,7400.0,142544.0,1743.0,35356.0
324433.0,PREFORMAS 48 GR CRISTAL,36490998,PIEZA,102000.0,72005.0,102000.0,72005.0
324925.0,AGREGADOS,153,VALOR,0.0,74995.0,0.0,74995.0
324925.0,CEMENTO,37440001,OTROS,2296.0,112492.0,2296.0,112492.0
325212.0,VARIOS,99999994,VALOR,0.0,2403575.7142656543,0.0,2403575.7142656543
325499.0,GOMA LACA,03219,KILOGRAMO,29800.0,1627057.0,29379.0,1594550.0
325499.0,BLOUSSE DE LANA,26150001,KILOGRAMO,138355.0,4067643.0,138363.0,4063381.0
325499.0,LANA DE OVEJA NACIONAL,26150002,KILOGRAMO,193697.0,2614913.0,241795.0,3164188.0
325499.0,PELO DE CONEJO,26150006,KILOGRAMO,6316.0,3050732.0,6777.0,3773127.0
325499.0,ÁCIDO SULFÚRICO,34231014,KILOGRAMO,90796.0,435819.0,8468.0,421063.0
325499.0,BÓRAX,34270006,KILOGRAMO,54477.0,653728.0,54643.0,655722.0
325499.0,TINTES,35110020,KILOGRAMO,13380.0,1423675.0,13960.0,1511836.0
325499.0,BOLSAS DE POLIPROPILENO,36410,PIEZA,41226.0,305073.0,56940.0,421357.0
325499.0,MATERIAL AUXILIAR (BOLSAS),36410001,PIEZA,3170.0,348655.0,3338.0,405501.0
325745.0,BEBIDAS,24,VALOR,0.0,65554.0,0.0,68875.0
325745.0,FARMACIA,352,VALOR,0.0,1555.0,0.0,1360.0
325745.0,ALIMENTOS Y SUMINISTROS DE HABITACIONES,99999994,VALOR,0.0,90980.0,0.0,325152.0
325745.0,MATERIALES DE A & B Y OTROS,99999994,VALOR,0.0,7476.0,0.0,7999.0
325745.0,MATERIALES Y SUMINISTROS DE LIMPIEZA,99999994,VALOR,0.0,37574.0,0.0,38102.0
325745.0,MATERIAL DE ESCRITORIO,99999994,VALOR,0.0,23612.0,0.0,26058.0
325745.0,MATERIAL DE MANTENIMIENTO,99999994,VALOR,0.0,8508.0,0.0,22823.0
325745.0,SUMINISTROS DE COMPUTACION,99999994,VALOR,0.0,7113.0,0.0,7921.0
326073.0,LADRILLO 6 H,37350002,VALOR,0.0,962258.0,0.0,785146.0
326073.0,CEMENTO,37440001,KILOGRAMO,18893.0,963535.0,7766.0,396062.71158630186
326073.0,FIERRO DE CONSTRUCCION DE DIFERENTES MEDIDAS,41261005,BARRA,55514.0,3055172.0,42928.0,2362510.783153799
326073.0,VARIOS OTROS MATERIALES,99999994,VALOR,0.0,1910318.0,0.0,2797563.5052598994
326975.0,ARENA,15310,METRO CÚBICO,9141.48,1014703.8,9497.985660338018,1054275.9095781534
326975.0,GRAVILLA,15320003,METRO CÚBICO,7859.5,632532.2,8166.010868036156,657200.180619991
326975.0,PENTANO,34110002,KILOGRAMO,119300.74,1708386.65,123953.31595334008,1775011.5397265616
326975.0,NAPTALENO,34110009,KILOGRAMO,16059.42,135862.7,16685.71947757125,141161.1938454452
326975.0,PEROXIDOS,34220,KILOGRAMO,5674.01,419139.48,5895.290379207639,435485.4757023854
326975.0,MONOMERO,34231998,KILOGRAMO,1624209.48,16388273.63,1687551.4841760187,17027394.45123126
326975.0,FOSFATO TRICALCICO,34240055,KILOGRAMO,2417.34,106580.56,2511.612644282078,110737.04242293787
326975.0,STIROPOR,34720003,KILOGRAMO,24977.25,415871.13,25951.329754200495,432089.5546900472
326975.0,POLICARBOXILATO,34790997,KILOGRAMO,15993.39,186482.88,16617.114615749186,193755.50717108767
326975.0,CEMENTO,37440001,KILOGRAMO,5627424.56,5514876.07,5846886.523221565,5729948.794003933
326975.0,ACERO,412,KILOGRAMO,533664.63,5197893.52,554476.8500341034,5400604.5440603355
326975.0,OTROS,99999994,VALOR,0.0,463043.73,0.0,481101.80694786244
327877.0,AGREGADO,153,METRO CÚBICO,6019.0,927529.0,5738.0,884225.0
327877.0,"MADERA, SOLERAS, TABLONES",31330,PIEZA,85.0,29482.0,58.0,20086.0
327877.0,PINTURAS Y ACCESORIOS,35110,LITRO,340.0,12135.0,340.0,12135.0
327877.0,"TUBERIA PVC 4""",36320001,PIEZA,1430.0,139578.0,1200.0,117130.0
327877.0,"TUBERIA PVC 6""",36320001,PIEZA,3474.0,637931.0,2544.0,467155.0
327877.0,"TUBERIA PVC 8""",36320001,PIEZA,991.0,328680.0,976.0,323703.0
327877.0,"TUBERIA PVC 10""",36320001,PIEZA,88.0,50705.0,65.0,37452.0
327877.0,"TUBERIA PVC 12""",36320001,PIEZA,64.0,47696.0,50.0,37263.0
327877.0,"TUBERIA PVC 16""",36320001,PIEZA,255.0,339506.0,243.0,323529.0
327877.0,"TUBERIA PVC 20""",36320001,PIEZA,329.0,767491.0,325.0,758160.0
327877.0,"TUBERIA PVC 24""",36320001,PIEZA,25.0,89832.0,25.0,89832.0
327877.0,"LADRILLOS, CERÁMICAS, TEJAS",373,PIEZA,318328.0,2215565.0,311808.0,2170186.0
327877.0,ESTUCO,37420004,PIEZA,1450.0,18923.0,1400.0,18270.0
327877.0,CEMENTO,37440001,UNIDAD,22987.0,899931.0,22387.0,876441.0
327877.0,PREFABRICADOS Y HORMIGONES,37510002,PIEZA,6019.0,927529.0,850.0,369843.0
327877.0,FIERRO,41261005,BARRA,30937.0,556867.0,28784.0,518113.0
327877.0,"ALAMBRE, CLAVOS",4294,PIEZA,1542.0,116747.0,1542.0,116747.0
327877.0,MATERIAL ELECTRICO Y PLOMERIA,99999993,PIEZA,28527.0,794187.0,25611.0,713006.0383846882
327877.0,OTROS MATERIALES DE CONSTRUCCION,99999994,VALOR,0.0,2158102.0,0.0,5450678.0
328000.0,VARIOS,99999994,VALOR,0.0,361435.0,0.0,361435.0
328902.0,OTROS MATERIALES,99999994,VALOR,0.0,1782883.0,0.0,1782883.0
329968.0,TELA,26,METRO (LINEAL),51519.0,2702748.0,48790.55415112986,2559610.4864391373
329968.0,MADERA,3110,PIE CUADRADO,37125.0,297498.0,35158.759575583674,281741.70117756206
329968.0,FIERRO,4126,BARRA,4557.0,275761.0,4315.667208495137,261157.05619526608
329968.0,ALAMBRE,41267,KILOGRAMO,255194.0,2708931.0,241678.99565498318,2565466.7561880345
331116.0,PAPEL BOND HOJA,32129001,UNIDAD,395154.0,44754.0,1044.0,118.0
331116.0,PAPEL BOND KG,32129001,KILOGRAMO,1101682.0,8649763.0,1057426.0,8292834.0
331116.0,CARTULINA,32129014,UNIDAD,31480.0,22287.0,43420.0,26959.0
331116.0,WITCEL HJ,32129999,UNIDAD,0.0,0.0,517.0,415.0
331116.0,CAJAS DE CARTON,32153004,UNIDAD,164012.0,410881.0,161912.0,403340.0
331116.0,PAPEL QUIMICO HJ,32191005,UNIDAD,239195.0,21078.0,71333.0,6286.0
331116.0,PAPEL QUÍMICO KG,32191005,UNIDAD,981646.0,10919915.0,933400.0,10405132.0
331116.0,TINTAS,35130,KILOGRAMO,3743.0,249532.0,3772.0,252022.0
331116.0,ADHESIVO HJ,36920001,UNIDAD,768.0,1781.0,903.0,2651.0
331116.0,CONO Y BUJE PLASTICO,36990044,KILOGRAMO,5545.0,311829.0,7043.0,443420.0
331116.0,REPUESTOS,44922003,UNIDAD,11117.0,370115.0,24645.0,333168.0
331116.0,INSUMOS VARIOS,99999994,UNIDAD,70511.0,387752.0,72225.0,420912.0
331116.0,COMPUTACION,99999994,UNIDAD,0.0,0.0,7415.0,5551.0
331198.0,OTROS MATERIALES,99999994,VALOR,0.0,3465315.0,0.0,3456719.0
331567.0,HUEVO,02311000,PIEZA,22125.0,18806.0,22039.0,18733.0
331567.0,DURAZNOS AL JUGO,21492000,PIEZA,449.0,6286.0,443.0,6202.0
331567.0,MERMELADA,21494002,OTROS,348.0,4872.0,347.0,4858.0
331567.0,MARGARINA REGIA,21700001,OTROS,158.0,25596.0,158.0,25434.0
331567.0,LECHE,22110001,LITRO,2894.0,15627.6,2890.0,15606.0
331567.0,CREMA DE LECHE,22120001,LITRO,9230.0,191984.0,9215.0,191672.0
331567.0,LECH EVAPORADA,22221000,UNIDAD,2842.0,24299.1,2838.0,24264.9
331567.0,MANTEQUILLA PIL,22241001,OTROS,141.0,24181.5,144.0,24696.0
331567.0,DULCE DE LECHE,22290002,OTROS,283.0,25470.0,281.0,25290.0
331567.0,HARINA,23110001,QUINTAL,354.0,129210.0,355.0,129575.0
331567.0,AZUCAR,23520001,QUINTAL,217.0,45570.0,215.0,45150.0
331567.0,COBERTURA,23650002,KILOGRAMO,330.0,19800.0,335.0,20100.0
331567.0,POLVO DE HORNEAR,23996001,KILOGRAMO,107.0,2140.0,106.0,2120.0
331567.0,GELATINA NEUTRA,23999013,OTROS,145.0,7975.0,7975.0,7975.0
331567.0,OTRAS MATERIAS PRIMAS,99999994,VALOR,0.0,984037.8,0.0,981186.1
334232.0,REACTIVOS,35440999,LITRO,101752.0,854750.42,101752.0,854750.42
334232.0,IMPLEMENTOS TOMA DE MUESTRA,99999994,PIEZA,201452.0,450050.0,201452.0,450050.0
334560.0,GRANOS(SOYA),01,TONELADA MÉTRICA,3858.0,8057919.0,3858.0,9152055.311128218
334560.0,BOLSAS,36410,UNIDAD,213404.0,426808.0,213404.0,484761.688871781
337225.0,AGREGADOS,153,VALOR,0.0,1443439.0,0.0,1443439.0
337225.0,ASFALTO,15330000,VALOR,0.0,2131430.0,0.0,2131430.0
337225.0,LLANTAS,3611,VALOR,0.0,897409.0,0.0,897409.0
337225.0,INSUMOS Y SUMINISTROS,99999994,VALOR,0.0,7493.0,0.0,7493.0
337225.0,REPUESTOS HERRAMIENTAS,99999994,VALOR,0.0,24187.0,0.0,24187.0
337389.0,INSUMOS VARIOS PARA LA CONSTRUCCIÓN,99999994,VALOR,0.0,1962354.0,0.0,1962354.0
340669.0,PITAS,27310007,UNIDAD,1150.0,5438.0,1989.0,9467.0
340669.0,ETIQUETAS,32197002,UNIDAD,273000.0,2492.0,118389.0,1165.0
340669.0,POLIETILENO,34710001,KILOGRAMO,390604.0,3349321.0,1947405.0,17033918.0
340669.0,POLIPROPILENO,34790011,KILOGRAMO,0.0,0.0,9665.0,154321.0
340669.0,ALCOHOL,34790016,LITRO,10800.0,120506.0,8624.0,95420.0
340669.0,SILICONA,34790025,KILOGRAMO,76.0,3687.0,94.0,4602.0
340669.0,PINTURAS,35110,KILOGRAMO,1305.0,44629.0,1403.0,48264.0
340669.0,PIGMENTO,35110020,KILOGRAMO,11200.0,261124.0,936.0,24127.0
340669.0,MASTERBATCH,35110023,KILOGRAMO,0.0,0.0,6554.0,65354.0
340669.0,TUBOS,36320005,UNIDAD,1320.0,64840.0,687.0,37459.0
340669.0,ESPUMANTE,36390002,KILOGRAMO,11000.0,312960.0,5684.0,123256.0
340669.0,CINTAS ADHESIVAS,36920002,UNIDAD,10656.0,42178.0,12953.0,49474.0
340669.0,DIUREX,36920007,UNIDAD,10080.0,5786.0,9252.0,5315.0
340669.0,CONOS,36990044,UNIDAD,2550.0,23621.0,1110.0,8161.0
340669.0,FLOTADORES,49390002,UNIDAD,0.0,0.0,21259.0,185355.0
342596.0,INSUMOS VARIOS,99999994,UNIDAD,0.0,0.0,0.0,0.0
342801.0,POLIETILENOS,34710001,KILOGRAMO,3217397.32,26522192.0,3074627.18,29312421.0
344810.0,CAJAS DE CARTON,32153004,UNIDAD,2956733.0,10044840.0,2840020.0,10460295.0
344810.0,"ARCILLA,AGUA.SILICE.OXIDOS METALICOS",99999993,KILOGRAMO,218666156.0,73182542.0,217512920.0,76068912.0
344810.0,MATERIALES AUXILIARES,99999994,UNIDAD,2498989.0,49816944.0,2548291.0,47983644.0
344933.0,AGUA DESTILADA VITA X 10 ML,34250007,UNIDAD,55570.0,83078.0,55293.0,82664.0
344933.0,SUERO RINGER LACTATO X 1000 ML,35270001,UNIDAD,14009.0,127749.0,13584.0,123874.0
344933.0,"SUERO FISIOLÓGICO 0,9% X 100 ML",35270001,UNIDAD,13673.0,94395.0,13073.0,90253.0
344933.0,ACCU CHECK ACTIVE GLUCOSE,48150001,UNIDAD,10175.0,55356.0,8341.0,45379.0
344933.0,JERINGA 10 ML,48150005,UNIDAD,45400.0,21992.0,43924.0,21277.0
346163.0,ASFALTO,15330000,VALOR,0.0,1302595.0,0.0,1302595.0
346163.0,CEMENTO,37440001,KILOGRAMO,20451.0,1145249.0,20451.0,1145249.0
346163.0,ACERO,412,VALOR,0.0,2788843.0,0.0,2788843.0
346163.0,"MATERIALES INDIRECTOS ( CLAVOS, ALAMBRES, TORNILLOS)",42,VALOR,0.0,1214183.0,0.0,1214183.0
346163.0,"MATERIALES DIRECTOS DE CONSTRUCCION ( PINTURAS, VENTANAS, CERAMICAS LADRILLO)",99999993,VALOR,0.0,1488569.0,0.0,1488569.0
346163.0,MATERIAL ELECTRICO Y PLOMERIA,99999994,VALOR,0.0,1925456.0,0.0,1925456.0
346163.0,OTROS MATERIALES,99999994,VALOR,0.0,4144608.0,0.0,4144608.0
346573.0,AGUA,18000000,LITRO,1999828.23,13261.82687448329,3131912.56,12708.604214638619
346573.0,DIOXIDO DE TITANIO,34220006,KILOGRAMO,196467.92,8578448.535136154,307686.61,8220595.599782311
346573.0,CARBONATO DE CALCIO,34240073,KILOGRAMO,277560.0,1960759.016951947,434684.17,1878965.2791460857
346573.0,CARBONATO MRBS,34240999,KILOGRAMO,390022.57,1040106.9723925077,610810.75,996718.550013123
346573.0,AMONIACO,34653999,KILOGRAMO,26644.0,323396.22153448,41726.92,309905.6384000208
346573.0,ESPESANTE ACRILICO,34790032,KILOGRAMO,52900.29,1135556.389164863,82846.66,1088186.2632009727
346573.0,EMUSLSIONES,34790033,KILOGRAMO,266477.68,6459237.777562287,417328.23,6189788.44649136
346573.0,CONCENTRADOS,35140006,KILOGRAMO,19155.23,456701.08685979946,29998.82,437649.64445006265
346573.0,CELITE,35499025,KILOGRAMO,240417.16,2636137.3800181653,376984.93,2526169.998702339
346573.0,TEXANOL,35499025,KILOGRAMO,10650.79,392032.9071605058,16680.11,375679.12007928855
346573.0,SATINTONE,35499025,KILOGRAMO,24914.54,348392.6141840313,39018.43,333859.2957551518
346573.0,FOAMSTAR,35499025,KILOGRAMO,6539.02,284235.64392185473,10240.69,272378.65434055973
346573.0,BIOCIDA IPEL,35499999,KILOGRAMO,51199.97,313237.61042747775,8018.34,300170.7928522943
346573.0,TAPAS PLASTICAS,36490007,PIEZA,209138.32,630443.4479256906,281827.78,604144.2807799516
346573.0,BALDES PLASTICOS,36490013,PIEZA,231684.27,1911712.854811273,384828.15,1831965.0952674167
346573.0,SOL Y LLUVIA BASE,99999994,LITRO,306557.33,7678784.799666219,480096.62,7994707.8900627475
346573.0,REFLEX PLUS,99999994,KILOGRAMO,148105.53,624043.105241832,231946.7,598010.931063924
346573.0,OTROS,99999994,VALOR,0.0,2314757.2209490156,0.0,2218196.326180344
346860.0,VARIOS,99999994,VALOR,0.0,2864656.0,0.0,2864656.0
348623.0,PINTURAS DE  DEMARCACION VIAL,35110,LITRO,3856.0,1492430.0,3747.0,1450515.53371369
348623.0,ADHESIVOS REFLECTIVOS,36920004,METRO (LINEAL),1476.0,310075.8,1022.0,214700.18130081298
348623.0,MICROESFERAS DE VIDRIO,37111001,KILOGRAMO,26656.0,266559.0,34391.0,343908.7098214285
348623.0,OJOS DE GATO,37199999,UNIDAD,52877.0,423023.0,54484.0,435879.21273899806
348623.0,PLANCHAS METALICAS,41212001,PIEZA,145.0,81296.0,310.0,173805.24137931035
348623.0,CAÑERIA GALVANIZADA,41283003,PIEZA,427.0,81117.0,200.0,37993.91100702576
348623.0,MATERIALES Y SUMINISTROS,99999994,PIEZA,3500.0,230348.0,4923.0,324000.9154285714
348910.0,POLIETILENO INY HA,34710001,KILOGRAMO,2000.0,25856.0,9497.0,112420.0
348910.0,POLIETILENO INY HC,34710001,KILOGRAMO,6750.0,84213.0,2001.0,26120.0
348910.0,COPLIMERO SOPLO 031,34790032,KILOGRAMO,4000.0,50984.0,4360.0,54219.0
348910.0,COPOLIMERO R01CA,34790032,KILOGRAMO,46000.0,553613.0,41383.0,480580.0
348910.0,COPOLIMERO R 4560CD,34790032,KILOGRAMO,30000.0,360074.0,17777.0,208385.0
348910.0,PREFORMAS,36490998,KILOGRAMO,18817.0,367309.0,37260.0,759194.0
348910.0,OTROS MATERIALES,99999994,VALOR,0.0,961867.0,0.0,831972.42486143
349525.0,AZUCAR,23520001,QUINTAL,3456.0,610745.01,3456.0,610745.01
349525.0,MELADO,23540,QUINTAL,13596.0,2129106.98,13596.0,2129106.98
349525.0,MELAZA,23540,KILOGRAMO,61020.0,62813.01,61020.0,62813.01
349525.0,CAJAS,32153001,UNIDAD,29655.0,179562.83,0.0,0.0
349525.0,BOLSA,36410001,KILOGRAMO,2038.24,54528.02,0.0,0.0
349525.0,CINTA MASKING,36920002,UNIDAD,357.0,5280.03,0.0,0.0
349525.0,OTROS MATERIALES,99999994,VALOR,0.0,456088.1200000001,0.0,420199.58385231154
349607.0,MANI,21421000,QUINTAL,787.0,15200.0,938.9583927857398,18134.901614159142
349607.0,ALMIDON DE HUEVO,23220999,LITRO,15.0,61600.0,17.89628448765705,73494.07496264495
349607.0,AZUCAR,23520001,QUINTAL,212.0,56200.0,252.93415409221967,67051.41254708842
349607.0,PEPA DE CACAO,23610001,QUINTAL,1400.0,817340.0,1670.319885514658,975156.6108761075
349771.0,INSUMOS DE LIMPIEZA,99999994,VALOR,0.0,5877453.0,0.0,6070366.0
350140.0,PLANCHA  INOX   2MM X 1.5,41214001,PIEZA,15000.0,13095476.0,15000.0,13095476.0
350181.0,ENVASES PLÁSTICOS EN PAQUETES DE 100 UND,36490001,UNIDAD,34537.0,1036104.0,34537.0,1036104.0
350345.0,ADITIVOS,35420,KILOGRAMO,188450.0,6567778.0,137167.0,4745558.0
350345.0,CEMENTO,37440001,KILOGRAMO,184625.11216604448,6958429.0,204631.0,7712441.0
350345.0,ENVASE,99999994,PIEZA,1168000.0,2218500.0,1032418.0,2004249.0
350345.0,PRODUCTOS NATURALES,99999994,KILOGRAMO,0.0,0.0,1040.0,1035.0
351206.0,MATERIALES PARA CONSTRUCCIÓN,99999994,UNIDAD,15450.0,5374299.0,15450.0,4164097.0
352477.0,MATERIAS PRIMAS VARIAS,99999994,VALOR,0.0,15000.0,0.0,15000.0
352682.0,OTROS MATERIALES,99999994,VALOR,0.0,23450161.0,0.0,21203752.0
352764.0,MADERA ASERRADA,3110,PIE CUADRADO,1126844.0,10135933.0,1065604.0,9627106.93121496
352764.0,TABLERO MDF,31441000,METRO CUADRADO,433.0,16808.0,328.0,12787.981691886209
352764.0,TABLERO TRUPAN MDF,31441000,UNIDAD,7.0,2488.0,9.0,3212.882658989799
352764.0,VENESTA MULTILAMINADO,31511002,UNIDAD,97.0,12261.0,121.0,15361.70948237552
352764.0,MATERIAL DE BARNIZADO,35110,LITRO,147.0,4619.0,109.0,3439.9897182757722
352764.0,MATERIAL DE BARNIZADO,35110,UNIDAD,84.0,365.0,89.0,388.4218068107791
352764.0,MATERIAL DE BARNIZADO EN BALDES,35110002,LITRO,237.0,2847.0,218.0,2630.2415486316836
352764.0,MASILLA,35110034,KILOGRAMO,36.0,3045.0,29.0,2463.6715771687545
352764.0,PLASTICO FILM STRECH,36330003,UNIDAD,263.0,25194.0,176.0,16933.785857022136
352764.0,ADHESIVOS,36920,KILOGRAMO,16339.0,437006.0,12038.0,323382.3294284625
352764.0,LIJA EN DISCO,37910001,UNIDAD,17516.0,58457.0,15171.0,50852.91054239969
352764.0,LIJA DE PAPEL,37910005,METRO (LINEAL),180.0,820.0,182.0,832.7463816922369
352764.0,FERRETERIA ENVEJECIDA,393,UNIDAD,13880.0,64681.0,14564.0,68166.02176857599
352764.0,GRAMPAS Y CLAVOS,42944,OTROS,633.0,41977.0,996.0,66338.71346545313
352764.0,GRAMPAS U,42995004,UNIDAD,0.0,0.0,4202.0,153.0
352764.0,MATERIAL DE EMBALAJE,99999994,KILOGRAMO,1414.0,24984.0,1795.0,31854.957775805942
352764.0,ACCESORIOS PARA EMBALAJE,99999994,UNIDAD,4242.0,3323.0,4175.0,3284.8547904574484
352764.0,OTROS MATERIALES,99999994,UNIDAD,27.0,1904.0,57.0,4037.179456459175
353666.0,AZUCAR,23520001,KILOGRAMO,883437.0,3344900.0,388625.0,1280141.0
353666.0,CACAO EN POLVO,23630001,KILOGRAMO,180000.0,2701872.0,158735.0,2678883.7
353666.0,GEL,35323005,KILOGRAMO,40000.0,1224960.0,31588.0,1161846.0
353666.0,OTROS,99999994,VALOR,0.0,1224186.0,0.0,2553871.0
354035.0,"ENVASES, EMBALAJES y OTROS INSUMOS",99999994,VALOR,0.0,4198.0,0.0,4198.0
355880.0,AZUCAR,23520001,QUINTAL,11775.0,1979647.0,10259.0,1747242.0
355880.0,COLORANTES,23999007,KILOGRAMO,970.0,22417.0,1124.0,26777.0
355880.0,ESENCIAS,23999012,KILOGRAMO,23116.0,1439088.0,19651.0,1215748.0
355880.0,ACIDOS,34140,KILOGRAMO,25050.0,263523.0,21929.0,232207.0
355880.0,BENZOATO DE SODIO,34140009,KILOGRAMO,1500.0,35887.0,1906.0,41899.0
355880.0,GAS CARBONICO,34210004,KILOGRAMO,40830.0,117223.0,37582.0,112017.0
355880.0,OTRAS MATERIA PRIMAS,99999994,KILOGRAMO,22621.0,682473.0,32107.0,638844.0
355880.0,ENVASES Y EMBALAJES,99999994,PIEZA,2758927.0,1493278.0,2915940.0,1668691.0
355880.0,OTROS MATERIALES,99999994,PIEZA,52135083.0,2404319.0,22646260.0,2226664.0
357725.0,"PAPEL, CARTON Y OTROS SUMINISTROS",32129,KILOGRAMO,2674221.0,4332919.0,2385585.0,3559360.0
361825.0,ARCILLA,15400,METRO CÚBICO,216878.0,6200281.0,292632.0,7428556.0
361866.0,VARIOS,99999994,VALOR,0.0,1540985.0,0.0,1540985.0
362071.0,"FREJOL, CHIA Y SESAMO",01,KILOGRAMO,2555013.0,16159683.0,2282567.0,14436323.0
363629.0,"POLIOL, ISOCIONATO,PLANCHA GALVANIZADA",99999993,KILOGRAMO,117911.0,3943922.0,100045.0,2769249.0
364531.0,VARIOS,99999994,VALOR,0.0,5093960.428709922,0.0,5093960.428709922
365966.0,CEREALES,011,KILOGRAMO,4946013.0,6028179.0,4950762.0,6501606.771864968
365966.0,ALGEMIX,23991002,KILOGRAMO,12736.0,203321.0,12720.0,216987.2540555426
365966.0,CAJAS,32153,KILOGRAMO,2045603.0,558993.0,1953128.0,508573.6018536056
365966.0,ACIDOS,34140,KILOGRAMO,26371.0,295437.0,26150.0,314040.33590826055
365966.0,COLORANTES,34320004,KILOGRAMO,202.0,10623.0,200.0,11309.624387945538
365966.0,PREMESCLAS,35250001,KILOGRAMO,6179228.0,60095779.0,5977822.0,58946927.719601646
365966.0,VITAMINAS,35250001,KILOGRAMO,194998.0,12400934.0,185020.0,11736225.480251558
365966.0,BOBIMAS,36410,KILOGRAMO,365360.0,5337256.0,348567.0,4950268.41687925
365966.0,CUCHARILLAS,42916004,KILOGRAMO,21025628.0,1800445.0,21032516.0,1934491.9890324401
365966.0,SOLIDOS,99999994,KILOGRAMO,30223.0,11075533.0,30279.0,1195345.4186578407
365966.0,OTROS,99999994,KILOGRAMO,14107424.0,21004824.0,14178255.0,24377477.387506947
366704.0,TEFLON Y OTROS PRODUCTOS,34730004,PIEZA,242.0,96428.0,242.0,96428.0
366704.0,TUBE C95 CAMISA,41283999,METRO (LINEAL),4.0,1403.0,4.0,1403.0
366704.0,TUBE GASPEKT C95,41283999,PIEZA,44.0,17532.0,44.0,17532.0
366704.0,TUERCA PARA TENSORES,42944005,PIEZA,176.0,70129.0,176.0,70129.0
366704.0,TENSORES 32-40 DIAM C95,42999037,METRO (LINEAL),17.0,6838.0,17.0,6838.0
366704.0,VASTAGO,44929999,METRO (LINEAL),6.0,2367.0,6.0,2367.0
366704.0,"COVER, TUERCAS, ETIQUETAS Y SELLOS",99999993,PIEZA,132.0,52597.0,132.0,52597.0
367770.0,"UPS DE 6KVA, 10KVA",461,VALOR,0.0,2061786.0,0.0,2061786.0
367770.0,GENERADOR,4611,VALOR,0.0,2061786.0,0.0,2061786.0
367770.0,CABLE CAT.6A,46360003,VALOR,0.0,2061786.0,0.0,2061786.0
369205.0,"MARMOL,GRANITO,MARMOL ACRILICO,PIDRA DE CONSTRUCCION,OTROS INSUMOS,MATERIALES VARIOS,FIERRO CORRUGADO,BALDOSAS,CEMENTO,RESINA",99999993,METRO CUADRADO,5000.0,2651164.0,3000.0,1590698.4
369205.0,OTRAS MATERIAS PRIMAS,99999994,VALOR,0.0,389238.0,0.0,2010352.6
370558.0,PLANCHA DE ACERO,41212001,UNIDAD,1.0,4669.0,1.0,4669.0
370558.0,BROCAS PERNOS TORNILLOS Y ENLACES,429,VALOR,0.0,849.0,0.0,849.0
370558.0,"DISCOS CORTES, ELECTRODOS, PERFIL",99999993,VALOR,0.0,2375.0,0.0,2375.0
370558.0,MATERIALES DE FERRETERIA,99999994,VALOR,0.0,276.0,0.0,276.0
370558.0,VARIOS MATERIAL ELECTRICO,99999994,VALOR,0.0,9235.0,0.0,9235.0
370558.0,OTROS MATERIALES,99999994,VALOR,0.0,33326.0,0.0,33326.0
370804.0,CAOLIN,15400003,KILOGRAMO,6000.0,6431.0,4223.0,5119.358562587162
370804.0,BARITINA,16190002,KILOGRAMO,122000.0,125417.0,125172.0,145547.68473632145
370804.0,CALCITA,16190009,KILOGRAMO,100000.0,49300.0,94857.0,52894.76001343925
370804.0,AMIANTO,16390006,KILOGRAMO,238000.0,1084653.0,186904.0,963461.9241589138
370804.0,OXIDO DE ZINC,34220001,KILOGRAMO,22000.0,506596.0,13512.0,351944.0246279542
370804.0,SULFURO,34240993,KILOGRAMO,10750.0,202002.0,11686.0,248381.6404847995
370804.0,AZUFRE,3452,KILOGRAMO,10000.0,26448.0,8647.0,25867.125710960187
370804.0,RESINAS (FENOLICA),34790019,KILOGRAMO,182100.0,1659205.0,128676.0,1326140.0877084217
370804.0,FIBRA DE VIDRIO,37121001,KILOGRAMO,12800.0,87707.0,17392.0,134792.05491492478
370804.0,CAL HIDRATADA,37420002,KILOGRAMO,7200.0,9000.0,7648.0,10813.315920975092
370804.0,HILO,37920001,KILOGRAMO,62049.0,1389486.0,72062.0,1825273.023160703
371870.0,PAPEL EN BOBINA,32121000,TONELADA MÉTRICA,6402.0,11924225.0,7468.0,14263209.0
371870.0,PLANCHAS,32800001,UNIDAD,33300.0,703134.0,38898.0,1010268.0
371870.0,TINTA A COLOR,35130,KILOGRAMO,45465.0,991981.0,41809.0,949254.0
371870.0,TINTA NEGRA,35130,KILOGRAMO,21605.0,250985.0,21585.0,251270.0
371870.0,REVELADOR,48342999,LITRO,1820.0,50544.0,1846.0,51349.0
371870.0,OTROS MATERIALES,99999994,VALOR,0.0,8794847.0,0.0,13490866.0
373510.0,EMBALAJES,99999994,KILOGRAMO,12479.0,409370.0,13093.0,426035.0
374207.0,VARIOS,99999994,VALOR,0.0,280398.0,0.0,257181.0
375027.0,ARCILLA,15400,TONELADA MÉTRICA,129262.0,1672018.0,131324.0,1698686.0
378102.0,MADERAS,031,METRO CÚBICO,55000.0,1316754.0,55000.0,1316754.0
378184.0,VARIOS,99999994,VALOR,0.0,0.0,0.0,627647.0
378922.0,CEMENTO,37440001,VALOR,0.0,300118.68,0.0,300118.68
378922.0,HORMIGON,37510002,UNIDAD,1.0,1694511.61,1.0,1694511.61
378922.0,FIERROS,41261005,VALOR,0.0,926357.42,0.0,926357.42
378922.0,"MADERA, LISTONES, FENOLICOS",99999993,VALOR,0.0,511769.23,0.0,511769.23
378922.0,MATERIAL DE ELECTRICIDAD,99999994,VALOR,0.0,1976750.37,0.0,1976750.37
378922.0,MATERIAL DE PLOMERIA,99999994,VALOR,0.0,949708.77,0.0,949708.77
378922.0,MATERIALES DE OBRA FINA,99999994,VALOR,0.0,4645713.99,0.0,4645713.99
378922.0,"OTROS MATERIALES, SUMINISTROS E INSUMOS",99999994,VALOR,0.0,3731460.95,0.0,3731460.95
380152.0,VARIOS,99999994,VALOR,0.0,209173.0,0.0,209173.0
380726.0,VARIOS,99999994,VALOR,0.0,8359206.0,0.0,5693614.0
382489.0,TRIPLEX 245 GRS,32129021,UNIDAD,206958.0,379048.0,158015.0,345042.0
382489.0,TRIPLEX 330 GRS 78 X 112,32129021,UNIDAD,89600.0,233655.0,143728.0,416811.0
382489.0,TRIPLEX 225 GRS 78 X 112,32129021,UNIDAD,126000.0,231108.0,19791.0,42895.0
382489.0,TRIPLEX CARTON IBEMA 300 GRS 65 X 78,32129021,UNIDAD,164500.0,228031.0,164500.0,229212.0
382489.0,TRIPLEX CARTON IBEMA 350 GRS,32129021,UNIDAD,112000.0,231040.0,51350.0,108412.0
382489.0,PAPEL CERVECERO METALICO PLUS 67X77,32129999,UNIDAD,862000.0,424286.0,534428.0,306392.0
382489.0,PAPEL SINTETICO TESLIN 330 MM,32129999,UNIDAD,50490.0,351410.0,126100.0,621001.0
382489.0,PAPEL SINTETICO 90 GRS 71 1 X 101,32129999,UNIDAD,150000.0,335978.0,29142.0,85858.0
382489.0,PLACAS TERMALES 811 X 1055,32800002,PIEZA,10000.0,46639.0,16786.0,809630.0
382489.0,PLACAS TERMALES 745 X 660,32800002,PIEZA,20000.0,513057.0,12719.0,333079.0
382489.0,OTROS,99999994,VALOR,0.0,12251831.0,0.0,18035285.0
384088.0,FIERROS Y ACEROS DE CONSTRUCCION,41261005,PIEZA,58440.0,2541770.0,58440.0,2541770.0
384088.0,"OTROS (ALAMBRES, PERNOS)",4294,UNIDAD,7588.0,2370501.0,10330.133349869922,3227147.0
384211.0,INSUMOS VARIOS,99999994,VALOR,0.0,3419335.0,0.0,3419335.0
384293.0,VARIOS,99999994,VALOR,0.0,0.0,0.0,3284161.0
384498.0,ADITIVOS PARA HORMIGON,35499026,VALOR,0.0,1825412.0,0.0,1825412.0
384498.0,CEMENTO,37440001,UNIDAD,72426.0,3621325.0,72426.0,3621325.0
384949.0,ASFALTO,15330000,TONELADA MÉTRICA,4176.0,13576187.0,2988.0,9714115.0
384949.0,GASOLINA ESPECIAL,33311000,LITRO,52778.0,197388.0,33486.0,125236.0
384949.0,KEROSENE,3334,LITRO,128033.0,348248.0,97150.0,264248.0
384949.0,DIESEL,33360000,LITRO,1805345.0,6715885.0,882964.0,3284625.0
384949.0,BARRERAS DE CONTENCION,42190,METRO (LINEAL),4102.0,2841060.0,4102.0,2841052.0
384949.0,TERMOTANQUE,44825001,PIEZA,3.0,452400.0,0.0,0.0
384949.0,OTROS MATERIALES,99999994,VALOR,0.0,4468172.0,0.0,15606423.0
385851.0,PAPEL,32129001,KILOGRAMO,3249554.0,2142308.0,2125321.0,1781353.0
385851.0,CARTULINA,32129014,KILOGRAMO,1687452.0,314511.0,1349962.0,288386.0
385851.0,PLÁSTICO,99999994,KILOGRAMO,1594215.0,214334.0,1275372.0,123594.0
386261.0,BOLSAS YUTE,27150002,BARRA,45500.0,105534.0,39629.0,91916.63485714285
386261.0,BOLSAS PLASTICAS,36410001,KILOGRAMO,819.0,26710.0,798.0,26025.128205128203
387409.0,VARIOS,99999994,VALOR,0.0,0.0,0.0,565860.0
389828.0,CEMENTO ASFALTICO 85/100 TIPO II,37440009,KILOGRAMO,129800.0,390895.03,78400.0,232010.89
389828.0,EMULSION VIA PRIME TIPO I,37940,KILOGRAMO,74570.0,388256.4,16520.0,85027.13
389828.0,EMULSION VIA PRIME TIPO II,37940,KILOGRAMO,11200.0,26902.17,11200.0,26902.17
389828.0,CEMENTO ASFALTICO 85/100 TIPO I,37940004,KILOGRAMO,0.0,0.0,48000.0,1091085.6
389828.0,CEMENTO ASFALTICO 85/100 A GRANEL,37940004,TONELADA MÉTRICA,30.03,130630.5,30.03,130630.5
389828.0,OTROS MATERIALES,99999994,VALOR,0.0,43273.89999999991,0.0,43273.70999999996
390074.0,VARIOS,99999994,VALOR,0.0,4377942.614456751,0.0,4377500.614456751
390689.0,AGREGADOS,153,METRO CÚBICO,200000.0,1800000.0,200000.0,1800000.0
390689.0,TUBOS PVC,36320001,UNIDAD,3.0,2000.0,3.0,2000.0
390689.0,CEMENTO,37440001,UNIDAD,36000.0,2016000.0,30000.0,1788014.0
390689.0,FIERRO CORRUGADO 5/16 8.0MM,41261005,BARRA,76800.0,2116608.0,76800.0,2116608.0
390689.0,FIERRO CORRUGADO 1/4 6.00MM,41261005,BARRA,200000.0,3118000.0,200000.0,3118000.0
390689.0,FIERRO CORRUGADO 3/8 9.5M,41261005,BARRA,6209.4,248500.0,6209.4,248500.0
390689.0,FIERRO CORRUGADO 1/2 12.00M,41261005,BARRA,3144.17,195410.0,3144.17,195410.0
390689.0,"CAÑERÍA GALVANIZADA 1/2 """,41283003,BARRA,24316.11,1200000.0,24316.11,1200000.0
390689.0,"CAÑERÍA GALVANIZADA 3/4""",41283003,ARROBA,9218.05,580000.0,9218.05,580000.0
390689.0,"CAÑERÍA GALVANIZADA 1 1/4 """,41283003,BARRA,972.99,120000.0,972.99,120000.0
390689.0,OTROS,99999994,VALOR,0.0,2801.0,0.0,2801.0
391058.0,PREFORMAS,36490998,PIEZA,3729712.0,1726792.0,2025239.0,1015318.0
392862.0,"COMPRA DE MATERIALES ( CEMENTO, ARENILLA, RIPIO, FIERROS CORRUGADOS)",99999993,VALOR,0.0,11596855.0,0.0,11596855.0
393436.0,VARIOS,99999994,VALOR,0.0,9040481.89644164,0.0,9040481.89644164
393559.0,INSUMOS VARIOS,99999994,VALOR,0.0,2238264.0,0.0,2238264.0
393723.0,LONAS,26690006,METRO CUADRADO,5000.0,20000.0,4500.0,18000.0
393723.0,MATERIAS PRIMAS VARIAS,99999994,VALOR,0.0,3127842.69659036,0.0,3129842.69659036
394215.0,VARIOS,99999994,VALOR,0.0,4500.0,0.0,4500.0
395240.0,OTROS MATERIALES,99999994,VALOR,0.0,8192352.0,0.0,8192352.0
395445.0,VARIOS,99999994,VALOR,0.0,693585.5036206312,0.0,2520506.503620631
395609.0,ENDULCORANTES,23210008,KILOGRAMO,25.0,4698.0,25.0,4698.0
395609.0,AZUCAR,23520,KILOGRAMO,57600.0,269180.0,52100.0,243477.0
395609.0,AROMAS,23991002,KILOGRAMO,2095.0,351423.0,2095.0,351423.0
395609.0,ADITIVOS SAVORIZANTES,23999012,KILOGRAMO,1029.0,158713.0,818.0,120522.0
395609.0,CONCENTRADO VITAMINAS QUIBEN,23999012,KILOGRAMO,20.0,11650.0,20.0,11650.0
395609.0,BENZOATO DE SODIO,34140009,KILOGRAMO,100.0,2750.0,100.0,2750.0
395609.0,SORBATO DE POTACIO,34140015,KILOGRAMO,150.0,1500.0,150.0,1500.0
395609.0,ACIDO CITRICO,34140023,LITRO,3425.0,35750.0,3425.0,35750.0
395609.0,GAS CARBONICO,34210004,METRO CÚBICO,16475.0,146177.0,16475.0,146177.0
395609.0,ACIDO FOSFORICO,34232000,LITRO,800.0,9880.0,800.0,9880.0
395609.0,INTANTGUM BA,34740998,KILOGRAMO,200.0,18800.0,200.0,18800.0
395609.0,CAFEINA,35250003,KILOGRAMO,225.0,37552.0,225.0,37552.0
395609.0,TAURINA,35250003,KILOGRAMO,200.0,35594.0,200.0,35594.0
395609.0,EDTA CALCIO DISODICO,35499016,KILOGRAMO,25.0,2000.0,25.0,2000.0
395609.0,OTROS MATERIALES,99999994,VALOR,0.0,26833.0,0.0,89026.816233707
396634.0,PAPELERIA,32129,UNIDAD,26000.0,800000.0,26000.0,800000.0
396634.0,PAPEL HIGIENICO,32193002,UNIDAD,10000.0,400000.0,10000.0,400000.0
396634.0,PAPEL TOALLA,32193004,UNIDAD,6607.0,380000.0,6607.0,380000.0
396634.0,JABON LIQUIDO,35321008,LITRO,18751.0,300016.0,18751.0,300016.0
396634.0,CERA,35333009,LITRO,2160.0,237600.0,2160.0,237600.0
396634.0,OTROS,99999994,UNIDAD,200000.0,200000.0,200000.0,200000.0
397167.0,BENCENO,34110011,LITRO,5.0,5500.0,33.283255632457745,36611.58119570352
397167.0,CLOROFORMO,34110016,LITRO,15.0,10500.0,99.84976689737323,69894.83682816126
397167.0,AGAR MICROBIOLOGICO,346,LITRO,5.0,5800.0,33.283255632457745,38608.57653365099
397167.0,PROBETA VIDRIO,37195006,PIEZA,10.0,1100.0,66.56651126491549,7322.316239140704
397167.0,PERILLAS,37195999,UNIDAD,10.0,4200.0,66.56651126491549,27957.934731264504
397167.0,PIPETAS,37195999,PIEZA,20.0,2300.0,133.13302252983098,15310.297590930562
397167.0,FRASCOS VIDRIO TAPA ROSCA,37195999,PIEZA,100.0,4600.0,665.6651126491549,30620.595181861125
397167.0,MEMBRANAS,43914006,PIEZA,1000.0,6960.0,6523.709387040065,45405.01733379885
397167.0,PROPIPETA GOMA,48253002,PIEZA,10.0,1050.0,66.56651126491549,6989.483682816126
397167.0,CELDAS REPUESTOS,48285000,PIEZA,1000.0,6960.0,6522.752971648328,45398.36068267236
397167.0,VARIOS,99999994,VALOR,0.0,385382.0,0.0,385382.0
399053.0,POLIETILENO ALTA DENSIDAD,34710001,KILOGRAMO,77000.0,979074.0,64508.63031870555,820243.1522163159
399053.0,POLIETILENO BAJA DENSIDAD,34710001,KILOGRAMO,25200.0,286020.0,21111.915377030906,239620.23952930077
399053.0,POLESTIRENO,34720001,KILOGRAMO,0.0,0.0,278.0,3097.0
399053.0,POLICLORURO DE VINILO,34730002,KILOGRAMO,27000.0,306450.0,22619.909332533116,256735.97092425087
399053.0,POLIETILENO TEREFTALADO,34740007,KILOGRAMO,0.0,0.0,24200.0,269368.0
399053.0,POLIPROPILENO,34790011,KILOGRAMO,9000.0,108000.0,7539.969777511039,90479.63733013246
399258.0,MATERIALES VARIOS,99999994,VALOR,0.0,21524.0,0.0,210789.0
402087.0,UVA,01330001,KILOGRAMO,3493256.0,13947304.0,3493256.0,13947304.0
402087.0,CORCHO AGLOMERADO,31922001,UNIDAD,5124000.0,1086200.0,5923673.0,1246125.0
402087.0,BOTELLAS 700CC,37191007,UNIDAD,4175301.0,8989952.0,5012902.0,11133129.0
402087.0,BOTELLA 750 MERITAGE,37191007,UNIDAD,50715.0,234444.0,80799.0,378923.0
402087.0,BOTELLA 750 VINOS FINOS,37191007,UNIDAD,1702997.0,3597924.0,1354198.0,2881983.0
402087.0,BOTELLA 750 BICENTENARIO RAPEL,37191007,UNIDAD,6090.0,24767.0,3924.0,14959.0
402087.0,BOTELLA BARONESA VINO ICONO,37191007,UNIDAD,2250.0,16865.0,0.0,0.0
402087.0,BOTELLA BURDEO MAIPO ICONO,37191007,UNIDAD,6370.0,40924.0,0.0,0.0
402087.0,BOTELLA PICADA ESTELAR,37191007,UNIDAD,10500.0,43903.0,5020.0,21099.0
402087.0,BOTELLA 750CC AMARON,37191007,UNIDAD,9786.0,25098.0,0.0,0.0
402087.0,MERCADERIAS EN GENERAL,99999994,UNIDAD,14154056.0,3679773.0,12284546.0,2828398.0
402087.0,OTRAS MATERIAS PRIMAS,99999994,VALOR,0.0,5669833.0,0.0,5380384.0
404998.0,CARTON,32135000,KILOGRAMO,2000000.0,2000000.0,1050000.0,1050000.0
405039.0,VARIOS,99999994,VALOR,0.0,2379700.614438262,0.0,2379700.614438262
409795.0,OTROS MATERIALES,99999994,VALOR,0.0,7032851.0,0.0,7032851.0
409877.0,VARIOS,99999994,VALOR,0.0,71587.0,0.0,71587.0
411148.0,INSUMOS VARIOS PARA LA CONSTRUCCIÓN Y OTROS,99999994,VALOR,0.0,1857819.0,0.0,1857819.0
413485.0,PALET DE MADERA,31914018,PIEZA,630.0,92081.0,1053.3097805472773,153952.09190884736
413485.0,FILM STRECH,36920007,PIEZA,4400.0,352000.0,7356.449260965111,588515.9408772088
413485.0,HEBILLA PLASTICA,38994006,KILOGRAMO,70.0,19600.0,117.03442006080856,32769.6376170264
413485.0,FLEJE,41222001,KILOGRAMO,147.0,37926.0,245.772282127698,63409.24878894608
413485.0,OTROS MATERIALES,99999994,VALOR,0.0,328868.0,0.0,549841.0808079713
414100.0,HARINA,23110001,LIBRA,14124493.0,16369583.0,10611814.0,12405124.0
414100.0,HILO DE ALGODÓN 12/5,26350000,KILOGRAMO,207.0,11362.0,207.0,11362.0
414100.0,BOLSAS DE POLIPROPILENO,36410,PIEZA,235065.0,416359.0,235065.0,416359.0
414100.0,BOLSAS PLÁSTICAS,36410001,OTROS,74.0,8081.0,74.0,8081.0
414100.0,ENVASES PLÁSTICOS,36490001,KILOGRAMO,1537.0,30377.0,6316.0,125931.0
414100.0,CINTA DE EMBALAJE,36920007,ROLLO,361.0,3315.0,361.0,3315.0
419266.0,ROKA MULTI 60200,35499026,KILOGRAMO,1800.0,22994.1,1800.0,22994.1
419266.0,ROKA RAPID 5020,35499026,KILOGRAMO,20.0,2436.0,20.0,2436.0
419266.0,ROKA RAPID 5200 - 200 KG,35499026,KILOGRAMO,200.0,3105.9,200.0,3105.9
419266.0,FIBRA DE PROPILENO,35510004,GRAMO,5011.0,78430.5,5011.0,78430.5
419266.0,FIBRA DE PROPILENO,35510004,GRAMO,33.0,12919.5,33.0,12919.5
419266.0,OTROS MATERIALES,99999994,VALOR,0.0,3846170.63762325,0.0,3846170.63762325
420168.0,MATERIAL DE CONSTRUCCIÓN,99999994,VALOR,0.0,4458178.553903589,0.0,4458178.553903589
420291.0,"KIT PARA TRANSPORTE DE MUESTRAS GEOLÓGICAS (BANDEJAS, TAPAS Y SEPARADORES)",99999994,UNIDAD,200.0,75494.0,200.0,75494.0
421234.0,"ENVASES, EMBALAJES y OTROS INSUMOS",99999994,VALOR,0.0,116030.0,0.0,116030.0
421931.0,"MATERIAL FERROSO CHAPA ,  CAÑERÍA , FIERRO LIZO",412,VALOR,0.0,200311616.0,0.0,276486759.0
422915.0,GASOLINA,33311000,LITRO,56000.0,209440.0,55000.0,205700.0
422915.0,OTROS MATERIALES,99999994,VALOR,0.0,6123614.0,0.0,5804934.72
424227.0,"MATERIALES PARA EL SERVICIO(PINTURA PARA DEMARCACIÓN,MATERIAL TERMOPLASTICO,PLÁSTICO EN FRIÓ,ESFERAS Y MICROESFERAS DE VIDRIO,O",99999994,VALOR,0.0,1301101.0,0.0,1452054.0
429639.0,"ENVASES, EMBALAJES y OTROS INSUMOS",99999994,VALOR,0.0,73139.0,0.0,73139.0
430582.0,COMPRAS ALMACEN,99999994,VALOR,0.0,11743079.0,0.0,11743079.0
430869.0,PAPEL BOND,32129001,UNIDAD,24000.0,1920.0,38252.37586240404,3060.190068992323
430869.0,ARCHIVADORES CONDOR,32153013,UNIDAD,140.0,8400.0,223.1388591973569,13388.331551841415
430869.0,BOLIGRAFOS Y MARCADORES,38911,UNIDAD,120.0,120.0,191.2618793120202,191.2618793120202
430869.0,OTROS MATERIALES,99999994,VALOR,0.0,92470.0,0.0,147383.21649985423
435543.0,DIOXIDO DE TITANIO,34220006,KILOGRAMO,4000.0,100000.0,3408.0,75660.0
435543.0,CARBONATO DE CALCIO,34240073,KILOGRAMO,54000.0,183600.0,75308.0,263579.0
435543.0,RESINA DE PVC,34730006,KILOGRAMO,757788.0,5600079.0,976918.0,5979109.0
435543.0,PIGMENTOS,34790024,KILOGRAMO,1490.0,26378.0,1216.0,13311.0
435543.0,NAFTOMIX,34790998,KILOGRAMO,20000.0,614000.0,19421.0,368992.0
435543.0,ANILLAS DE GOMA,36270999,PIEZA,33887.0,227177.0,41288.0,605574.0
438577.0,VARIOS,99999994,VALOR,0.0,0.0,0.0,25707035.0
438782.0,PRECINTOS,32197002,UNIDAD,36000.0,7200.0,36000.0,7200.0
438782.0,CARBURO DE CALCIO,34280002,KILOGRAMO,12850.0,147613.0,12950.0,146348.0
442923.0,VARIOS,99999994,VALOR,0.0,1278638.0,0.0,1235641.0
443333.0,ALAMBRON,41241001,KILOGRAMO,11470901.0,41940737.0,9027075.0,28890080.0
443333.0,OTROS MATERIALES,99999994,VALOR,0.0,2734470.0,0.0,4165987.71705895
445301.0,VARIOS,99999994,VALOR,0.0,10742572.265115548,0.0,10742572.265115548
446367.0,PAPEL,32129001,UNIDAD,10000000.0,3345612.0,10000000.0,3345612.0
446367.0,TINTAS,35130,OTROS,2000000.0,281797.0,2000000.0,281797.0
446367.0,MATERIALES,99999994,VALOR,0.0,423186.0,0.0,423186.0
450180.0,INSUMOS VARIOS PARA LA CONSTRUCCIÓN,99999994,VALOR,0.0,3251759.0,0.0,3251759.0
451041.0,ARIDOS,153,VALOR,0.0,1379372.0,0.0,1379372.0
451041.0,MADERA DE CONSTRUCCION,31330,PIE CUADRADO,13206.0,2065059.0,13206.0,2065059.0
451041.0,CERAMICA,37370,VALOR,0.0,1724216.0,0.0,1724216.0
451041.0,CEMENTO BOLSA 50 KG,37440001,UNIDAD,38315.0,2298954.0,38315.0,2298954.0
451041.0,FIERRO,41261005,TONELADA MÉTRICA,610000.0,3448431.0,610000.0,3448431.0
451041.0,OTROS,99999994,VALOR,0.0,578739.0,0.0,578739.0
451738.0,VERDURAS,012,ARROBA,2100.0,25200.0,2876.623673561129,34519.48408273355
451738.0,PAPA,01510001,ARROBA,300.0,76800.0,404.097135095492,103448.86658444595
451738.0,CARNES,211,KILOGRAMO,2400.0,81600.0,3287.569912641291,111777.37702980389
451738.0,POLLO,21121000,KILOGRAMO,6720.0,100800.0,9205.195755395613,138077.9363309342
451738.0,"ARROZ, FIDEO, AZUCAR, HARINA",23,QUINTAL,84.0,27720.0,110.95548455164356,36615.309902042376
451738.0,OTROS MATERIALES,99999994,VALOR,0.0,722331.0,0.0,989464.0260700401
455100.0,BOBINAS CHAMBRIL,32129001,KILOGRAMO,0.0,0.0,550322.0,3445978.0
455100.0,BOBINAS QUIMICA,32191005,KILOGRAMO,50596.0,621274.0,113251.0,1436507.0
455100.0,LAMINAS,32690014,UNIDAD,2131870.0,971761.0,1235757.0,507597.0
455100.0,PLACAS,36330,PIEZA,24410.0,677238.0,1582.0,14486.0
455100.0,APARAS,99999994,KILOGRAMO,3946557.0,9310018.0,1428950.0,3038996.0
455100.0,OTROS,99999994,VALOR,0.0,4470552.0,0.0,7587381.0
455387.0,AGREGADOS,153,VALOR,0.0,423077.0,0.0,423077.0
455387.0,CEMENTO,37440001,OTROS,31506.0,1480769.0,31506.0,1480769.0
455387.0,FIERROS,41261005,VALOR,0.0,211538.0,0.0,211538.0
457437.0,INSUMOS VARIOS PARA LA CONSTRUCCIÓN,99999994,VALOR,0.0,11908536.0,0.0,11908536.0
459979.0,PIEDRA CALIZA,15120003,TONELADA MÉTRICA,1614.0,260169.0,2466.0,384643.0
459979.0,ARENA BLANCA,15310999,TONELADA MÉTRICA,1825.0,127041.0,2436.0,191432.0
459979.0,ARCILLAS,15400,TONELADA MÉTRICA,7192.0,416964.0,7944.0,498686.0
459979.0,CAOLIN,15400003,KILOGRAMO,22300.0,73560.0,2580.0,92930.0
459979.0,ENGOBE,15400999,KILOGRAMO,164400.0,706478.0,168500.0,1350732.0
459979.0,MICRONIZADO,15400999,KILOGRAMO,12600.0,130705.0,14000.0,180746.0
459979.0,FELDESPATO,16390012,KILOGRAMO,72650.0,68667.0,74160.0,78788.0
459979.0,ENVASES DE CARTON,32153007,PIEZA,113180.0,258215.0,115837.0,264701.0
459979.0,OXIDO DE ZINC,34220001,KILOGRAMO,0.0,0.0,1000.0,30247.0
459979.0,TRIPOLIFOSFATO DE SODIO,34240056,KILOGRAMO,48000.0,464376.0,49150.0,647124.0
459979.0,SILICATO DE SODIO,34270003,KILOGRAMO,0.0,0.0,1900.0,49278.0
459979.0,SILICATO DE SODIO,34270003,KILOGRAMO,4000.0,61523.0,5000.0,82581.0
459979.0,MEDIUM PEG 400,34710001,KILOGRAMO,18700.0,426096.0,19250.0,482875.0
459979.0,PIGMENTOS,35110020,KILOGRAMO,4700.0,317982.0,5400.0,474084.0
459979.0,VEHICULO SERIGRAFICO,35499024,KILOGRAMO,0.0,0.0,2050.0,55021.0
459979.0,FRITAS,35499999,KILOGRAMO,215500.0,1266714.0,223501.0,1909840.0
459979.0,FIJADOR,35499999,KILOGRAMO,9000.0,72050.0,9750.0,86552.0
459979.0,VEHICULO ROTOCOLOR,35499999,KILOGRAMO,0.0,0.0,365.0,6446.0
459979.0,REVESTIMIENTO MOLINOS,37370,KILOGRAMO,0.0,0.0,1800.0,24389.0
459979.0,BLANOSE CERAMICA,37370002,KILOGRAMO,0.0,0.0,264.0,9933.0
459979.0,ALUMINA,41432,KILOGRAMO,0.0,0.0,1000.0,6734.0
459979.0,ESFERAS DE ALUMINA,41432,KILOGRAMO,25000.0,275322.0,29400.0,348602.0
463956.0,OTROS MATERIALES,99999994,VALOR,0.0,824341.839885726,0.0,830627.839885726
466293.0,"ENVASES, EMBALAJES y OTROS INSUMOS",99999994,VALOR,0.0,3690.0,0.0,3690.0
466826.0,INSUMOS DE LIMPIEZA,99999994,VALOR,0.0,283713.77,0.0,283099.15850468795
466826.0,SERVICIOS TELECOMUNICACIONES,99999994,VALOR,0.0,14496.21,0.0,25775.32878448642
466826.0,COSTOS VARIABLE SPA,99999994,VALOR,0.0,1189.26,0.0,2152.518159795658
466826.0,COSTO VARIABLE LAVANDERÍA,99999994,VALOR,0.0,139311.54,0.0,246899.51742996782
466826.0,OTROS SUMINISTROS,99999994,VALOR,0.0,7103.8,0.0,12750.47712106219
468835.0,AGREGADOS,153,METRO CÚBICO,4115.0,433955.0,4115.0,433955.0
468835.0,MADER DE CONSTRUCCION,31330,PIE CUADRADO,1850.0,48238.0,1850.0,48238.0
468835.0,MATERIAL EXPLOSIVO,35450002,OTROS,326.0,13563.0,326.0,13563.0
468835.0,SIKA,35499026,PIEZA,27.0,15153.0,27.0,15115.3
468835.0,LADRILLO,37350002,PIEZA,56000.0,56389.0,56000.0,56389.0
468835.0,CEMENTO,37440001,KILOGRAMO,320000.0,373655.72,320000.0,373655.72
468835.0,FIERRO DE CONSTRUCCION,41261005,KILOGRAMO,105097.0,651607.0,105097.0,651607.0
468835.0,CALAMINAS Y BOBINAS DE ZINC,42190015,OTROS,285950.0,2594373.0,200900.0,1822773.0
468835.0,MALLA OLIMPICA,42943005,METRO CUADRADO,1117.0,26996.0,1117.0,26996.0
468835.0,TABLEROS ELECTRICOS,46213001,PIEZA,25.0,96882.0,25.0,96882.0
468835.0,CABLES,46340001,METRO (LINEAL),22809.0,144250.0,22809.0,144250.0
468835.0,OTROS MATERIALES,99999994,VALOR,0.0,1093749.2800000003,0.0,1093749.2800000003
471869.0,MATERIALES DE CONSTRUCCION Y FERRETERIA EN GENERAL,99999994,VALOR,0.0,3694445.0,0.0,3694445.0
477035.0,INSUMOS VARIOS,99999994,UNIDAD,0.0,0.0,0.0,0.0
477650.0,VARIOS,99999994,VALOR,0.0,18701.0,0.0,18701.0
479823.0,"ENVASES, EMBALAJES y OTROS INSUMOS",99999994,VALOR,0.0,1217.0,0.0,1217.0
480643.0,250022-669 LUBRICANTE SULLUBE GL 3.78 LT,33380000,LITRO,1716.12,92046.0,858.06,46023.0
480643.0,LUBRICANTE DELVAC MX 15W-40 (GLN),33380000,LITRO,1072.0,26978.0,964.8,24280.2
480643.0,LUBRICANTE DELVAC HYDRAULIC 10W (LT.),33380000,LITRO,803.0,24578.0,401.5,12289.0
480643.0,1R-1804 FILTER ELEMENT. AS FUEL,43915001,UNIDAD,20.0,16112.0,10.0,8056.0
480643.0,250034-112 ELE. FIL. SEPARADOR,43915999,UNIDAD,5.0,12262.0,4.0,9809.6
480643.0,02250078-031 ELE.FILTRO SEPARADOR 185,43915999,UNIDAD,2.0,3759.0,2.0,3759.0
480643.0,02250143-278 INDICADOR DE TEMPERATURA,48251999,UNIDAD,12.0,14685.0,10.8,13216.5
485235.0,AGREGADOS,153,VALOR,0.0,533349.0,0.0,533349.0
485235.0,CEMENTO,37440001,UNIDAD,15478.0,746689.0,15478.0,746689.0
485235.0,FIERRO,41261005,VALOR,0.0,853359.0,0.0,853359.0
495608.0,"ARENA, GRAVA Y PIEDRA",153,VALOR,0.0,66137.0,0.0,66137.0
495608.0,CEMENTO,37440001,UNIDAD,135314.0,6224447.0,135314.0,6224447.0
495608.0,MATERIAL QUINCALLERIA,42992,VALOR,0.0,28153365.0,0.0,28153365.0
495608.0,MATERIAL ELÉCTRICO,99999994,VALOR,0.0,577163.0,0.0,577163.0
495608.0,MATERIAL PLOMERIA,99999994,VALOR,0.0,265867.0,0.0,265867.0
495608.0,OTROS MATERIALES DE CONSTRUCCION,99999994,VALOR,0.0,47580660.0,0.0,47580660.0
497863.0,ROPA DE TRABAJO,28236010,VALOR,0.0,492063.0,0.0,656020.0
497863.0,MATERIAL HIDRO SANITARIO,99999994,VALOR,0.0,10111944.0,0.0,9405926.0
497863.0,HERRAMIENTAS,99999994,VALOR,0.0,148219.0,0.0,133350.0
497863.0,INSUMOS Y REPUESTOS DE MANTENIMIENTO,99999994,VALOR,0.0,2153477.0,0.0,2165052.0
497863.0,INSUMOS DE COMPUTACIÓN,99999994,VALOR,0.0,4545.0,0.0,4457.0
497863.0,MATERIAL DE LIMPIEZA,99999994,VALOR,0.0,37796.0,0.0,2346.0
497863.0,MATERIAL DE CONSTRUCCIÒN,99999994,VALOR,0.0,3336713.0,0.0,6920621.0
497863.0,MATERIAL DE ESCRITORIO,99999994,VALOR,0.0,10351.0,0.0,11019.0
497863.0,MATERIAL DE IMPERMEABILIZACION,99999994,VALOR,0.0,1746274.0,0.0,1894590.0
497863.0,MATERIAL ELECTRICO,99999994,VALOR,0.0,11370.0,0.0,11418.0
497863.0,ARTICULOS DE SEGURIDAD INDUSTR,99999994,VALOR,0.0,266095.0,0.0,290705.0
497863.0,PRODUCTOS QUIMICOS,99999994,VALOR,0.0,655045.0,0.0,634346.0
497863.0,OTROS MATERIALES,99999994,VALOR,0.0,2314.0,0.0,2063.0
500282.0,MATERIALES DE CONSTRUCCIÓN,99999994,UNIDAD,468266.0,9014418.0,468266.0,9014418.0
501430.0,CORCHOS,31922002,PIEZA,2541750.0,740272.0,4078167.0,1079331.0
501430.0,CAJAS DE CARTON,32153004,PIEZA,391398.0,908378.0,293517.0,700036.0
501430.0,ETIQUETAS,32197002,PIEZA,5693985.0,1406493.0,4080349.0,1087146.0
501430.0,PEGAMENTOS,35420,KILOGRAMO,3660.0,151289.0,2788.0,116302.0
501430.0,TERMOCONTRAIBLE,36410007,KILOGRAMO,16508.0,322641.19,15221.0,292169.0
501430.0,BOTELLAS,37191007,PIEZA,3590373.0,7803794.0,4063308.0,9432747.0
501430.0,CAPSULAS,42932006,PIEZA,4128590.0,588589.0,4080043.0,584791.0
501430.0,OTROS MATERIALES,99999994,VALOR,0.0,218854.0,0.0,3911.0
501430.0,OTROS MATERIALES,99999994,VALOR,0.0,12303726.81,0.0,12303725.7991337
505407.0,MATERIALES PARA LA FABRICACIÓN DE POSTES DE HORMIGÓN,99999994,UNIDAD,534975.0,16942349.0,571667.4600759316,18104378.0
505530.0,CEMENTO,37440001,VALOR,0.0,303284.0,0.0,303284.0
506760.0,CARTUCHOS,44740004,PIEZA,40938.0,2316640.42,37468.0,1440207.0
506760.0,TRUCKCLAWS,49114001,PIEZA,1000.0,192022.84,0.0,0.0
509671.0,INSUMOS VARIOS,99999994,VALOR,0.0,27957614.0,0.0,31441116.0
513525.0,OTROS MATERIALES,99999994,VALOR,0.0,783859.1110372134,0.0,697039.1110372134
515698.0,"INSUMOS DE LIMPIEZA (PAPEL HIGIENICO, DETERGENTES Y ESCOBAS)",99999993,VALOR,0.0,1512513.0,0.0,1511653.0
517051.0,VARIOS,99999994,VALOR,0.0,4610196.1019396465,0.0,4610196.1019396465
517338.0,VARIOS,99999994,VALOR,0.0,0.0,0.0,149119697.0
519511.0,PEAD,34710001,KILOGRAMO,23500.0,292920.0,22586.0,350640.0
519511.0,PEBD CONTANAMAL,34710001,KILOGRAMO,108500.0,1432219.0,261337.0,4694615.0
519511.0,PEBD INDUSTRIAL,34710001,KILOGRAMO,58825.0,772896.0,43990.0,758536.0
519511.0,PEBD LINEAL,34710001,KILOGRAMO,55500.0,689383.0,50000.0,716224.0
519511.0,POLIGREPI LENO,34790011,OTROS,9500.0,113988.0,51000.0,734344.0
519511.0,TINTAS,35130,UNIDAD,8616.0,499652.0,29629.0,970959.0
519511.0,BIUPP METAL TRANSP,36330999,KILOGRAMO,11582.0,133484.0,12000.0,341161.0
519511.0,VELATILES,99999994,OTROS,1920.0,24996.0,7899.0,206086.0
519511.0,GATO POLIMENAS,99999994,OTROS,68857.0,59906.0,70.0,115566.0
519511.0,SERAP,99999994,OTROS,17040.217298335865,47542.0,11566.0,32269.0
520331.0,MATERIAL DE EMPAQUE,99999994,UNIDAD,20400.0,121339.0,16320.0,97071.0
520413.0,AGREGADOS,153,VALOR,0.0,1017283.0,0.0,1017283.0
520413.0,PLASTOFORMOS,34720003,VALOR,0.0,169547.0,0.0,169547.0
520413.0,VIDRIOS,37112001,VALOR,0.0,339094.0,0.0,339094.0
520413.0,CEMENTO,37440001,UNIDAD,23271.0,1186830.0,23271.0,1186830.0
520413.0,FIERRO,41261005,VALOR,0.0,678189.0,0.0,678189.0
520905.0,MATERIAL DE DIAGNOSTICO ( REACTIVOS QUIMICOS ),35440,VALOR,0.0,7168.0,0.0,7168.0
520905.0,MATERIAL DE LABORATORIO ( REACTIVOS QUIMICOS ),35440,VALOR,0.0,10652.0,0.0,10652.0
520905.0,"MATERIAL DE ENFERMERIA ( GUANTES, BARBIJOS, GASAS, ALGODONES )",99999993,VALOR,0.0,1315.0,0.0,1315.0
520905.0,"MATERIAL DE MAMOGRAFIA ( GEL, PLACAS )",99999993,VALOR,0.0,6626.0,0.0,6626.0
520905.0,MATERIAL DE RADIOGRAFIA,99999994,VALOR,0.0,13582.0,0.0,13582.0
520946.0,"VIDRIOS CRUDO, PVB",37111,METRO CUADRADO,710951.0,1154520.0,593725.8629620968,964157.0
521643.0,CAJAS QINDAU Ø 28,32153004,UNIDAD,4694.0,51634.0,670.0,7369.0
521643.0,GASOLINA,33311000,LITRO,802.0,2718.0,802.0,2718.0
521643.0,THINER NORMAL,33390001,LITRO,1201.0,10223.0,1144.0,9748.0
521643.0,BICLORURO DE MERCURIO,34240994,GRAMO,20.0,161.0,20.0,161.0
521643.0,LATEX COMPUESTO SELLANTE,34800005,KILOGRAMO,740.0,61841.0,1595.0,83013.0
521643.0,ESMALTE BLANCO,35110003,KILOGRAMO,2370.0,125089.0,1595.0,83013.0
521643.0,NYLON PRINT,36410003,OTROS,50.0,23081.0,50.0,23081.0
521643.0,TAPA 701 - C/PICO BLANCO,36490007,UNIDAD,1527097.0,106897.0,1235210.0,86465.0
521643.0,TAPA H21-C/PICO BLANCO,36490007,UNIDAD,413310.0,24799.0,72467.0,4348.0
521643.0,TEJOS Ø 16X3.8,99999994,KILOGRAMO,4003.0,105778.0,2968.0,78427.0
521643.0,OTROS,99999994,VALOR,0.0,406434.0,0.0,659980.0
522381.0,ARCILLA,15400,VALOR,0.0,0.0,0.0,149880.817681448
522381.0,POLIESTILENO EXPANSIBLE,34720003,KILOGRAMO,20000.0,303956.0,17000.0,238000.0
522381.0,OTROS MATERIALES,99999994,VALOR,0.0,576746.0,0.0,451597.18231855164
523693.0,VARIOS,99999994,VALOR,0.0,245197.0,0.0,323578.0
523980.0,PAPEL,32129,KILOGRAMO,22263.0,347434.0,22263.0,347434.0
523980.0,CARTULINA,32129014,KILOGRAMO,1239.0,12955.0,1239.0,12955.0
523980.0,PAPEL WHITE,32129999,KILOGRAMO,6736.0,24833.0,6736.0,24833.0
523980.0,PAPEL KRAFT,32132001,KILOGRAMO,12946586.0,23107850.0,12946586.0,23107850.0
523980.0,PAPEL TESTLINER,32135000,KILOGRAMO,380608.0,294017.0,380608.0,294017.0
523980.0,PAPEL SULFITO,32136002,KILOGRAMO,274449.0,2886084.0,274449.0,2886084.0
523980.0,PAPEL ESTUCADO,32143003,KILOGRAMO,5294.0,2934.0,5294.0,2934.0
523980.0,PAPEL CORRUGADO,32151001,KILOGRAMO,9382071.0,6392436.0,9382071.0,6392436.0
523980.0,PAPEL ONDA,32151001,KILOGRAMO,111705.0,95386.0,111705.0,95386.0
523980.0,PAPEL CORRUGADO,32151001,KILOGRAMO,25294.0,96877.0,25294.0,96877.0
523980.0,OTROS,99999994,KILOGRAMO,2539584.0,82472386.0,2539584.0,67126143.0
524062.0,PIEDRA CALIZA,15120003,KILOGRAMO,6046010.0,520742.0,6047355.0,522446.0
524062.0,PVA KURALON BLANCO,26210001,KILOGRAMO,31141.0,871249.0,31141.0,871249.0
524062.0,CARBONATO DE CALCIO,34240073,KILOGRAMO,4134160.0,1000265.0,31141.0,871249.0
524062.0,CARBONATO DE CALCIO,34240073,KILOGRAMO,1810390.0,471638.0,985165.0,256652.0
524062.0,SILRES,34790025,KILOGRAMO,8820.0,1148772.0,4295.0,559605.0
524062.0,ANTIESPUMANTE,35499999,KILOGRAMO,9800.0,693285.0,7298.0,516812.0
524062.0,CRISOLITO DE DIFERENTES MEDIDAS,37340003,KILOGRAMO,836000.0,4956482.0,1165200.0,9626328.0
524062.0,CEMENTO,37440001,UNIDAD,17542000.0,16169874.0,17646975.0,16268509.0
524062.0,CARTON RECICLADO ESPECIAL,39240,KILOGRAMO,536772.0,619266.0,555747.0,641655.0
524062.0,OTROS,99999994,VALOR,0.0,21088036.0,0.0,21685751.0
524103.0,LUPULO,23999009,OTROS,13733.47,4749572.56,8568.0,2963150.87
524103.0,ADJUNTO CERVECERO,23999010,KILOGRAMO,14172032.0,25327992.17,15888023.0,28394779.39
524103.0,MALTA,24320001,TONELADA MÉTRICA,37455.0,138164004.0,35474.0,130856491.2
524103.0,ETIQUETA 620,32197002,UNIDAD,111486000.0,1599606.21,110557000.0,1586276.87
524103.0,BOTELLAS OW,37191007,UNIDAD,17120382.0,17471831.48,15841000.0,16157820.0
524103.0,ALUMINIO,4153,KILOGRAMO,2595160.0,58242263.2,2864193.0,64280076.21
524103.0,OTRAS MATERIAS PRIMAS,99999994,VALOR,0.0,149137336.38,0.0,149081029.290999
524390.0,MATERIA PRIMA,99999994,KILOGRAMO,784784.0,31052086.0,559467.0,24219499.0
524390.0,MATERIALES,99999994,VALOR,0.0,18970090.0,0.0,27034023.0
524882.0,CAJAS DE CARTON,32153004,PIEZA,505412.0,1720392.0,465251.0,1548648.0
524882.0,PLÁSTICOS,347,KILOGRAMO,305000.0,3907361.0,384347.0,4431697.0
524882.0,PP INYECCION - POLIPROPILENO CP295 (BK),34790011,KILOGRAMO,348150.0,3971342.0,239550.0,2743382.0
524882.0,BARNICES,35110002,LITRO,31794.0,1822959.0,33015.0,1900204.0
524882.0,ESMALTES,35110003,LITRO,16430.0,681570.0,15695.0,575237.0
524882.0,PIGMENTOS,35110020,KILOGRAMO,15020.0,317534.0,4888.0,189176.0
524882.0,BOLSAS PLÁSTICAS,36410001,PIEZA,177218.0,358623.0,116081.0,199446.0
524882.0,HOJALATA,41231003,OTROS,1310108.0,12058700.0,1346172.0,12235969.0
524882.0,SOLDADURAS,42950003,KILOGRAMO,36408.0,1966429.0,28379.0,1452047.0
524882.0,ACCESORIOS,99999994,PIEZA,16989160.0,7078964.0,14132943.0,4751922.0
524882.0,OTROS,99999994,VALOR,0.0,2238723.0,0.0,3463852.0
525005.0,MANTECA VEGETAL,21700003,KILOGRAMO,120.0,1758.39,75.0,1098.99
525005.0,ROPA DE TRABAJO,28236010,PIEZA,2853.0,63718.84,2330.0,52038.17
525005.0,GASOLINA,33311000,LITRO,24000.0,81591.86,21598.0,73425.87
525005.0,DIESEL,33360000,LIBRA,2110.0,7134.96,1668.0,5640.34
525005.0,DIOXIDO DE TITANIO,34210999,KILOGRAMO,201000.0,4596061.7,166000.0,3795752.45
525005.0,OXIDO DE HIERRO,34220003,KILOGRAMO,1160.0,24782.19,1180.0,25209.47
525005.0,CARBONATO DE CALCIO,34240073,KILOGRAMO,1200000.0,3760266.76,1281750.0,4016434.93
525005.0,COMPUESTO DE PVC,34730002,KILOGRAMO,615647.0,6103208.39,625644.0,6202312.0
525005.0,RESINA DE PVC,34730006,KILOGRAMO,14378670.0,104976536.17,14432207.0,105367401.86
525005.0,POLIPROPILENO,34790011,KILOGRAMO,46000.0,629829.0,28625.0,391931.69
525005.0,COLORANTES MASTERBACH,35110023,KILOGRAMO,9448.0,291386.36,10748.0,331479.74
525005.0,MEK - MIK,35420999,KILOGRAMO,1128.84,132785.84,1103.36,129788.15
525005.0,ESTABILIZANTES,35499013,KILOGRAMO,381420.0,7724240.9,385805.0,7813042.74
525005.0,ANILLAS DE GOMA,36230003,PIEZA,1329297.0,3348012.68,1474474.0,3713660.41
525005.0,PEAD PEBD PP,36320003,KILOGRAMO,212025.0,2709933.48,213700.0,2731341.99
525005.0,ALAMBRONES DE ALUMINIO Y COBRE,415,KILOGRAMO,964943.0,44968314.2,959263.0,44703614.6
525005.0,EMBALAJES,99999994,PIEZA,781416.0,892527.36,791380.0,903907.35
525005.0,SUMINISTROS,99999994,UNIDAD,55251.0,170349.07,56109.0,172994.42
525005.0,OTRAS MATERIAS PRIMAS,99999994,VALOR,0.0,10996497.849999994,0.0,0.0
525128.0,CAÑA,01802000,TONELADA MÉTRICA,50313.0,13831423.0,50313.0,13921300.692061597
525128.0,BOLSAS,36410003,PIEZA,775000.0,1616371.0,925412.0,1626874.307938402
525210.0,PASTA DE TOMATE ALMIDON LEVADURA ESTABILIZANTE LECHE,21399013,KILOGRAMO,3798856.0,36919327.0,3144413.0,32633847.0
525210.0,OTRAS MATERIAS PRIMAS,99999994,VALOR,0.0,95057382.0,0.0,100051121.0
525251.0,DEXTROSA MONOHIDRATA 2001-ORAL,23210003,GRAMO,31000000.0,308451.0,65047920.0,528168.0
525251.0,CAJA P/DIGESTAN COMPTO.X50 SOBRES (NUEVO DISEÑO),32153004,UNIDAD,200000.0,477697.0,123513.0,260571.0
525251.0,CARTONES P/EMBALAR IMPRESOS PARA - SUEROS,32153004,UNIDAD,100176.0,424436.0,84951.0,340731.0
525251.0,LAMINA DIGESTAN COMPUESTO SOBRES (NUEVO DISEÑO),32192005,GRAMO,6569100.0,426582.0,5977478.0,317381.0
525251.0,GASOLINA,33311000,MILILITRO,55000000.0,186981.0,53571000.0,160362.0
525251.0,POLIETILENO BAJA DENSIDAD BRASKEM S0330,34710001,GRAMO,46475000.0,641078.0,55250000.0,700888.0
525251.0,POLIETILENO TB UCC 4004-NT7 DMD 6200NT-7,34710001,GRAMO,18000000.0,186265.0,14275000.0,121913.0
525251.0,N-BUTIL BROMURO DE HIOCINA,35220999,GRAMO,15000.0,540715.0,10900.0,454120.0
525251.0,AZUCAR,35240000,GRAMO,45400000.0,182325.0,37106580.0,137452.0
525251.0,BOLSAS PARA SUERO DE 1000 ML,36270002,UNIDAD,858000.0,191144.0,700932.0,148686.0
525251.0,OTROS,99999994,GRAMO,77369685.0,7556071.0,131879717.9,9921002.0
525415.0,CAJAS DE CARTON,32153004,UNIDAD,45751.0,265362.0,44924.0,260461.0
525415.0,PLANCHAS LITOGRAFICAS,32800001,VALOR,0.0,269.0,0.0,9886.0
525415.0,DARABLEND,33380000,VALOR,0.0,5234.0,0.0,84177.0
525415.0,ACEITES,33380000,KILOGRAMO,2177.0,72222.0,2127.0,67652.0
525415.0,DARAFORM,34710001,VALOR,0.0,12026.0,0.0,118322.0
525415.0,RESINAS PARA PVC,34730006,KILOGRAMO,100430.0,1204041.0,111144.0,1228979.0
525415.0,TINTAS,35110,KILOGRAMO,1300.0,91919.0,1437.0,102581.0
525415.0,BARNIZ,35110002,KILOGRAMO,6823.0,331319.0,9722.0,459809.0
525415.0,BARNIZ DORADO,35110002,VALOR,0.0,2944.0,0.0,1345.0
525415.0,ESMALTE,35110003,VALOR,0.0,1060.0,0.0,0.0
525415.0,LACA,35110015,KILOGRAMO,7378.0,386327.0,8368.0,427932.0
525415.0,PLASTISOL,35499010,KILOGRAMO,111140.0,1229883.0,111145.0,1225219.0
525415.0,BUTYL CELLOSOLVE,35499022,KILOGRAMO,4612.0,132509.0,4952.0,141432.0
525415.0,CELOX,35499999,KILOGRAMO,14000.0,349112.0,125.0,3109.0
525415.0,BOLSAS NYLON,36410001,UNIDAD,45000.0,54905.0,44878.0,54726.0
525415.0,ZUNCHOS,36490023,KILOGRAMO,720.0,3484.0,727.0,3329.0
525415.0,CINTA DE EMBALAJE,36920007,UNIDAD,730.0,12410.0,949.0,16171.0
525415.0,HOJAS DE TFS HOJALATA LIBRE DE ESTAÑO,41231003,PIEZA,835985.0,7171473.0,876550.0,7165299.0
525415.0,"HOJALATA ELECTROLITICA 0,235",41231004,VALOR,0.0,52592.0,0.0,294705.0
525415.0,REVELADORES,48342999,LITRO,60.0,53749.0,17.6,16061.0
525620.0,TRIGO NACIONAL,01112001,KILOGRAMO,0.0,0.0,157560.0,372335.0
525620.0,HILO,26350000,KILOGRAMO,96.0,3255.0,102.0,3453.0
525620.0,ADITIVOS Y FORTIFICANTES,35250001,KILOGRAMO,1175.0,81849.0,1137.0,75824.0
525620.0,ENVASES DE POLIPROPILENO,36490001,PIEZA,34800.0,54218.0,35314.0,53131.0
525620.0,AFRECHO DE TRIGO DE 23 KG.,39120009,OTROS,40017.0,800773.0,40277.40911344413,805984.0
525620.0,FICHAS,99999994,PIEZA,100000.0,5003.0,88002.0,4353.0
525743.0,MATERIALES DE EMBALAJE,99999994,VALOR,0.0,3160659.0,0.0,3425606.0
526071.0,COMPRA DE GRANO DE SOJA,01412000,TONELADA MÉTRICA,211000.0,500883243.0,211000.0,500883243.0
526276.0,RESINA/VASELINA,33500004,KILOGRAMO,665.0,60791.0,557.8626055397001,50997.03105769009
526276.0,ESTAÑO METALICO,41443,KILOGRAMO,44628.0,6384491.0,37438.033624098854,5355892.90872897
526276.0,PLOMO METALICO,41542,KILOGRAMO,58684.0,1101393.0,49229.48743382219,923948.8251175743
526276.0,ANTIMONIO,41603003,KILOGRAMO,470.0,30450.0,394.2788339904647,25544.235095765216
526276.0,INSUMOS,99999994,PIEZA,303552.0,184675.0,290450.0,177175.0
526522.0,POSTES,37560004,UNIDAD,1560.0,2326769.0,1476.0,2201482.0
526522.0,CABLES,46340001,METRO (LINEAL),216469.0,1918691.0,186006.0,1648680.0
526522.0,MEDIDORES,48263001,UNIDAD,3600.0,253882.0,7500.0,528921.0
526522.0,MATERIALES ELÉCTRICOS Y OTROS,99999994,VALOR,0.0,1343219.0,0.0,1112010.0
527301.0,KETOROLACO TROMETAMINA PARA INY.,34150001,KILOGRAMO,25.0,58333.0,56.0,135496.0
527301.0,HIDROXOCOBALAMINA SULFATO,34231029,KILOGRAMO,5.0,428245.0,8.0,683219.0
527301.0,PARACETAMOL,35220005,KILOGRAMO,10000.0,389723.0,9442.0,380569.0
527301.0,TERAPIDOL ( DIPIRONA MAGNESICA),35230002,KILOGRAMO,4500.0,659351.0,3616.0,534859.0
527301.0,DIPIRONA SODICA PARA INY,35230002,KILOGRAMO,2000.0,248486.0,1881.0,236245.0
527301.0,CIANOCOBALAMINA,35250001,KILOGRAMO,15.0,472538.0,10.0,331148.0
527301.0,TIAMINA MONONITRATO  D.C.,35250001,KILOGRAMO,100.0,53164.0,137.0,59099.0
527301.0,CODEINA PHOSPHATE 0.5 H20,35250003,KILOGRAMO,50.0,214642.0,28.0,121336.0
527301.0,D-ISOEFEDRINA SULFATO,35250005,KILOGRAMO,810.0,566229.0,949.0,684988.0
527301.0,PENICILINA G 6.3.3,35250005,KILOGRAMO,1536.0,1076325.0,858.0,542897.0
527301.0,OTROS MATERIALES,99999994,VALOR,0.0,113648134.0,0.0,113712301.0
527424.0,EMPAQUE SECUNDARIO,32153010,UNIDAD,141010787.0,16516206.599216638,132085626.0,17272138.191788655
527424.0,IMPRESO ADMINISTRACIÓN,32690,UNIDAD,696225.0,110078.11974490466,675358.0,114156.74651951672
527424.0,IMPRESO COMERCIAL,32690,UNIDAD,817248.0,62936.32823648487,789986.0,67465.23623171849
527424.0,REACTIVOS PARA PRODUCCION,35440999,GRAMO,2963411.0,1032022.1402932856,2711228.0,1066564.8983847806
527424.0,PRINCIPIO ACTIVO,35499999,GRAMO,637292483.0,28754630.31010993,603379944.0,29000923.730360564
527424.0,PRINCIPIO INACTIVO,35499999,GRAMO,1217813912.0,7732613.599354771,1181459032.0,8157496.213910434
527424.0,EMPAQUE PRIMARIO,38999011,UNIDAD,615012649.0,25263358.965426747,565197262.0,25610285.678312633
527424.0,MATERIA PRIMA SEMI-PROCESADA,99999994,GRAMO,6997627.0,378880.0214771834,6976609.0,418574.00251968595
527424.0,SUSTANCIAS CONTROLADAS,99999994,GRAMO,13627792.0,6124733.965979933,12948664.0,6542651.130207274
527424.0,MATERIALES E INSUMOS CONTROL DE CALIDAD,99999994,UNIDAD,104978.0,263074.96571838233,79974.0,265911.53887620807
527424.0,OTROS MATERIALES,99999994,UNIDAD,263633677.0,11988337.250699047,250630333.0,10516857.899145834
527506.0,PUZOLANA BRUTA BH (CEMENTO),15130001,TONELADA MÉTRICA,266454.0,21739304.0,209544.0,19949472.0
527506.0,YESO BRUTO BH (CEMENTO),15200001,TONELADA MÉTRICA,35526.0,3808423.0,27868.0,3043198.0
527506.0,PIEDRA CALIZA BRUTA BH (CEMENTO),15200004,TONELADA MÉTRICA,1395045.0,171927436.0,1364128.0,176227913.0
527506.0,M.PRIMA AGREGADOS TERCEROS 2 (ARIDOS),153,METRO CÚBICO,279337.0,15012587.0,5876.0,315797.6251337989
527506.0,OTROS (ARIDOS),153,METRO CÚBICO,134550.0,2362081.0,109697.0,1925776.287305834
527506.0,ARENA FINA TERCEROS 11200001093	(HORMIGON),15310002,METRO CÚBICO,403583.0,35034819.0,183520.0,16087392.0
527506.0,ARENA FINA TERCEROS 1	(ARIDOS),15310002,METRO CÚBICO,1500.0,75690.0,0.0,0.0
527506.0,ARENA FINA TERCEROS 11200001093 (PREFABRICADOS),15310002,METRO CÚBICO,4733.0,473537.0,7585.0,758879.8109021762
527506.0,STYROPOR1200001129 (PRAFABRICADOS),34720003,PIEZA,974600.0,1538800.0,143334.0,226310.64970244202
527506.0,OTROS (CEMENTO),37440001,TONELADA MÉTRICA,582078.0,43183616.0,580574.0,42527232.0
527506.0,VI-VI-IP40-GRC1100000121 (HORMIGON),37510,TONELADA MÉTRICA,257964.0,64525337.0,139792.0,34966607.39445814
527506.0,WR-WR-IP30-GRC1100000161(HORMIGON),37510,TONELADA MÉTRICA,74127.0,20945619.0,40170.0,11350594.455866285
527506.0,OTROS (HORMIGON),37510,TONELADA MÉTRICA,3451150.0,61733991.0,1905388.0,34083481.05515785
527506.0,ACERO GRAFILADO 6MM1500030091 (PREFABRICADOS),41263999,METRO (LINEAL),600000.0,423000.0,144049.0,101554.545
527506.0,OTROS (PREFABRICADOS),99999994,KILOGRAMO,413071.0,948169.0,247884.0,8559646.0
527957.0,"RESINA, NYLIND",34740998,KILOGRAMO,16000.0,387859.0,4100.0,99389.0
527957.0,POLIPROPILENO  PP-INYECCCION,34790011,KILOGRAMO,10000.0,76299.0,5688.0,43151.0
527957.0,POLIPROPILENO  C/NEGRO PP-P-NG,34790011,KILOGRAMO,753.0,5569.0,732.0,5414.0
527957.0,RESINA. NYLON (POLIAMIDA),34790017,KILOGRAMO,18000.0,665380.0,12950.0,461179.0
527957.0,PINTURAS,35110,LITRO,144.0,4515.0,144.0,4515.0
527957.0,MASTERBATCH C/NEGRO (PLASBLAK UN-2016),35110023,KILOGRAMO,500.0,52175.0,150.0,14255.0
527957.0,CHATARRA. FIERRO GRIS,39340003,KILOGRAMO,0.0,0.0,4100.0,8794.0
527957.0,PLANCHA DE ACERO,41212001,METRO CUADRADO,480.0,43848.0,480.0,43848.0
527957.0,ANGULARES LADOS IGUALES,41262001,KILOGRAMO,1245.0,15245.0,1245.0,15245.0
527957.0,ELECTRODO. AC.DULCE,42950001,KILOGRAMO,340.0,6299.0,340.0,6299.0
527957.0,OTROS ISUMOS,99999994,VALOR,0.0,670488.0,0.0,1225588.0
528121.0,CRUDOS Y SEBO,21523,KILOGRAMO,65126443.0,315269746.0,94415844.14207026,457056424.85412693
528121.0,BORRA,21910999,KILOGRAMO,1343700.0,416384.0,2006281.3845187014,621703.8535472463
528121.0,CAJAS,32153001,UNIDAD,4110904.0,13618271.0,5901870.254656341,19551239.46819217
528121.0,ARTICULOS P/PALLET DE CARTON,32153006,UNIDAD,4416.0,23479.0,1162.0362644563054,6178.317358054709
528121.0,ETIQUETAS Y CONTRAETIQUETAS,32197002,UNIDAD,42105085.0,5241925.0,55605581.11841332,6922686.07946377
528121.0,PRECINTO DE SEGURIDAD,32197002,UNIDAD,10508.0,1846.0,5866.147580899195,1030.5394398876965
528121.0,ACIDOS,34,KILOGRAMO,202200.0,1438127.0,200625.78197782306,1426930.533918995
528121.0,SODA CAUSTICA,34231022,KILOGRAMO,338500.0,2555812.0,463770.2932204189,3501653.414051005
528121.0,DHA,35250,KILOGRAMO,6350.0,1082440.0,6689.440701090672,1140302.0775572576
528121.0,VITAMINA,35250,KILOGRAMO,1745.0,1106859.0,2032.4588655889756,1289195.0644738958
528121.0,ESCENCIAS,35410002,KILOGRAMO,4800.0,726175.0,5462.601400340224,826417.6191441797
528121.0,PEGAMENTOS,35420,KILOGRAMO,7560.0,385577.0,9037.07797047388,460911.2979657946
528121.0,ANTIOXIDANTES,35499016,KILOGRAMO,34400.0,1695132.0,45960.08069534027,2264779.1717806263
528121.0,CATALITICO,35499017,KILOGRAMO,3600.0,484305.0,8120.998684679426,1092511.1855510194
528121.0,ANTIESPUMANTE,35499997,KILOGRAMO,10.0,4176.0,7.3639813970615045,3075.1986314128844
528121.0,FRAGANCIAS,35499997,KILOGRAMO,11370.0,1387380.0,16856.153417873786,2056806.5196912696
528121.0,INHIBIDOR,35499999,KILOGRAMO,4800.0,262052.0,5381.597604972549,293803.83657880547
528121.0,"BOBINAS, BOLSAS Y TERMOCONTRAIBLE",36410,KILOGRAMO,30384.0,1168466.0,43758.25025761888,1682794.4854370358
528121.0,"BOBINAS, BOLSAS Y TERMOCONTRAIBLE",36410,UNIDAD,913336.0,1149524.0,1286894.0418397628,1619683.869410394
528121.0,PLASTICOS,36490,KILOGRAMO,1166750.0,11627833.0,1540344.6079712668,15351077.66354434
528121.0,ENVASE,36490001,UNIDAD,8434473.0,12505649.0,9418452.675842578,13964578.852430739
528121.0,TAPAS Y ASAS,36490007,UNIDAD,34917045.0,6968160.0,45634224.51852029,9106915.488437591
528121.0,DISCOS P/TURRIL,36490007,UNIDAD,10000.0,183.0,4583.342021531082,83.87515899401879
528121.0,BOTELLAS Y PREFORMAS,36490014,UNIDAD,12501261.0,4654858.0,16230889.539819527,6043589.204444676
528121.0,CINTAS DE EMPAQUE,36920007,METRO (LINEAL),4477956.0,748121.0,6854981.530100335,1145244.758385342
528121.0,FOLIOS DE ALUMINIO,41535003,UNIDAD,4610151.0,1322463.0,5422883.030277034,1555602.4435792358
528121.0,TIERRAS FILTRANTES,43914006,KILOGRAMO,677873.0,4250343.0,843165.5603895865,5286746.687717251
528121.0,"COLORANTES P/ASAS, TAPAS, POTES",99999993,KILOGRAMO,6900.0,388670.0,10462.744768944987,589355.7984559201
528121.0,COLORANTES P/PRODUCTOS DE LIMPIEZA,99999993,KILOGRAMO,450.0,91539.0,611.2104559561049,124332.43095059085
528121.0,ATLAS,99999994,KILOGRAMO,2520.0,141490.0,3765.9400864572535,211445.58048922097
528121.0,IDENTIFICACIÓN DE PRODUCTO,99999994,KILOGRAMO,22065.0,57466.0,26177.48107027424,68176.5296707174
528121.0,M. AUX P/MANTECAS,99999994,KILOGRAMO,36525.0,1542043.0,34697.6075466744,1464892.6169499366
528121.0,M. AUX P/MARGARINAS,99999994,KILOGRAMO,174150.0,1386380.0,266945.798439759,2125112.351656119
528121.0,M. AUX P/PRODUCTOS DE LIMPIEZA,99999994,KILOGRAMO,48859.0,1061348.0,52220.937679121955,1134378.2673378647
528121.0,M. AUX P/PRODUCTOS DE LIMPIEZA,99999994,LITRO,112.0,1340.0,179.68114608830072,2149.756569270741
528121.0,M.AUX P/JABÓN,99999994,KILOGRAMO,247155.0,919955.0,277000.57863930677,1031045.567850634
528121.0,SEPARADORES,99999994,UNIDAD,74559.0,46623.0,101790.84205530178,63651.530051963346
528818.0,TRIGO NACIONAL,01112001,VALOR,0.0,34094299.0,0.0,34094299.0
528818.0,HARINA AGRANEL,23110001,VALOR,0.0,374404.0,0.0,374404.0
528818.0,ENVASES,27150001,VALOR,0.0,705657.0,0.0,705657.0
529146.0,FOSFATO SODICO DE DEXAMETASONA,34240052,GRAMO,20000.0,250472.8,13568.14,176835.64
529146.0,F PLAST. PET VERD SIN SERIGRAFIA 100 ML,34740007,UNIDAD,269280.0,124166.0,451041.0,251646.45
529146.0,CIANOCOBALAMINA (VITAMINA B12),35250001,GRAMO,10000.0,513284.86,5025.05,262641.57
529146.0,AMOXICILINA TRIHIDRATO POLVO MICRONIZADO,35250005,GRAMO,625000.0,283106.65,520304.16,241178.31
529146.0,AMIKACINA SULFATO,35260003,GRAMO,257900.0,518378.21,258281.38,532100.15
529146.0,TAPAS PLASTICAS 28 MM C/LOGO,36490007,UNIDAD,1440000.0,257035.97,765879.0,127195.83
529146.0,AMP. AMBAR 2 ML (NO IMPRESA),37195002,UNIDAD,3427200.0,879380.54,1955786.0,512197.89
529146.0,F. VID  AMB SIN SERIGRAFIA  110 ML,37195002,UNIDAD,421245.0,479651.33,203985.0,232149.49
529146.0,TUBO ALUM. 20 G 4 DERM CREMA,42931002,UNIDAD,550800.0,744180.86,350160.0,467322.29
529146.0,TUBO ALUM. 4 DERM 10 G,42931002,UNIDAD,354949.0,428814.72,180000.0,217235.66
529146.0,OTROS,99999994,VALOR,0.0,6072483.31,0.0,7530452.190000001
529433.0,SOYA,01412000,KILOGRAMO,297007308.0,632426185.0,297215187.0,630959210.0
529433.0,GIRASOL,01445000,KILOGRAMO,37802841.0,86633665.0,45103586.0,101397528.0
529433.0,CAJAS,32153001,UNIDAD,2361133.0,7668479.0,2406416.0,7644319.0
529433.0,ETIQUETAS,32197002,UNIDAD,27580757.0,1260745.0,27595576.0,1232114.0
529433.0,HEXANO,34110001,LITRO,420193.0,2656831.0,378017.0,2600861.0
529433.0,SODA CAUSTICA,34231022,KILOGRAMO,75000.0,546448.0,71625.0,491511.0
529433.0,TIERRAS,34654007,KILOGRAMO,371824.0,1986689.0,246697.0,1420457.0
529433.0,BOLSAS,36410003,UNIDAD,689550.0,932717.0,551585.0,738120.0
529433.0,TAPA,36490006,UNIDAD,32345000.0,4859000.0,28475252.0,4012384.0
529433.0,PREFORMAS,36490998,UNIDAD,25345600.0,7208501.0,26027796.0,7242437.0
529433.0,OTROS,99999994,VALOR,0.0,2006358.0,0.0,2043762.0
531278.0,PUZOLANA,15130001,VALOR,0.0,17486178.0,0.0,12162910.243323028
531278.0,YESO,15200001,VALOR,0.0,4798549.0,0.0,3337740.28751094
531278.0,PIEDRA CALIZA,15200004,VALOR,0.0,30551737.31,0.0,21250958.252804775
531278.0,ARCILLA,15400,VALOR,0.0,980283.0,0.0,681858.2163612556
531811.0,PAPEL,32129018,ROLLO,1031549.0,5203586.0,1270780.9642459138,6410377.049094651
531811.0,PLACAS DE METAL,32800002,PIEZA,52800.0,1674678.0,41536.0,1317522.0
531811.0,TINTA,35130,OTROS,27838.0,741029.0,61619.873545169125,1640279.9509053498
532221.0,INSUMOS VARIOS,99999994,VALOR,0.0,171450379.0,0.0,142940379.0
532918.0,MATERIAS PRIMAS VARIAS,99999994,VALOR,0.0,94703957.0,0.0,86457062.0
533041.0,SOYA,01412000,TONELADA MÉTRICA,411108.0,897107447.0,330153.0,642162506.0
533041.0,GIRASOL,01445000,TONELADA MÉTRICA,8333.0,17199459.0,7342.0,15005811.0
533041.0,TIERRA DECOLORANTE,16190013,OTROS,3120.0,337840.0,3475.0,376482.0
533041.0,HEXANO A GRANEL,34110001,LITRO,459074.0,3174782.0,335657.0,2378554.0
533041.0,SODA CAUTICA,34231022,OTROS,1600.0,343937.0,1333.0,281252.0
533041.0,ACIDO FOSFORICO,34232000,KILOGRAMO,7000.0,73690.0,6920.0,72827.0
533164.0,BOLSAS,36410001,KILOGRAMO,100000.0,11527.0,100000.0,11527.0
533246.0,"ENVASES, EMBALAJES y OTROS INSUMOS",99999994,VALOR,0.0,121020.0,0.0,121020.0
533738.0,CUERO,0295,UNIDAD,233104.0,13296361.0,192465.0,10978293.0
533738.0,OTRAS MATERIAS PRIMAS,99999994,VALOR,0.0,4071556.0,0.0,6700527.0
533943.0,VARIOS INSUMOS,99999994,VALOR,0.0,0.0,0.0,2952.0
534107.0,PAPEL,32129018,VALOR,0.0,9289250.0,0.0,10183089.0
534107.0,TINTA,35130,VALOR,0.0,1329997.0,0.0,1463635.0
534107.0,OTROS INSUMOS,99999994,VALOR,0.0,179510.0,0.0,741238.0
534435.0,VARIOS,99999994,VALOR,0.0,22537627.199698333,0.0,22537627.199698333
535665.0,OTROS MATERIALES,99999994,VALOR,0.0,701234.0,0.0,704422.0
536526.0,VARIOS,99999994,VALOR,0.0,0.0,0.0,78773.79999999999
536772.0,VARIOS,99999994,VALOR,0.0,0.0,0.0,24919.0
538207.0,MATERIAS PRIMAS LOCAL,99999994,VALOR,0.0,91051598.0,0.0,89784522.47128913
538207.0,INSUMOS VARIOS,99999994,VALOR,0.0,1964059.0,0.0,2028316.5651017227
538207.0,ENVASES Y EMBALAJES LOCAL,99999994,VALOR,0.0,4780417.0,0.0,4843593.737049861
538207.0,MATERIA PRIMA IMPORTADA,99999994,VALOR,0.0,8546559.0,0.0,8903343.098816577
538207.0,ENVASES Y EMBALAJES IMPORTADOS,99999994,VALOR,0.0,769682.0,0.0,717644.1277427112
538371.0,GRANO DE SOYA,01412000,TONELADA MÉTRICA,345516.587,807642355.0,302093.989,656445700.0
539027.0,MATERIA PRIMA Y INSUMOS,99999994,VALOR,0.0,4013407.0,0.0,3925965.0
539355.0,"ENVASES, EMBALAJES y OTROS INSUMOS",99999994,VALOR,0.0,35630642.0,0.0,35630642.0
539847.0,GRASA SEBO TOP WHITE,21523001,KILOGRAMO,518100.0,3380917.0,513349.0,3379823.0
539847.0,T-BLEND SAVINASE/STAINZYME/LIPEX/MANNAW,34170013,KILOGRAMO,70560.0,3592445.0,85910.0,4437130.0
539847.0,SODA CAUSTICA EN PERLAS,34231022,KILOGRAMO,804000.0,5463188.0,735000.0,4926278.0
539847.0,SULFATO IMPORTADO,34240,KILOGRAMO,13339078.0,21511254.0,12535059.0,20146205.0
539847.0,SODIUM LAURETH SULFA 1EO LOW C16 DRUM NA,34240023,KILOGRAMO,474720.0,7529717.0,449165.0,7446610.0
539847.0,SODIUM CARBONATE IG,34240059,KILOGRAMO,6041800.0,19451985.0,6044970.0,19776550.0
539847.0,ALKALINE SODIUM SILICATE ROCK 2.4,34270003,KILOGRAMO,2352370.0,10151033.0,2373398.0,10282792.0
539847.0,SIT EMIT III,354,KILOGRAMO,191536.0,3119128.0,191872.0,3125755.0
539847.0,LINEAR ALKYL BENZENE,35499034,KILOGRAMO,3455240.0,38061174.0,3459129.0,38054592.0
539847.0,BS PE NVO TAMANO P/POLVO,36410003,UNIDAD,2386300.0,3746491.0,2384748.0,3744054.0
539847.0,OTRAS MATERIAS PRIMAS,99999994,VALOR,0.0,213807899.0,0.0,219802778.0
540134.0,CARBONATO DE CALCIO,34240073,KILOGRAMO,1944000.0,3430434.0,1922006.0,3378888.0
540134.0,POLIETILENOS,34710001,KILOGRAMO,141000.0,1807343.0,157547.0,1925636.0
540134.0,RESINAS PVC,34730006,KILOGRAMO,11381400.0,81749750.0,10384760.0,74317685.0
540134.0,POLIPROPILENOS,34790011,KILOGRAMO,671875.0,7331579.0,630175.0,6864165.0
540134.0,PIGMENTOS EN POLVO,35110020,KILOGRAMO,125957.0,2950745.0,86747.0,2018995.0
540134.0,MASTERBACH,35110023,KILOGRAMO,35175.0,536625.0,36423.0,590630.0
540134.0,PLASTIFCIANTES,35499010,KILOGRAMO,104582.0,1815501.0,101655.0,1714752.0
540134.0,ESTABILIZANTES,35499013,KILOGRAMO,318420.0,7010717.0,283262.0,6477088.0
540134.0,ADITIVOS,35499031,KILOGRAMO,0.0,0.0,82.0,1577.0
540134.0,ANILLOS DE ALCANTARILLADO,36320017,KILOGRAMO,69018.0,327158.0,97300.02616472775,461220.0
540134.0,INSUMOS DE TEJAS,37350001,KILOGRAMO,73713.0,2196044.0,82242.0,2325985.0
540134.0,ANILLOS DE ALTA PRESION,43151999,KILOGRAMO,194194.0,1311967.0,341456.0,1785396.0
540421.0,VARIOS,99999994,VALOR,0.0,19215678.0,0.0,19301835.0
540913.0,VARIOS,99999994,VALOR,0.0,1521734.9999999998,0.0,1521734.9999999998
541159.0,MALLA ELECTROSOLDADA,27320002,PIEZA,540.0,111173.0,967.0,202897.0
541159.0,CEMENTO,37440001,KILOGRAMO,232650.0,223023.0,237950.0,229363.0
541159.0,FIERRO 1/4,4126,UNIDAD,460.0,5796.0,340.0,4268.0
541159.0,FIERRO 5/16,4126,UNIDAD,247.0,5596.0,187.0,4195.0
541159.0,FIERRO 6MM,4126,UNIDAD,375.0,4307.0,379.0,4372.0
541979.0,VARIOS,99999994,VALOR,0.0,451111.0,0.0,451111.0
542225.0,INSUMOS DE LIMPIEZA Y MEDICOS,99999994,UNIDAD,59871.0,2178948.0,51555.0,2079949.0
542553.0,LECHUGA,01214001,KILOGRAMO,18901.311266343502,150905.59458460257,9715.751414000868,77569.28730001418
542553.0,SANDIA,01221001,KILOGRAMO,49234.656696869286,206299.22981739696,25307.857147045077,106043.01498249493
542553.0,CEBOLLA,01253001,KILOGRAMO,13803.64064261798,44485.395981220965,7095.419952724785,22866.617178912147
542553.0,NARANJA,01323001,KILOGRAMO,168565.0502133077,352258.4952540095,86646.69354857382,181069.7641624544
542553.0,PAPA,01510001,KILOGRAMO,76241.58729375887,333339.48323027004,39190.10163458922,171344.91411205337
542553.0,PESCADO,04211,KILOGRAMO,6280.8187493339765,359330.0953400081,3228.4994826567786,184704.74522628833
542553.0,CARNE DE RES,21111002,KILOGRAMO,39053.033536400115,1531001.4923718516,20074.24566770304,786973.4382310302
542553.0,CARNE DE CERDO,21113001,KILOGRAMO,8.40785976308212,21282.06313610044,4.3218522900760075,10939.51800982239
542553.0,CARNE DE POLLO,21121000,KILOGRAMO,64876.225982434706,737224.4500242783,33348.01884598649,378951.9886651245
542553.0,ACEITE,21691009,LITRO,30430.552089891953,270863.6274570395,15642.072411275092,139230.74618389862
542553.0,ARROZ,23161002,KILOGRAMO,28660.476350295718,192039.64716552134,14732.208771259091,98713.22932049604
542553.0,OTROS MATERIALES,99999994,VALOR,0.0,1133192.0,0.0,582489.31098971
542881.0,SEMILLAS,01,KILOGRAMO,1475580.0,34243387.440505296,1505099.0,27326462.52034172
542881.0,AGROQUIMICOS,346,LITRO,478575.0,14115560.367708744,351622.0,5793624.793770118
542881.0,AGROQUIMICOS,346,KILOGRAMO,272265.0,5833148.1917859595,236590.0,4407370.685888159
543660.0,AZUCAR,23520,VALOR,0.0,272381481.0,0.0,269186597.91096413
543660.0,CONCENTRADOS,23999012,VALOR,0.0,452303953.0,0.0,446998679.50916463
543660.0,GAS CARBONICO,34210004,VALOR,0.0,44306025.0,0.0,43786339.99977452
543660.0,TAPAS,36490006,VALOR,0.0,28095674.0,0.0,27766127.38982622
543660.0,BOTELLAS DESCARTABLES,36490014,VALOR,0.0,168509279.0,0.0,166532758.99634114
543660.0,OTROS,99999994,VALOR,0.0,545385722.0,0.0,538988651.1939293
544029.0,MAIZ,01122001,KILOGRAMO,2206120.0,3199258.0,2210485.0,3225982.0
544029.0,SOYA SOLVENTE,21920001,KILOGRAMO,595080.0,983212.0,468210.0,773592.9463601533
544029.0,SOYA INTEGRAL,21920001,KILOGRAMO,190000.0,474776.0,176666.0,442499.0
544029.0,AFRECHILLO,39120,KILOGRAMO,432610.0,568498.0,428268.0,564220.0
544070.0,COMBUSTIBLE,33311000,LITRO,69865.0,261296.0,287977.0,1077037.6897158807
544070.0,MATERIALES Y REPUESTOS,99999994,PIEZA,9180.0,2016268.0,27539.0,6048584.362962963
544316.0,CANALES VACUNOS,02111001,KILOGRAMO,4645388.0,82669024.0,4766159.0,84998310.0
544316.0,PULPA,21111002,KILOGRAMO,85271.0,3607339.0,162035.0,4992929.0
544316.0,CAJAS DE CARTON,32153004,UNIDAD,90135.0,583602.0,82898.0,536690.0
544316.0,ETIQUETAS VARIAS,32197002,UNIDAD,193532.0,103310.0,201548.0,124250.0
544316.0,BOLSAS CRYOVAC,36410003,UNIDAD,253769.0,424387.0,346335.0,598113.0
544316.0,BOLSAS PLÁSTICAS VARIAS,36410003,KILOGRAMO,34349.0,157630.0,24745.0,149142.0
544316.0,LAMINAS DIFERENTES MEDIDAS,99999994,KILOGRAMO,6675.0,127613.0,6752.0,132285.0
544316.0,OTROS,99999994,VALOR,0.0,97995.0,0.0,196770.0
544562.0,ARENA BLANCA,15310999,KILOGRAMO,6986360.0,664769.0,8944950.0,848341.0
544562.0,ARENA ROSADO,15310999,KILOGRAMO,5469580.0,486771.0,5751561.0,514893.0
544562.0,CALCITA,16190009,KILOGRAMO,2951110.0,1222462.0,3191956.0,1324469.0
544562.0,PLANCHAS DE CARTON,32199998,PIEZA,228406.0,1330178.0,226583.0,1313556.0
544562.0,CARBONATO DE SODIO,34240059,KILOGRAMO,2562500.0,8861301.0,4017633.0,13667299.0
544562.0,STRECHS FILM,36920007,KILOGRAMO,32929.0,449962.0,19609.0,311971.0
544562.0,VIDRIO ROTO BLANCO,37111005,KILOGRAMO,3831728.0,2279092.0,4517384.0,2688263.0
544562.0,VIDRIO ROTO AMBAR,37111005,KILOGRAMO,4489168.0,1896384.0,4044685.0,1709417.0
544562.0,VIDRIO ROTO VERDE,37111005,KILOGRAMO,1284268.0,581189.0,1200864.0,547025.0
544562.0,MALLA TRANSPORTADORA,42943005,METRO (LINEAL),36.58,2057182.0,0.0,0.0
544562.0,OTROS,99999994,VALOR,0.0,6814847.0,0.0,4520355.0
544726.0,AZUCAR,23520001,KILOGRAMO,575102.7,2244591.94,560279.4,2183974.52
544726.0,POLIETILENO PRODUCTOS FLUIDOS,27150008,KILOGRAMO,155337.0,3885650.0,120939.0,3422168.0
544726.0,BOTELLA PETT CILINDRICA 2 LITROS,36490014,PIEZA,309865.0,363310.61,307425.0,360634.0
544726.0,VASOS P/DULCE DE LECHE 250 CC,36940004,PIEZA,253985.0,382617.07,259846.0,387349.0
544726.0,LATA PARA ENVASADO DE LECHE DE 2,42931002,PIEZA,95760.0,1080706.37,102835.0,1163813.0
544726.0,OTROS MATERIALES,99999994,VALOR,0.0,19847602.009999998,0.0,19899652.0099496
545136.0,LECHE NATURAL,02211000,LITRO,483201.0,1675748.0,483201.0,1675748.0
545136.0,LECHE ENTERA EN POLVO,22211001,KILOGRAMO,38775.0,928833.0,38775.0,928833.0
545136.0,AZUCAR,23520001,QUINTAL,1942.0,342492.0,2247.0,381268.0
545136.0,COBERTURA DE CHOCOLATE,23650002,KILOGRAMO,200.0,9161.0,200.0,9161.0
545136.0,ESENCIAS,23991002,MILILITRO,848330.0,162176.0,828064.0,160005.0
545136.0,GELATINA,23999001,KILOGRAMO,2782.0,169014.0,2839.0,173100.0
545136.0,COLORANTES,23999007,KILOGRAMO,74.0,26991.0,67.0,25744.0
545136.0,CUAJO,34170012,OTROS,1827.0,3128.0,1827.0,3128.0
545136.0,CULTIVOS,99999994,OTROS,2125.0,121411.0,2088.0,119435.0
545136.0,OTROS MATERIALES,99999994,VALOR,0.0,147298.0,0.0,39266.83724527899
545587.0,THINNER,33390001,LITRO,3400.0,46458.0,3082.0,38814.0
545587.0,RESINAS,347,KILOGRAMO,9875.0,174688.0,5129.0,89903.0
545587.0,PINTURA,35110,LITRO,2274.0,191556.0,1746.0,145985.0
545587.0,SIKAFLEX,35110034,PIEZA,760.0,46952.0,815.0,47630.0
545587.0,VIDRIOS,37112001,PIEZA,725.0,66663.0,610.0,57091.0
545587.0,ASIENTOS,38119001,PIEZA,600.0,920802.0,647.0,907985.0
545587.0,PLANCHAS,41212001,PIEZA,12040.0,701313.0,1181.0,247169.0
545587.0,ANGULARES,41262001,METRO (LINEAL),2397.0,27205.0,2215.0,26776.0
545587.0,TUBOS,41283002,METRO (LINEAL),23390.0,471136.0,15674.0,225739.0
545587.0,PLATINOS,41330003,METRO (LINEAL),4296.0,32680.0,3705.0,29267.0
545587.0,AIRE ACONDICIONADO,43912002,PIEZA,4.0,75587.0,3.0,72869.0
545587.0,SILLONES PARA SALUD,48180,PIEZA,10.0,63515.0,16.0,64990.0
545587.0,PISOS,49231003,METRO (LINEAL),2586.0,271392.0,616.0,85700.0
545587.0,OTROS,99999994,VALOR,0.0,2206383.0,0.0,1623377.0
545669.0,VARIOS,99999994,VALOR,0.0,0.0,0.0,10619414.530410081
545874.0,ODF DE 24 PUERTOS,4529,PIEZA,1.0,991.0,1.0,991.0
545874.0,FUENTE DE ALIMENTACION 20A,46121999,PIEZA,1.0,1456.0,1.0,1456.0
545874.0,CARGADOR DE BATERIA DE 10A,46122003,PIEZA,1.0,1218.0,1.0,1218.0
545874.0,EMISOR DE LUZ LASER,47150999,VALOR,0.0,1044.0,0.0,1044.0
545874.0,CAMARA INTELIGENTE TIPO DOMO,47214003,PIEZA,7.0,15395.0,7.0,15395.0
545874.0,TELEFONO IP 8845,47222999,PIEZA,5.0,8201.0,5.0,8201.0
545874.0,CHASIS PARA MEDIA CONVERTER,47401999,PIEZA,1.0,1312.0,1.0,1312.0
545874.0,ANTENA BASE,47403999,PIEZA,1.0,2218.0,1.0,2218.0
545874.0,TUBO TIPO TELESCOPIO,47403999,PIEZA,1.0,1096.0,1.0,1096.0
545874.0,UNIFIED ELEMENT,99999994,PIEZA,2.0,4279.0,2.0,4279.0
545874.0,OTROS,99999994,PIEZA,4096.0,5917100.0,3222.0,4731931.0
546038.0,CELULOSA PASTA QUIMICA,32113002,KILOGRAMO,1059865.0,6373295.0,1428632.0,8386110.0
546038.0,PAPEL PERIODICO,32121000,KILOGRAMO,942432.0,569614.0,1091966.0,1137298.0
546038.0,PEPEL CARTULINA,32129014,KILOGRAMO,219649.0,79341.0,141517.0,99365.0
546038.0,PAPEL MIXTO SELECIONADO,32131,KILOGRAMO,3837557.0,3664266.0,4358477.0,6141339.0
546038.0,PEPEL MIXTO PROMOCIONAL,32131,KILOGRAMO,569280.0,359165.0,528056.0,543029.0
546038.0,PAPEL BLANCO DE SEGUNDA,32131,KILOGRAMO,10955406.0,37387301.0,9201096.0,33237153.0
546038.0,PAPEL BLANCO DE PRIMERA,32131,KILOGRAMO,1982577.0,8450902.0,2122683.0,9254305.0
546038.0,PAPEL BLANCO SEGUN IMPORTADO,32131,KILOGRAMO,5892783.0,23232778.0,6067014.0,24906001.0
546038.0,PAPEL BLANCO PRIMERA IMPORTADO,32131,KILOGRAMO,359663.0,1932844.0,198929.0,1094151.0
546038.0,PAPEL CARTON,32151002,KILOGRAMO,997982.0,1007436.0,900311.0,1305073.0
546038.0,OTROS,99999994,VALOR,0.0,129058366.0,0.0,117698177.0
546202.0,VARIOS,99999994,VALOR,0.0,34603980.0,0.0,35975340.0
546243.0,VARIOS,99999994,VALOR,0.0,0.0,0.0,45195.0
546571.0,"LOCOMOTORAS, VAGONES, VIA, EQUIPO PESADO, TELECOMUNICACIONES, EQUIPO LIVIANO (PARTES)",99999993,VALOR,0.0,41397307.0,0.0,40574422.0
546612.0,SOYA,01412000,KILOGRAMO,2390000.0,7409497.0,2611900.0,7525616.0
546612.0,PULPA DURAZNO,21499005,KILOGRAMO,866362.0,7812247.0,815319.0,7991520.0
546612.0,PULPA MANZANA,21499005,KILOGRAMO,1127257.0,6939195.0,1050413.0,7263608.0
546612.0,MALTODEXTRINA,23210007,KILOGRAMO,1914150.0,6498786.0,1118186.0,6096363.0
546612.0,AZUCAR BLANCA,23520001,KILOGRAMO,20512400.0,68613841.0,18726213.0,67701878.0
546612.0,CONCENTRADO TAMPICO CITRUS,23999012,KILOGRAMO,611201.0,14158883.0,307440.0,12418411.0
546612.0,CONCENTRADO TAMPICO MANGO,23999012,KILOGRAMO,569882.0,13482270.0,209506.0,9034559.0
546612.0,BOLSA P/EMBOLSADO UHT,36410999,KILOGRAMO,482237.0,11552172.0,886453.0,12203546.0
546612.0,LAMINA UHT,36410999,KILOGRAMO,429624.0,8664059.0,350210.0,8471893.0
546612.0,ENVASE HOJALATA,42931002,UNIDAD,1447992.0,17673856.0,1648664.0,17642708.0
546612.0,OTROS,99999994,VALOR,0.0,294899417.0,0.0,277692387.0
547760.0,MATERIA PRIMA (MAIZ) FABRICADA EN EL PAÍS,01122001,KILOGRAMO,7625516.0,14414695.0,11163352.0,18175782.0
547760.0,MATERIA PRIMA FABRICADA FUERA DEL PAIS,99999994,KILOGRAMO,222450.0,5671925.0,366943.0,6306855.0
547760.0,MATERIALES AUXILIARES FABRICADO FUERA EL PAIS,99999994,KILOGRAMO,322332.0,5475388.0,223425.0,2398995.0
547760.0,ENVASES Y EMBALAGES FABRICADOS FUERA EL PAIS,99999994,KILOGRAMO,2594276.0,3718021.0,2732059.0,4050568.0
548293.0,MATERIALES VARIOS,99999994,VALOR,0.0,0.0,0.0,41475.52
548375.0,AZUCAR,23520001,KILOGRAMO,10000.0,45000.0,10000.0,45000.0
548375.0,CAFE,2391,KILOGRAMO,8500.0,97750.0,8500.0,97750.0
548375.0,CEMENTO,37440001,UNIDAD,1800.0,90000.0,1708.0,85400.0
548375.0,COFRES,38999014,PIEZA,283.0,399788.44,271.0,382836.28
548375.0,OTROS MATERIALES,99999994,VALOR,0.0,6310757.0,0.0,6467695.72
548539.0,LEGUMBRES,012,KILOGRAMO,97884.0,270442.0,98337.0,271692.0
548539.0,FRUTAS,013,KILOGRAMO,10215.0,66551.0,10427.0,67932.0
548539.0,CARNE Y MENUDO DE POLLO,211,KILOGRAMO,194209.0,2040307.0,195442.0,2053260.0
548539.0,CARNE DE GANADO VACUNO,21111002,KILOGRAMO,39056.0,888288.0,39056.0,888288.0
548539.0,CARNE DE CERDO,21113001,KILOGRAMO,84.13,941.253,84.13,941.253
548539.0,TRIPA CELULOSA [M],2115,OTROS,806400.0,359654.0,880536.0,392719.0
548539.0,TRIPAS (CERDO Y CORDERO) [KG],2115,OTROS,1567.0,215916.0,1477.0,203529.0
548539.0,HARINA,231,KILOGRAMO,103000.0,362160.0,107439.0,377766.0
548539.0,AZUCAR,23520001,KILOGRAMO,41676.0,197017.0,43171.0,204082.0
548539.0,FILM,36330003,OTROS,110765.0,283436.0,109735.0,280800.0
548539.0,BOLSAS PARA PANADERÍA,36410001,KILOGRAMO,2675.0,103218.0,2856.0,110201.0
548539.0,BOLSAS UNI-CRYOVAC,36410005,UNIDAD,30100.0,54225.0,42584.0,76715.0
548539.0,FRASCOS DE VIDRIO,37191001,UNIDAD,175440.0,223608.0,187723.0,239264.0
548539.0,VASOS DE VIDRIO,37193008,UNIDAD,43800.0,36203.0,43800.0,36203.0
548539.0,OTRAS MATERIAS PRIMAS,99999994,VALOR,0.0,940311.747,0.0,1474606.747
549031.0,MATERIAS PRIMAS VARIAS,99999994,VALOR,0.0,225362.0,0.0,225362.0
549195.0,MINERAL DE HIERRO,14100006,TONELADA MÉTRICA,12471.0,2906576.0,8959.0,2500942.0
549195.0,YESO,15200001,TONELADA MÉTRICA,12499.0,4024668.0,12144.0,3854561.0
549195.0,ARCILLA,15400,TONELADA MÉTRICA,153277.0,5164265.0,150933.0,4188695.0
549195.0,BOLSAS DE PAPEL,32152002,UNIDAD,7754775.0,10995947.0,6685221.0,9260508.0
549195.0,CALIZA,37690004,TONELADA MÉTRICA,585836.0,30256703.0,611642.0,31622467.0
549195.0,BAUXITA,37690999,TONELADA MÉTRICA,3284.0,2455968.0,3332.0,2505370.0
549195.0,OTROS MATERIALES,99999994,VALOR,0.0,87735941.0,0.0,87572563.4087961
549236.0,INSUMOS VARIOS,99999994,VALOR,0.0,140707462.0,0.0,140707462.0
549605.0,VARIOS,99999994,VALOR,0.0,3900776.6687305886,0.0,3900776.6687305886
549769.0,AROMA TUTTY FRUTTY,23991002,VALOR,0.0,218.78,0.0,143.1271772849066
549769.0,CITRATO DE SODIO,34140999,VALOR,0.0,8.38,0.0,5.48224584353011
549769.0,ALCANFOR,34170011,KILOGRAMO,42.0,4048.04,0.0,2648.2518453990006
549769.0,DICLOFENACO DIETILAMIN  KIL,35260002,KILOGRAMO,33.0,10389.8,0.0,6797.068957650254
549769.0,AMBROXOL HL  KIL,35260005,KILOGRAMO,10.0,12408.74,0.0,8117.871514134345
549769.0,OTROS,99999994,VALOR,0.0,3135421.1999999993,0.0,2051211.1982596877
549810.0,CABLE DE EHS 3/8 (BOBINAS),42941999,OTROS,51.0,652505.0,51.0,652505.0
549810.0,CABLE  EHS 3/9 (BOBINAS),42941999,VALOR,0.0,4265.0,0.0,4265.0
549810.0,CABLE EHS 5/16 (BOBINA),42941999,OTROS,4.0,64004.0,4.0,64004.0
549810.0,TRANSFORMADOR DE CORRIENTE,46121,PIEZA,3.0,179568.0,3.0,179568.0
549810.0,TRANSFORMADOR DE TENSION CAPACITIVO,46121999,PIEZA,6.0,527944.0,6.0,527944.0
549810.0,LOTE DE REPUESTOS PARA SUBESTACIONES,46131003,VALOR,0.0,180988.0,0.0,180988.0
549810.0,INTERRUPTOR MONOPOLAR,46212006,PIEZA,2.0,569954.0,2.0,569954.0
549810.0,"CAPACITORES DE 285.7 KVAR, 9485 V",47110999,PIEZA,10.0,138177.0,10.0,138177.0
549810.0,"CAPACITORES DE 240 KVAR, 7967V",47110999,PIEZA,10.0,136848.0,10.0,136848.0
550466.0,ACEITE,21691009,LITRO,124400.0,974052.0,124200.0,972488.0
550466.0,HARINA,23110001,KILOGRAMO,26728549.0,106709455.0,26365702.0,104982251.0
550466.0,BOLSAS TEJIDAS,27150,PIEZA,841884.0,1188044.0,801139.0,1117948.0
550466.0,CAJA DE CARTON,32153004,PIEZA,755950.0,665794.0,682903.0,601458.7207910577
550466.0,BILAMINADO,32192005,KILOGRAMO,218109.0,5458392.0,226296.0,5663279.718085911
550466.0,ADITIVOS,35250001,KILOGRAMO,37538.0,2135154.0,24550.0,1396399.1342106664
550466.0,BOLSAS DE POLIETILENO Y POLIPROPILENO,36410,KILOGRAMO,172206.0,3737114.0,127695.0,2834030.0
550466.0,BOLSITAS PLASTICAS CONAGARRADERA,36410001,PIEZA,280.0,2923.0,281.0,5365.0
550466.0,BOBINAS,41211002,KILOGRAMO,19634.0,323214.0,19025.0,320882.0
551204.0,BOND 63GRS,32129001,UNIDAD,303000.0,93879.0,297042.0,108280.0
551204.0,TRIPLEX,32129021,UNIDAD,37250.0,83769.0,6822.0,13463.0
551204.0,OTROS MATERIALES,99999994,VALOR,0.0,922553.0,0.0,627336.0
551368.0,CARBONATO DE CALCIO,34240073,TONELADA MÉTRICA,266.0,629843.0,413.0,977914.0
551368.0,RESINA,347,TONELADA MÉTRICA,3975.0,28283930.0,4103.0,29194708.0
551368.0,VARIOS,99999994,UNIDAD,472094.0,3347488.0,372094.0,3891129.0
552188.0,AGREGADOS,153,VALOR,0.0,6043349.0,0.0,6043349.0
552188.0,ARENA,15310,VALOR,0.0,3001335.0,0.0,3001335.0
552188.0,ASFALTO,15330000,VALOR,0.0,3525797.0,0.0,3525797.0
552188.0,MADERA,31330,VALOR,0.0,3897258.0,0.0,3897258.0
552188.0,CEMENTO,37440001,VALOR,0.0,2237434.0,0.0,2237434.0
552188.0,HORMIGON,37510002,UNIDAD,1.0,7028102.0,1.0,7028102.0
552188.0,CAPA BASE,37550999,UNIDAD,1.0,1180115.0,1.0,1180115.0
552188.0,FIERROS,41261005,VALOR,0.0,17722728.0,0.0,17722728.0
552188.0,FERRETERIA,99999994,VALOR,0.0,119969703.0,0.0,119969703.0
552188.0,OTROS MATERIALES,99999994,VALOR,0.0,10866.0,0.0,10866.0
552352.0,VARIOS,99999994,VALOR,0.0,2762464.0,0.0,2762464.0
552639.0,ACEITES Y LUBRICANTES,33380000,LITRO,6018.0,170535.0,6909.0,192312.0
552639.0,FILTROS,33380000,PIEZA,373.0,39853.0,435.0,46719.0
552639.0,LLANTAS,36113,UNIDAD,37.0,54486.0,45.0,79676.0
552639.0,BATERIAS,37210,UNIDAD,26.0,32674.0,29.0,36859.0
552639.0,RODAMIENTOS,43310001,UNIDAD,57.0,37870.0,58.0,38664.0
552639.0,CAJA DE CAMBIO,99999994,PIEZA,13.0,47846.0,13.0,47846.0
552639.0,OTROS,99999994,VALOR,0.0,1210897.0,0.0,2931487.0
553049.0,INSUMOS CANDY BAR,99999994,UNIDAD,142260.0,11272915.800449958,106234.0,11247611.0
553049.0,INSUMOS ENTRADAS,99999994,UNIDAD,213391.0,16909373.19955004,159350.0,16871416.0
553869.0,CASTAÑA EN CASCARA,01373000,OTROS,81503.0,68332389.0,46186.0,42632865.0
553910.0,VARIOS,99999994,VALOR,0.0,3247910.8238791535,0.0,3251335.8238791535
554197.0,CONCENTRADOS DE ESTAÑO,14290001,KILOGRAMO,4494041.0,516860669.0,4595311.0,525624518.0
554320.0,VARIOS,99999994,VALOR,0.0,0.0,0.0,600777.0
554607.0,ALMIDON DE MAIZ,23220002,KILOGRAMO,275250.0,1057085.0,244721.0,940144.0
554607.0,BOLSAS PLASTICAS,36410001,PIEZA,143276.0,1042294.0,132581.0,975954.0
554607.0,BOTELLAS RECOLECTADAS,36490014,KILOGRAMO,3630129.0,6834317.0,3600979.0,6790884.0
555263.0,VARIOS,99999994,VALOR,0.0,14347473.353030495,0.0,14347473.353030495
556575.0,RAW MATERIAL,99999994,VALOR,0.0,4176000.0,0.0,5189238.0
558174.0,"ENVASES, EMBALAJES y OTROS INSUMOS",99999994,VALOR,0.0,19767.0,0.0,19767.0
558338.0,ASFALTO CM-IMPRIMA HP,15330000,METRO CÚBICO,40.0,175600.0,32.0,141375.0
558338.0,ASFALTO MODIFICADO CON POLIMEROS,15330000,OTROS,135.0,676971.0,125.0,650934.0
558338.0,TEJA,37350001,UNIDAD,703.0,51778.7,0.0,0.0
558338.0,CEMENTO,37440001,KILOGRAMO,1240.0,49624.0,920.0,36818.0
558338.0,CEMENTO PORTLAND  IP-30,37440001,KILOGRAMO,5340.0,223318.0,5340.0,222318.0
558338.0,OTROS INSUMOS PARA LA CONSTRUCCIÓN,99999994,VALOR,0.0,28667683.3,0.0,28733765.0
558871.0,PETROLEO CRUDO,12010001,LITRO,3101504043.0,3688883269.29,3148758969.0,3744431269.65
558871.0,ACEITE BASE,12010999,LITRO,703145.0,5107866.36,750090.0,5514903.77
558871.0,GAS NATURAL,12020001,PIE CÚBICO,4101819939.0,32536915.53,4101819939.0,32536915.53
558871.0,ADITIVOS,35430,KILOGRAMO,2722031.2,99703607.09,461110.22,17186785.84
558871.0,ENVASES,36490012,PIEZA,10562020.0,35996200.17,10283301.0,33776390.9
558871.0,EMBALAJES,99999994,PIEZA,11258750.0,4842813.98,10507777.0,4787042.78
559117.0,INSUMOS VARIOS,99999994,VALOR,0.0,4146011.0,0.0,3611978.0
559486.0,AGREGADOS,153,METRO CÚBICO,73871.0,4727762.0,66484.0,4254987.0
559486.0,CEMENTO,37440001,OTROS,75302.0,4216893.0,159658.0,8940807.715518843
559486.0,FIERRO,41261005,TONELADA MÉTRICA,5838.0,4904460.0,5200.0,4368000.0
559486.0,OTROS MATERIALES,99999994,VALOR,0.0,9789699.0,0.0,20163389.284481157
561905.0,GRANO DE SOYA,01412000,KILOGRAMO,58688835.0,113202979.0,38540000.0,81092467.0
561905.0,GRANO DE GIRASOL,01445000,KILOGRAMO,19968812.0,43266027.0,17780000.0,40268691.0
561905.0,HEXANO,34110001,KILOGRAMO,132160.0,1357358.0,136530.0,1402641.0
561905.0,ÁCIDO CÍTRICO,34140023,KILOGRAMO,2600.0,59310.0,3405.0,77673.28846153845
561905.0,SODA CAUSTICA,34231022,KILOGRAMO,39325.0,344052.0,39150.0,310858.0
561905.0,ÁCIDO FOSFÓRICO,34232000,KILOGRAMO,9600.0,94962.0,8668.0,85748.0
561905.0,VITAMINA A,35250001,KILOGRAMO,860.0,741495.0,672.0,579400.7441860465
561905.0,ANTIOXIDANTE,35499016,KILOGRAMO,2800.0,305211.0,2097.0,240077.0
561905.0,TIERRA CLARIFICANTE,35499997,KILOGRAMO,35000.0,162713.0,56939.0,259863.0
561905.0,BOLSAS,36410003,PIEZA,1286993.0,2192892.0,1113893.0,1820148.0
563422.0,VARIOS,99999994,VALOR,0.0,1906665.0,0.0,1906665.0
563709.0,VARIOS,99999994,VALOR,0.0,161984.0,0.0,161984.0
563955.0,QUINUA,01194001,KILOGRAMO,2326998.0,23018657.0,2377216.0,23324270.0
563955.0,BOLSAS DE PAPEL,32152002,UNIDAD,84632.0,313487.0,90645.0,348455.0
563955.0,CAJAS DE CARTON CORRUGADO,32153001,UNIDAD,63098.0,270937.0,60711.0,268341.0
563955.0,CAJAS DE CARTULINA,32153999,UNIDAD,295139.0,475620.0,251967.0,400278.0
563955.0,STICKERS,32690016,UNIDAD,0.0,0.0,1248.0,1634.0
563955.0,PLASTICOS,347,UNIDAD,364982.0,345892.0,289716.0,296568.0
563955.0,INSUMOS,99999994,UNIDAD,234671.0,445331.0,233722.0,450899.0
563955.0,MATERIALES,99999994,UNIDAD,455932.0,295959.0,125747.0,87057.0
564078.0,CEMENTO,37440001,OTROS(ESPECIFICAR),54600.0,2537181.0,53960.0,2545124.0
564078.0,HORMIGON H15,37510002,METRO CÚBICO,19300.0,14577671.0,19300.0,14544439.0
564078.0,BLOQUES DE HORMIGON,37510002,PIEZA,125620.0,728282.0,125620.0,718658.0
564078.0,ACERO,412,KILOGRAMO,3056420.0,12286372.0,2675570.0,13087578.0
564078.0,FIERRO CORRUGADO,41261005,BARRA,1493.0,63536.75,1493.0,62686.0
564078.0,OTROS AMTERIALES,99999994,VALOR,0.0,19755328.0,0.0,17523380.0
564160.0,"MATERIALES PARA INSTALACION DE ANTENAS, Y OTROS SERVICIOS TELECOMUNICACIÓN (ANTENAS, CABLES, CONECTORES, CAPTORES)",99999993,VALOR,0.0,10020613.0,0.0,9724265.0
565267.0,AZUCAR,23520001,QUINTAL,7456.0,1288392.0,5321.0,916908.0
565267.0,GAS CARBONICO,34210004,KILOGRAMO,36802.0,192120.0,33886.0,176889.0
565267.0,TAPA ROSCA PLASTICA,36490007,PIEZA,1015950.0,103259.0,564321.0,56916.0
565267.0,TAPACORONAS,42932001,PIEZA,4016850.0,185615.0,2476508.0,114192.0
565267.0,OTROS MATERIALES,99999994,VALOR,0.0,776207.0,0.0,554897.6398225147
565308.0,MEDICAMENTOS PARA FARMACIA,352,UNIDAD,763811.0,6157630.0,733457.0,6324653.0
565308.0,REACTIVOS LABORATORIO,35440999,UNIDAD,278050.0,1598437.0,263661.0,1515718.3882647005
565308.0,INSUMOS MÉDICOS,481,UNIDAD,748398.0,2116553.0,754212.0,2101168.0
565308.0,INSUMOS TOMOGRAFÍA,481,UNIDAD,10250.0,203961.0,1156.0,23002.821073170733
565308.0,INSUMOS CARDIOLOGÍA,481,UNIDAD,47.0,114107.0,41.0,118715.0
565308.0,INSUMOS RADIOLOGÍA,481,UNIDAD,4753.0,59173.0,14.0,7327.0
565308.0,INSUMOS ENDOSCOPÍA,481,UNIDAD,63.0,56729.0,70.0,65670.0
565308.0,INSUMOS ECOGRAFÍA,481,UNIDAD,302.0,28331.0,258.0,30857.0
565308.0,MATERIAL DE TRAUMATOLOGÍA,481,UNIDAD,40.0,6302.0,24.0,3949.0
565308.0,INSUMOS ODONTOLOGICOS,48130,UNIDAD,4177.0,8690.0,3604.0,9123.0
565308.0,OTROS,99999994,VALOR,0.0,2586.0,0.0,63003.0
565349.0,AZUCAR,23520001,QUINTAL,26282.0,4429979.0,34413.0,5622245.0
565349.0,CONCENTRADO AROMA DE COLA,23999012,KILOGRAMO,2300.0,159252.0,369.0,25549.559999999998
565349.0,CONCENTRADO DE PAPAYA,23999012,KILOGRAMO,195.0,107728.0,190.0,104915.0
565349.0,CONCENTRADO DE LIMA LIMÓN,23999012,KILOGRAMO,1995.0,233896.0,3536.0,414551.0
565349.0,CONCENTRADO DE FRUTILLA,23999012,KILOGRAMO,970.0,179916.0,1355.0,251235.0
565349.0,CONCENTRADO GUARANA,23999012,KILOGRAMO,1062.0,122312.0,1098.0,127921.0
565349.0,CONCENTRADO DE PIÑA,23999012,KILOGRAMO,7500.0,132074.0,7255.0,128941.0
565349.0,CONCENTRADO DE POMELO,23999012,KILOGRAMO,4649.0,409713.0,4152.0,373592.0
565349.0,BENZOATO DE SÓDIO,34140009,KILOGRAMO,7825.0,119864.0,5049.0,81989.0
565349.0,ÁCIDO CÍTRICO,34140023,KILOGRAMO,23900.0,260295.0,22806.0,242626.0
565349.0,CITRATO DE SODIO,34140999,KILOGRAMO,1575.0,20075.0,1017.0,13822.0
565349.0,GAS CARBÓNICO,34210004,KILOGRAMO,107930.0,576157.0,115385.0,608898.0
565349.0,FOSFATO TRISÓDICO,34240053,KILOGRAMO,3776.0,140804.0,3309.0,123476.0
565349.0,CARBÓN ACTIVADO,35499001,KILOGRAMO,3900.0,177115.0,2629.0,119404.0
565349.0,FILM TERMOCONTRAIBLE,36410007,KILOGRAMO,25715.0,626410.0,20732.0,508920.0
565349.0,CAJA PLÁSTICA 24 U.,36490002,UNIDAD,1278.0,42251.0,0.0,0.0
565349.0,CAJAS PARA BOTELLÓN,36490003,UNIDAD,1840.0,104052.0,0.0,0.0
565349.0,TAPAS PLÁSTICAS,36490006,UNIDAD,6392016.0,464923.0,8256439.0,823343.0
565349.0,TAPA PLÁSTICA SPORT,36490006,UNIDAD,347200.0,88807.0,798600.0,156224.0
565349.0,TAPA PLÁSTICA 5 LTS.,36490006,UNIDAD,40467.0,18784.0,23856.0,12562.0
565349.0,BOTELLA SUPER CASCADA 1259 CC,36490014,UNIDAD,26460.0,172652.0,1119.0,7301.0
565349.0,BOTELLA CASCADA 620 CC,36490014,UNIDAD,119952.0,307858.0,5828.0,14957.0
565349.0,BOTELLA PET 5 LTS.,36490014,UNIDAD,66501.0,198900.0,49152.0,142196.0
565349.0,PREFORMA DE 60 GR.,36490998,UNIDAD,3453500.0,2595327.0,3751498.0,2854000.0
565349.0,PREFORMA 25 GR.,36490998,UNIDAD,2751880.0,883969.0,2543845.0,857994.0
565349.0,PREFORMAS 48 GR,36490998,UNIDAD,1936296.0,1178358.0,2759696.0,1642546.0
565349.0,PREFORMA 700 GR,36490998,UNIDAD,20800.0,253346.0,0.0,0.0
565349.0,TAPAS CORONA,42932001,UNIDAD,6015493.0,282621.0,4106491.0,192931.0
565349.0,TAPA PARA BOTELLÓN,42932008,UNIDAD,416236.0,93503.0,371391.0,79395.0
565431.0,VARIOS,99999994,VALOR,0.0,51512.0,0.0,51512.0
565800.0,ALMENDRA EN CASCARA EN CAJAS APROXIMADAS DE 23 KGR.,01371000,OTROS,285753.0,135341160.0,304487.45,121131219.0
566579.0,VARIOS,99999994,VALOR,0.0,0.0,0.0,886267.0
566907.0,VARIOS,99999994,VALOR,0.0,0.0,0.0,216054.0
568547.0,"ENVASES, EMBALAJES y OTROS INSUMOS",99999994,VALOR,0.0,12358.0,0.0,12358.0
568588.0,FLUQUADI ADULT - INFLUENZA,35260005,UNIDAD,390.0,60395.4,400.0,61944.00000000001
568588.0,MININEPH HUMAN CRP X 50 DET,35270001,UNIDAD,94.0,86247.45,89.0,81659.81968085105
568588.0,TIRAS REACTIVAS DE ORINA - MULTISTIK 10,35440006,UNIDAD,15100.0,52548.0,15000.0,52200.0
568588.0,SNAP PAK DE ROCHE,35440999,UNIDAD,45.0,82215.0,44.0,80388.0
568588.0,CELLPACK  PK-30L,35440999,LITRO,1400.0,47502.0,1420.0,48132.28
568752.0,PE LINEAL,34710001,KILOGRAMO,849125.0,10407686.0,841225.0,10289021.0
568752.0,PE BAJA DENSIDAD,34710999,KILOGRAMO,339575.0,4493811.0,348500.0,4620941.0
568752.0,RESINA PET,34740998,KILOGRAMO,999368.0,8665418.0,746169.0,6313470.0
568752.0,PPCOPOLIMERO,34790997,KILOGRAMO,445475.0,5024162.0,405600.0,4503783.0
568752.0,PE TERMO SIN DESLIZANTE,34790998,KILOGRAMO,853132.0,11221680.0,846882.0,11122687.0
568752.0,PERFIL PAPA EMBALAJE,36310005,KILOGRAMO,228000.0,78209.0,366000.0,13005.83
568752.0,TAPA PARA VALVULA,36490007,UNIDAD,170000.0,14790.0,0.0,0.0
568752.0,VALVULA DOY PACK,36490999,UNIDAD,225000.0,75895.0,219000.0,73871.0
568752.0,HOJALATA,41231003,KILOGRAMO,257288.0,2077636.0,211901.0,1706403.0
568752.0,VALVULA Y TAPA,99999993,UNIDAD,170000.0,86192.0,54500.0,27632.0
568752.0,VARIOS,99999994,UNIDAD,1400571.0,28916625.0,1459659.0,29089446.0
569244.0,PULPA CONCENTRADO DE MANZANA,21499005,KILOGRAMO,5875.0,86482.0,7572.0,111472.0
569244.0,PULPA CONCENTRADO DE DURAZNO,21499005,KILOGRAMO,20456.0,453810.0,21329.0,473765.0
569244.0,EDULCOM,23210008,KILOGRAMO,125.0,8700.0,317.0,22075.0
569244.0,AZUCAR BLANCA,23520001,KILOGRAMO,153800.0,562225.0,172957.0,632518.0
569244.0,ESENCIA CITRUS EM,23991002,KILOGRAMO,0.0,0.0,59.0,2928.0
569244.0,ESENCIA DAMASCO DURAZNO,23991002,KILOGRAMO,1000.0,83488.0,1834.0,141971.0
569244.0,ESENCIA PIÑA AROMATIZADA,23991002,KILOGRAMO,0.0,0.0,62.0,3142.0
569244.0,SABOR TROPICAL PUNCH,23991002,KILOGRAMO,240.0,10731.0,423.0,18934.0
569244.0,ESENCIA LIQUIDA SANDIA,23991002,KILOGRAMO,0.0,0.0,93.0,9976.0
569244.0,ESENCIA CITRUS PUNCH GOURMET,23999011,KILOGRAMO,72.0,4272.0,381.0,16064.0
569244.0,ETIQUETAS DE DIFERENTES TAMAÑOS,32197002,UNIDAD,4647783.0,447559.0,7397704.0,507194.0
569244.0,BENZOATO DE SODIO.,34140009,KILOGRAMO,900.0,21533.0,627.0,14994.0
569244.0,SORBATO DE POTASIO.,34140015,KILOGRAMO,400.0,12772.0,512.0,17261.0
569244.0,ACIDO CITRICO ANHIDRIDO CRISTAL,34140023,KILOGRAMO,2500.0,25121.0,4736.0,44408.0
569244.0,PREFORMAS DE DIFERENTE GRAMAJE,34740007,UNIDAD,6139536.0,3157627.0,5568353.0,2683988.0
569244.0,"TERMOCONTRAIBLES PARA PAQUETES, BACHIS Y BEBEDEROS.",34740007,KILOGRAMO,14884.0,303894.0,18283.0,373497.0
569244.0,GOMA XANTAN TAMPICO,34790030,KILOGRAMO,1250.0,30037.0,2075.0,49133.0
569244.0,ENTURBIANTE SD,35499030,KILOGRAMO,80.0,5046.0,99.0,6247.0
569244.0,LAMINA PARA SACHET,36410003,KILOGRAMO,526.0,13622.0,576.0,14296.0
569244.0,TAPAS DE DIFERENTES TAMAÑOS,36490007,UNIDAD,4609701.0,696974.0,6907815.0,875905.0
569572.0,GAS NATURAL,12020001,PIE CÚBICO,143368.0,1823639.0,143368.0,1823639.0
569572.0,OTRAS MATERIAS PRIMAS,99999994,VALOR,0.0,263485.0,0.0,263485.0
569654.0,CONCENTRADOS,23999012,KILOGRAMO,19937.0,3978815.0,29214.0,3836493.0
569654.0,ENTURBIANTES,23999023,KILOGRAMO,1140.0,48044.0,1891.0,73226.0
569654.0,ETIQUETAS,32197002,UNIDAD,51096840.0,6203466.47,40867153.0,5124089.0
569654.0,ACIDOS,34,KILOGRAMO,5256.0,100775.0,26952.0,250409.0
569654.0,COLORANTES,34320008,KILOGRAMO,73000.0,723670.0,80036.0,774455.0
569654.0,ENDULSANTES,35260018,KILOGRAMO,4128350.0,15349456.0,4374762.0,16394120.0
569654.0,TAPAS,36490006,UNIDAD,80685580.0,4760399.0,54371466.0,3771392.0
569654.0,ENVASES Y BOTELLAS,36490014,UNIDAD,34515025.0,51930461.0,33274794.0,47663169.0
569654.0,VASOS PLASTICOS -  STICKERS,36940004,UNIDAD,4166769.0,221364.0,5315000.0,331856.0
569654.0,PALETAS-BOLSAS-SACHETS-PRECINTOS,99999993,UNIDAD,1350071.0,1607541.0,1064825.0,561752.0
569654.0,BOTELLONES - BASES  -  GRIFOS,99999993,UNIDAD,46123.0,977080.0,9545.0,204486.0
569654.0,OTROS MATERIAS DIRECTAS,99999994,KILOGRAMO,713521.0,5512527.0,663627.0,4189338.0
569736.0,INSUMOS PARA PANADERIA,23180002,ARROBA,1000.0,73788904.0,1000.0,73788904.0
570146.0,MAIZ SORGO,011,KILOGRAMO,141284.0,130951.0,135467.0,125559.43430961751
570146.0,GRANO DE MAIZ,01122001,KILOGRAMO,2832908.0,3100623.0,3398468.0,3719629.4569269456
570146.0,GRANO DE SOYA,01412000,KILOGRAMO,2452312.0,4709851.0,1543582.0,2964566.1833738936
570146.0,FOSFATO BICALCICO,16110001,KILOGRAMO,52410.0,282855.0,48890.0,263857.67887807667
570146.0,BOLSAS DE ALIMENTO BALANCEADO,36410001,KILOGRAMO,20740.0,35637.0,36017.0,61887.069864995174
570146.0,OTRAS MATERIAS PRIMAS,99999994,KILOGRAMO,493656.0,1517093.0,406097.0,1556461.17664647
570392.0,CARBONES GRÁFITOS,16390014,KILOGRAMO,27579.65,176065.41,36387.75,232295.31
570392.0,PAPEL,32131003,KILOGRAMO,33627.6,670150.15,46584.1,928354.76
570392.0,FORMATOS DE PAPEL,32131003,METRO (LINEAL),83700.0,107453.7,148198.83,190257.02
570392.0,CAJA,32153004,UNIDAD,337014.0,1363268.95,332929.87,1346748.06
570392.0,ETIQUETAS,32197002,UNIDAD,2782554.15,242051.81,2049009.19,178241.41
570392.0,HOJAS INSTRUCCIONES,32690999,UNIDAD,261085.0,19508.21,227555.0,17002.86
570392.0,COMBUSTIBLES,333,LITRO,13327.51,43365.03,4793.51,15597.14
570392.0,ACEITES,33380000,LITRO,3309.0,88298.56,5453.04,145510.9
570392.0,PARAFINAS,33500002,KILOGRAMO,12360.0,131291.35,22645.65,240548.34
570392.0,PRODUCTOS QUÍMICOS,34180006,KILOGRAMO,437695.85,10321633.03,459236.92,10829609.01
570392.0,ACIDO SULFÚRICO,34231014,TONELADA MÉTRICA,0.7,12563.67,130.17,2336365.2
570392.0,ÁCIDO NÍTRICO,34233001,KILOGRAMO,1505.0,8287.28,1375.02,7571.53
570392.0,COLORANTES,34310,KILOGRAMO,50.0,32625.0,54.69,35685.23
570392.0,NITRATOS AMONIACOS,34613000,TONELADA MÉTRICA,10718.28,34260659.16,8857.919831547622,28314073.92
570392.0,BARNICES Y TINTES,35110,LITRO,52.92,40752.54,17.36,13365.17
570392.0,EXPLOSIVOS,35450002,KILOGRAMO,107100.0,2929822.44,94490.8,2584885.66
570392.0,BOBINAS DE ENCARTUCHAR,35450999,KILOGRAMO,94788.0,2352965.02,79963.85,1984978.5
570392.0,BOCINAS DE ENCARTUCHAR TUBOS,35450999,UNIDAD,240000.0,77256.0,187177.0,60252.28
570392.0,RAFIAS,35520003,KILOGRAMO,250192.55,252996.0,6922.43,7000.0
570392.0,TUBOS,36320005,UNIDAD,207.0,8670.61,16677.68,698578.06
570392.0,BOLSAS,36410001,UNIDAD,401000.0,823970.03,407630.55,837594.41
570392.0,BOLSAS GRANDES,36410001,KILOGRAMO,14177.75,305633.09,13735.16,296092.09
570392.0,CINTA ADHESIVA,36920002,ROLLO,221360.8,62640.3,119755.08,33888.09
570392.0,MICROESFERAS DE VIDRIO,37199999,KILOGRAMO,2486.0,230330.76,1335.5,123735.61
570392.0,GRANZAS,39120,KILOGRAMO,181475.0,2101719.51,173993.89,2015078.41
570392.0,POLVOS ATOMIZADOS,41117002,KILOGRAMO,5970.0,659556.53,3446.28,380739.42
570392.0,PIEZAS DE ALUMINIO,4153,OTROS,2409.5,781540.14,1677.8,544206.23
570392.0,PIEZAS (CASQUILLOS Y BANDEROLAS),44740004,UNIDAD,3982388.48,1941608.52,4003855.85,1952074.91
570392.0,SHOCK TUBE,46212001,METRO (LINEAL),1036800.0,4731687.29,1604344.28,7321812.73
570392.0,"FLEJES, GRAPAS Y PRECINTOS",99999993,UNIDAD,25000.0,64919.38,20431.0,53054.71
570392.0,"HILOS CINTAS, YUTE",99999993,KILOGRAMO,228588.86,4545736.16,187393.22,3726516.5
570392.0,"PEGAMENTO, COLAS, LOCITES",99999993,LITRO,4736.0,64153.17,4196.15,56840.46
570392.0,PLÁSTICOS CAUCHO MOLIDO,99999993,KILOGRAMO,2000.0,8717.4,2070.0,9022.51
570392.0,"PIEZAS SUELTAS, CONECTORES",99999993,UNIDAD,6234600.0,3661727.48,4060529.49,2384844.64
570392.0,TUBOS Y ENVUELTAS MULTIPLICADOR PENTOLITA,99999993,UNIDAD,541600.0,41342.6,133665.0,10203.21
570392.0,BANDA CHAPA,99999994,KILOGRAMO,24396.0,1043542.53,25395.7,1086304.85
570392.0,PRODUCTOS VEGETALES,99999994,KILOGRAMO,114150.0,346200.23,119056.87,361082.04
570392.0,PIEZAS SUELTAS,99999994,UNIDAD,46837.0,211048.74,25690.6,115762.51
570392.0,"OTROS VARIOS (TELA, SECAS)",99999994,UNIDAD,700.0,6250.95,1518.81,13562.82
570556.0,ENERGIA ELECTRICA,17100001,OTROS,155513919.0,60683304.0,157208054.53927863,61344375.0
574492.0,REPUESTOS PARA MAQUINAS VACUNADORAS,44199999,VALOR,0.0,313622.0,0.0,238111.0
574902.0,PACKING RING GROUP       HY22/HY103/BRZ,99999994,VALOR,0.0,302259.0,0.0,302259.0
574902.0,PISTON ROD,99999994,PIEZA,1.0,238543.51,1.0,238543.51
574902.0,"PIN,CROSSHEAD *NEW*",99999994,VALOR,0.0,230727.0,0.0,230727.0
574902.0,ALTRONIC III UNITS,99999994,PIEZA,1.0,160484.45,1.0,160484.45
574902.0,ALTRONIC III UNITS,99999994,PIEZA,1.0,110681.82,1.0,110681.82
574902.0,"HEADS, LEFT AND RIGHT, 8.",99999994,PIEZA,1.0,105453.21,1.0,105453.21
574902.0,PUMP,99999994,PIEZA,1.0,103268.39,1.0,103268.39
574902.0,VARIOS MATERIALES,99999994,VALOR,0.0,778922.03,0.0,999020.03
578428.0,INSUMOS VARIOS PARA LA CONSERVACION VIAL,99999994,VALOR,0.0,7045691.0,0.0,7385691.0
579576.0,TEJAS,37350001,UNIDAD,15525.0,17078.0,15525.0,17078.0
579576.0,CEMENTO,37440001,UNIDAD,76043.0,3916198.0,71816.0,3698462.0
579576.0,HORMIGON,37510002,METRO CÚBICO,819.0,590052.0,819.0,590052.0
579576.0,FIERRO,41261005,KILOGRAMO,2900.0,3480110.0,2622.0,3146032.0
579576.0,ALAMBRE,42946003,KILOGRAMO,34742.0,312674.0,34742.0,312674.0
580355.0,MATERIALES PARA SERVICIO,99999994,VALOR,0.0,72850.0,0.0,0.0
581093.0,GAS NATURAL,12020001,OTROS,14630.0,116652628.0,14630.0,116652628.0
582036.0,VARIOS,99999994,VALOR,0.0,112857836.91281962,0.0,96353907.9128196
582077.0,GUANTES CUERO FINO P.TRABAJO MECANICO,28242002,PAR,3500.0,86547.6,3500.0,86547.6
582077.0,"CRUCETA DE MADERA DE 2,44 M",31330001,PIEZA,788.0,122977.11,788.0,122977.11
582077.0,POSTE DE EUCALIPTO 9 M,31330002,PIEZA,2470.0,1253816.77,2470.0,1253816.77
582077.0,PAPEL BOND T/CARTA 75 GRS.,32129001,OTROS,6000.0,124323.0,6000.0,124323.0
582077.0,AVISO DE COBRANZA EN PAPEL TERMICO,32191004,ROLLO,23000.0,216195.0,23000.0,216195.0
582077.0,TONER LEXMARK MS810-811-812,35130006,PIEZA,38.0,97718.4,38.0,97718.4
582077.0,LLANTA 215/80R16,36111000,PIEZA,100.0,93003.0,100.0,93003.0
582077.0,"TUBO PVC DE 4"" ESQUEMA 40",36320001,PIEZA,440.0,105927.72,440.0,105927.72
582077.0,TUBERIA HDPE 110MM,36320002,METRO (LINEAL),4080.0,152632.8,4080.0,152632.8
582077.0,TUBERIA HDPE CORRUGADA 110 MM,36320002,METRO (LINEAL),4500.0,129195.0,4500.0,129195.0
582077.0,"AISLADOR CAMPANA 24,9 KV ANSI 56-2",37292001,PIEZA,9347.0,581554.1,9347.0,581554.1
582077.0,"AISLADOR CAMPANA PARA 34,5 KV ANSI 56-3",37292001,PIEZA,2500.0,220762.5,2500.0,220762.5
582077.0,POSTE DE HORMIGON 9 M,37560004,PIEZA,10497.0,8261062.38,10497.0,8261062.38
582077.0,POSTE DE HORMIGON 12 M,37560004,PIEZA,3178.0,4431280.24,3178.0,4431280.24
582077.0,POSTE DE HORMIGON DE 14 MTR,37560004,PIEZA,86.0,214913.15,86.0,214913.15
582077.0,CRUCETA ANGULAR GALVANIZADA 2.4 M,41262001,PIEZA,4152.0,878031.27,4152.0,878031.27
582077.0,"BALANCIN METALICO ANGULAR 2,1 M",41262001,PIEZA,1514.0,310892.08,1514.0,310892.08
582077.0,"CRUCETA ANGULAR GALVANIZADA 1,5 M",41262001,PIEZA,1680.0,266313.96,1680.0,266313.96
582077.0,"BALANCIN METALICO GALVANIZADO 71,2 CM",41262002,PIEZA,12857.0,200134.82,12857.0,200134.82
582077.0,ABRAZADERA DE ACERO GALVANIZADA 20 CM,42921032,PIEZA,6338.0,254752.22,6338.0,254752.22
582077.0,PREFORME FINAL PARA CABLE DE ACERO 5/16,42941006,PIEZA,67500.0,637188.0,67500.0,637188.0
582077.0,CABLE DE ACERO 5/16,42941006,METRO (LINEAL),41384.0,162701.18,41384.0,162701.18
582077.0,CABLE DE ALUMINIO DESNUDO ACSR 336.4 MCM,42942002,KILOGRAMO,179572.27,4357094.62,179572.27,4357094.62
582077.0,CABLE DE ALUMINIO DESNUDO ACSR 2 AWG,42942002,KILOGRAMO,67119.85,1535594.92,67119.85,1535594.92
582077.0,CABLE DE ALUMINIO DESNUDO ACSR 4 AWG,42942002,KILOGRAMO,17995.0,445625.49,17995.0,445625.49
582077.0,PERNO DE MAQUINA 5/8 X 10,42944004,PIEZA,25426.0,195535.11,25426.0,195535.11
582077.0,"VARILLA DE PUESTA A TIERRA 2,4 M",42944999,PIEZA,7880.0,627495.6,7880.0,627495.6
582077.0,"VARILLA DE ANCLAJE 1,5 M",42944999,PIEZA,8500.0,301455.0,8500.0,301455.0
582077.0,"GRAPA DE LINEA VIVA HASTA 336,4 MCM",42995004,PIEZA,2501.0,204535.64,2501.0,204535.64
582077.0,"SOPORTE CUMBRE REFORMADO 24,9 KV",42999018,PIEZA,15671.0,840139.91,15671.0,840139.91
582077.0,"SOPORTE ESPIGA PERNO LARGO 24,9 KV",42999018,PIEZA,4220.0,162421.68,4220.0,162421.68
582077.0,RACK DE 2 VIAS,42999999,PIEZA,6237.0,198351.66,6237.0,198351.66
582077.0,RACK DE 4 VIAS,42999999,PIEZA,2998.0,196153.68,2998.0,196153.68
582077.0,GANCHO PARA TIRANTE,42999999,PIEZA,12026.0,216994.22,12026.0,216994.22
582077.0,ANCLA DE PLATO EXPANDIDO,42999999,PIEZA,6102.0,196910.9,6102.0,196910.9
582077.0,GRAPA PARA TIRANTE,42999999,PIEZA,1265.0,105238.89,1265.0,105238.89
582077.0,PARARRAYOS CLASE DISTRIBUCION 27 KV,46211002,PIEZA,1390.0,507529.29,1390.0,507529.29
582077.0,SECCIONADOR FUSIBLE RECONECTADOR  27 KV,46211999,PIEZA,165.0,281355.65,165.0,281355.65
582077.0,CONECTOR PARALELO BIMETALICO HASTA 2/0 AWG 1 PERNO,46212008,PIEZA,68664.0,335444.43,68664.0,335444.43
582077.0,CONECTOR NILED  P - 120,46212008,PIEZA,19204.0,335541.18,19204.0,335541.18
582077.0,CONECTOR PARALELO BIMETALICO AISLADO 1 PERNO,46212008,PIEZA,37024.0,325379.95,37024.0,325379.95
582077.0,CONECTOR MANILLA ZAPATILLA,46212008,PIEZA,24626.0,343001.67,24626.0,343001.67
582077.0,"CONECTOR PARALELO BIMETALICO HASTA 336,4 MCM DOS PERNOS",46212008,PIEZA,8627.0,251870.19,8627.0,251870.19
582077.0,"CONECTOR PARALELO BIMETALICO HASTA 336,4 MCM 1 PERNO",46212008,PIEZA,24349.0,208992.72,24349.0,208992.72
582077.0,PROTECCION CONTRA SOBRETENSION 225 V 25 KA,46212999,PIEZA,85.0,120834.3,85.0,120834.3
582077.0,BOTADOR DE LINEA DE B. T. TRIFASICO,46212999,PIEZA,360.0,105084.4,360.0,105084.4
582077.0,CABLE UNIPOLAR EPR 25  KV 185 MM2,46310001,PIEZA,1398.0,241996.85,1398.0,241996.85
582077.0,CABLE DE COBRE AISLADO 120 MM2,46340002,METRO (LINEAL),5557.0,408121.52,5557.0,408121.52
582077.0,ALAMBRE DE COBRE AISLADO 6 MM2,46340002,METRO (LINEAL),22000.0,82304.69,22000.0,82304.69
582077.0,CABLE DE ALUMINIO CUADRUPLEX 4X1/0 AWG,46340999,METRO (LINEAL),119590.0,2708436.38,119590.0,2708436.38
582077.0,CABLE DE ALUMINIO DUPLEX 2X1/0 AWG,46340999,METRO (LINEAL),115998.0,1286734.35,115998.0,1286734.35
582077.0,CABLE DE ALUMINIO DUPLEX 2X2 AWG,46340999,METRO (LINEAL),154759.55,1086863.34,154759.55,1086863.34
582077.0,CABLE DE CONTROL BLINDADO 4X6 MM2,46340999,METRO (LINEAL),15000.0,318872.4,15000.0,318872.4
582077.0,CABLE DE ALUMINIO CUADRUPLEX 2 AWG,46340999,METRO (LINEAL),20672.0,331674.55,20672.0,331674.55
582077.0,CABLE DE ALUMINIO CUADRUPLEX 4/0 AWG,46350999,METRO (LINEAL),18232.7,878509.76,18232.7,878509.76
582077.0,KIT DE PUESTA A TIERRA ACERO INOXIDABLE - BT,46350999,PIEZA,510.0,230724.0,510.0,230724.0
582077.0,SISTEMA PUESTA A TIERRA ACERO INOXIDABLE,46350999,OTROS,290.0,142044.9,290.0,142044.9
582077.0,AISLADOR POLIMERICO DE SUSPENSION 25 KV,46940999,PIEZA,22611.0,1350582.1,22611.0,1350582.1
582077.0,TELEFONO IP GRAN TREAM GXP 1628,47222999,PIEZA,172.0,107102.22,172.0,107102.22
582077.0,MEDIDOR MONOFASICO ELECTRONICO ELETRA DE 1F-2HILOS,48263001,PIEZA,12300.0,1301802.75,12300.0,1301802.75
582077.0,MEDIDOR MONOFASICO ELECTRONICO NANSEN - 2 HILOS,48263001,PIEZA,23000.0,2000799.9,23000.0,2000799.9
582077.0,PROTECTOR DE TIRANTE,99999994,PIEZA,12012.0,398699.0,12012.0,398699.0
582077.0,OTROS MATERIALES,99999994,VALOR,0.0,385243266.0,0.0,385243266.0
582118.0,MATERIAS PRIMAS VARIAS,99999994,VALOR,0.0,317604087.70289516,0.0,317604087.70289516
582200.0,"CAÑE_12,3/4""OD_0,281""WT_5L_X52DE ACER.CARB. C/REVEST.TRICAPA",41281000,METRO (LINEAL),10873.0,21407054.0,6742.0,18592104.0
582200.0,"CAÑE._16""OD_0.281""_ESP_GRD_X65DE ACERO CARBONO C/REVESTIMIEN",41281000,METRO (LINEAL),3908.0,3867508.0,1488.0,1791676.0
582200.0,"CAÑER_10.3/4""_0.344""_GRD_X-52EXT.BISEL.C/REVEST.EXT.TRICAPA",41281000,METRO (LINEAL),5893.0,4151376.0,4390.0,3092574.3492278974
582200.0,"CAÑE_32""_0.688""_WT_5L_GRD_X70BFW DRL PSL-2 C/VESTIM.TRICAPA",41281000,METRO (LINEAL),338.0,1765629.0,22.0,116949.0
582200.0,ROTOR_COMPLETO_FLOWSERVE,43252003,UNIDAD,2.0,1330836.0,0.0,0.0
682896.0,VARIOS,99999994,VALOR,0.0,0.0,0.0,12612.0
779779.0,CAFE PERGAMINO,2391,QUINTAL,1134.0,890956.8677017521,972.0,851671.5779192988
779779.0,ENVASES,36490001,KILOGRAMO,8747.0,405066.0,1531.0,70899.0
954316.0,VERDURAS Y LEGUMBRES,012,VALOR,0.0,314187.0,0.0,303332.04813603923
954316.0,ABARROTES,2,VALOR,0.0,628374.0,0.0,606664.0962720785
954316.0,CARNES,211,VALOR,0.0,2199308.0,0.0,2123323.3715016097
958990.0,"CARNE DE POLLO,VERDURAS,CEREALES,EXTRACTOS,SERVICIOS PLATOS DESECHABLES,CUBIERTOS , VASOS,BOLSAS  Y MATERIAL DE LIMPIEZA",99999993,VALOR,0.0,4755532.0,0.0,4706574.0
981540.0,HUEVO,02311000,UNIDAD,202230.0,157740.0,195846.0,152761.0
981540.0,MANTECA,21700003,KILOGRAMO,31728.0,428332.0,27285.0,368347.0
981540.0,LECHE,22110001,LITRO,2670.0,15486.0,2652.0,15387.0
981540.0,HARINA,23110,QUINTAL,4028.0,765317.0,1816.0,345040.0
981540.0,AZUCAR,23520001,KILOGRAMO,27325.0,133893.0,24708.0,121069.0
981540.0,CAFE,2391,KILOGRAMO,606.0,9100.0,591.0,8865.0
981540.0,LEVADURA,23996002,KILOGRAMO,5834.0,84006.0,5776.0,83174.0
981540.0,PROPIONATO DE CALCIO,34140007,UNIDAD,1280.0,31382.0,1257.0,30797.0
981540.0,JALEA,35250001,UNIDAD,875.0,13995.0,859.0,13744.0
981540.0,BOLSAS,36410003,KILOGRAMO,3322.0,129563.0,2716.0,105924.0
981540.0,CINTA AUTOADHESIVA CON LOGO,36920002,PIEZA,1440.0,31320.0,765.0,19125.0
981540.0,OTROS MATERIALES,99999994,VALOR,0.0,1018653.0,0.0,1399837.374795987
1040703.0,VARIOS,99999994,VALOR,0.0,10000.0,0.0,10000.0
1059030.0,INSUMOS VARIOS PARA LA CONSTRUCCIÓN,99999994,VALOR,0.0,29306317.0,0.0,29306317.0
1110854.0,POLLO,21121000,KILOGRAMO,161577.0,1897723.0,160885.0,1889591.0
1110854.0,PAPA PREFRITA,21394999,KILOGRAMO,92572.0,569317.0,92176.0,566877.0
1110854.0,ACEITE,21691009,LITRO,71821.0,493408.0,69598.0,377918.0
1110854.0,ARROZ,23161002,KILOGRAMO,69898.0,379545.0,69598.0,377918.0
1110854.0,OTROS,99999994,VALOR,0.0,455454.0,0.0,447302.0
1119546.0,CARNES,211,KILOGRAMO,109165.51066752034,2577303.9694069335,102640.40889370558,2423251.9194544884
1119546.0,MP TRIPA NATURAL - MADEJAS,2115,KILOGRAMO,55849.98549201577,192067.83288223125,52511.68901748731,180626.70541975115
1119546.0,ADITIVOS Y CONDIMENTOS,23929002,KILOGRAMO,13194.225041475016,410340.398789873,11518.338485145618,358277.64377346943
1119546.0,ENVASES,99999994,OTROS,120835.71920895157,185140.86473545685,307693.52946498233,471438.79716678575
1125983.0,"DETERGENTE DE VAJILLAS, DETERGENTE EN POLVO, PAPEL HIGIENICO, AMBIENTADOR DE PISO, ESCOBA, PLUMERO, ESPONJA, TRAPOS DE PISO, RE",99999993,UNIDAD,52560.0,1582585.0,42048.0,1266068.0
1140005.0,VARIOS,99999994,VALOR,0.0,2778837.996761537,0.0,2778837.996761537
1203965.0,MINERALES,35250,KILOGRAMO,48101.0,1500763.0,28908.0,901953.0
1203965.0,VITAMINAS,35250001,KILOGRAMO,14704.0,834514.0,7586.0,430546.0
1203965.0,EXCIPIENTES,35250001,KILOGRAMO,95030.0,318541.0,103905.0,348290.0
1203965.0,ADITIVOS,35250001,KILOGRAMO,28106.0,914622.0,37225.0,1211356.0
1203965.0,COCIDIOSTATO,99999994,KILOGRAMO,2151.0,69706.0,1057.0,34267.0
1236847.0,ACETILENO,34110003,KILOGRAMO,477.0,40472.0,408.0,34702.0
1236847.0,HIDROXIDO DE AMONIO,34220998,KILOGRAMO,2088.0,14616.0,1740.0,12180.0
1236847.0,ACIDO SULFURICO,34231014,KILOGRAMO,2100.0,18900.0,1750.0,15750.0
1236847.0,ACIDO CLORHIDRICO,34231015,KILOGRAMO,26460.0,185220.0,22050.0,154350.0
1236847.0,ACIDO NITRICO,34233001,KILOGRAMO,18000.0,113400.0,15000.0,94500.0
1236847.0,COPELAS MAGNESITA,37291999,OTROS,150.0,206544.0,125.0,172120.0
1262759.0,CAJAS DE CARTON 17.5X17.5,32153004,PIEZA,3000.0,5612.0,2875.0,5378.0
1262759.0,ALCOHOL ISOPROPILICO,34139003,LITRO,800.0,13780.0,0.0,0.0
1262759.0,MEK (SOLVENTE ORGANICO),34170,KILOGRAMO,10560.0,242384.0,9075.0,208657.0
1262759.0,FRASCOS PVC Y TAPAS,36490016,PIEZA,10340.0,16812.0,11519.0,1894.0
1262759.0,MOTOREDUCTOR,43320006,PIEZA,3.0,7290.0,2.0,4860.0
1262759.0,OTROS,99999994,VALOR,0.0,1398910.0,0.0,1174020.0
1280471.0,INSUMOS VARIOS,99999994,VALOR,0.0,4706857.0,0.0,4796560.0
1331967.0,MATERIAL DE LABORATORIO PARA REALIZAR ANALISIS,35440,VALOR,0.0,52228.0,0.0,52228.0
1331967.0,REACTIVOS PARA REALIZAR ANALISIS,99999994,VALOR,0.0,495171.0,0.0,495171.0
1357264.0,POLLO,21121000,KILOGRAMO,314542.06,4718130.94,321903.02077159967,4828545.352510082
1357264.0,ACEITE,21691009,LITRO,131.06,196588.79,134.12708590490521,201189.39054075518
1357264.0,ARROZ,23161002,QUINTAL,603.15,131059.19,617.2650073519272,134126.25694916295
1416755.0,PINTURA BLANCA Y AMARILLA,35110,OTROS,2700.0,1473600.0,2065.309748098803,1127200.1647401468
1416755.0,PINTURA TERMOPLASTICA,35110999,OTROS,7644.0,2308800.0,6190.195817982223,1869691.7980844264
1416755.0,MICROESFERAS DE VIDRIO,37199999,OTROS,2160.0,302000.0,1359.8701741138816,190129.99656592234
1416755.0,TACHON,99999994,PIEZA,2400.0,845200.0,1424.2632482995866,501578.04060950445
1418846.0,AGREGADOS,153,METRO CÚBICO,4112.0,740254.0,3653.0,657623.0
1418846.0,CEMENTO,37440001,OTROS,8513.0,412881.0,7237.0,350995.0
1418846.0,FIERRO CORRUGADO,41261005,BARRA,2193.0,493503.0,1755.0,315842.0
1418846.0,ALAMBRE GALVANIZADO Y OTROS,41263002,METRO (LINEAL),10260.0,98701.0,8208.0,78960.0
1456484.0,PAPELERIA EN GENERAL,321,VALOR,0.0,732999.0,0.0,425955.0
1456484.0,PLACAS CTP,32800002,UNIDAD,3500.0,73500.0,3000.0,63000.0
1456484.0,OTRAS MATERIAS PRIMAS,99999994,VALOR,0.0,1112669.68748133,0.0,1112670.68748133
1460461.0,SAL DESHIDRATADA,16200005,KILOGRAMO,1800.0,57540.0,1350.0,43155.0
1460461.0,AZÚCAR,23520001,QUINTAL,2500.0,434730.0,1700.0,295616.39999999997
1460461.0,AJINOMOTO,23929006,KILOGRAMO,606.0,40073.0,436.0,28831.0
1460461.0,BENZATO DE SODIO,34140009,KILOGRAMO,2375.0,43861.0,2019.0,37286.0
1460461.0,BOTELLAS DE MATERIAL DE VIDRIO,37191007,UNIDAD,360056.0,147623.0,162025.0,66430.0
1460461.0,OTROS MATERIALES,99999994,VALOR,0.0,677799.0,0.0,677799.0
1494778.0,SEBO FRESCO,2151,KILOGRAMO,6920135.7,4844095.0,6920135.7,4843573.0
1532416.0,GOMALACA,03219003,KILOGRAMO,25.0,1479.0,15.0,1594.0
1532416.0,CAJAS DE EMBALAJE,32153004,UNIDAD,9900.0,60291.0,10050.0,61205.0
1532416.0,ETIQUETAS DE PAPEL,32197002,UNIDAD,10000.0,1218.0,19720.0,1923.0
1532416.0,ACIDO SULFÚRICO,34231014,KILOGRAMO,20000.0,121800.0,23202.0,141299.0
1532416.0,ACIDO CLORHÍDRICO,34231015,KILOGRAMO,100.0,1131.0,105.0,1088.0
1532416.0,HIDRÓXIDO DE SODIO,34231022,KILOGRAMO,6.0,1305.0,4.0,913.0
1532416.0,FOSFATO DE AMONIO,34240996,KILOGRAMO,900.0,4124.0,748.0,3773.0
1532416.0,SULFATO DE AMONIO,34612000,KILOGRAMO,500.0,1500.0,472.0,1438.0
1532416.0,HOJALATA,41231003,KILOGRAMO,18350.0,200058.0,17325.0,189504.0
1532416.0,SOLDADURA DE ESTAÑO,41547004,KILOGRAMO,280.0,21193.0,217.0,16405.0
1532416.0,CLAVOS,42944001,KILOGRAMO,300.0,2351.0,309.0,2499.0
1533277.0,PAPEL BOD,32129001,KILOGRAMO,70800.0,417426.0,69800.0,358580.0
1533277.0,OTROS MATERIALES,99999994,VALOR,0.0,2757669.0,0.0,2757669.0
1536065.0,MATERIALES DE CONSTRUCCION,99999994,VALOR,0.0,100424694.0,0.0,100424694.0
1538320.0,VARIOS,99999994,VALOR,0.0,415472.02275563136,0.0,415472.02275563136
1545905.0,MATERIA PRIMA RESINA DE POLIESTER RESINA FIBRAS DE VIDRIO DIOXIDO DE TITANIO,99999993,KILOGRAMO,78379.0,4646277.0,71318.0,4227701.0
1551153.0,DETERGENTES PARA EL LAVADO DE PRENDAS,35322001,KILOGRAMO,163645.0,3044711.0,203093.0,3101426.0
1551153.0,INSUMOS UTILIZADOS COMO PARTE DEL SERVICIO DE LAVADO,99999994,UNIDAD,53896.0,308899.0,25246.0,144694.67407599822
1551153.0,OTROS MATERIALES,99999994,VALOR,0.0,180458.0,0.0,178653.42
1552342.0,VARIOS,99999994,VALOR,0.0,3645318.0,0.0,3644959.0
1560132.0,TOMATE,01234001,KILOGRAMO,9040.0,9248.0,9040.0,9248.0
1560132.0,GUAYABA,01316002,KILOGRAMO,37458.0,73401.0,37458.0,73401.0
1560132.0,PAPAYA,01317000,KILOGRAMO,14540.0,85854.0,14540.0,85854.0
1560132.0,PIÑA,01318000,KILOGRAMO,21584.0,89910.0,21584.0,89910.0
1560132.0,MARACUYA,01319011,KILOGRAMO,12161.0,47235.0,12161.0,47235.0
1560132.0,TUMBO,01319012,KILOGRAMO,101552.0,437077.0,101552.0,437077.0
1560132.0,MANZANA,01341001,KILOGRAMO,409015.0,1915151.0,409015.0,1915151.0
1560132.0,MEMBRILLO,01342007,KILOGRAMO,33543.0,106018.0,33543.0,106018.0
1560132.0,GUINDA,01344000,KILOGRAMO,19926.0,227626.0,19926.0,227626.0
1560132.0,DURAZNO,01345001,KILOGRAMO,61101.0,341773.0,61101.0,341773.0
1560132.0,FRUTILLA,01354000,KILOGRAMO,39481.0,241400.0,39481.0,241400.0
1560132.0,TAMARINDO,01359003,KILOGRAMO,8910.0,105281.0,2800.0,32565.0
1560132.0,PULPA CONCENTRADO DE TOMATE,21399012,KILOGRAMO,1431.0,10721.0,4569.0,32981.0
1560132.0,INSUMOS DESHIDRATADOS,2141,KILOGRAMO,3266.0,77569.0,3390.0,80514.05695039804
1560132.0,JUGO PURO DE PIÑA,21433000,KILOGRAMO,10426.0,83531.0,10520.0,82398.0
1560132.0,JUGO PURO DE MARACUYA,21439012,KILOGRAMO,3969.0,51722.0,2667.0,38125.0
1560132.0,JUGO PURO DE TUMBO,21439999,KILOGRAMO,48611.0,491025.0,57313.0,582433.0
1560132.0,PULPA DE MEMBRILLO,21494006,KILOGRAMO,35412.0,141175.0,24989.0,101988.0
1560132.0,PULPA DE DURAZNO,21499005,KILOGRAMO,60416.0,401368.0,61951.0,408162.0
1560132.0,PULPA DE MANZANA,21499005,KILOGRAMO,71330.0,463925.0,69846.0,431501.0
1560132.0,PULPA CONCENTRADA DE MANZANA,21499005,KILOGRAMO,172270.0,1693830.0,160863.0,1518360.0
1560132.0,PULPA DE GUINDA,21499005,KILOGRAMO,16970.0,243932.0,16082.0,231167.61484973482
1560132.0,PULPA DE FRUTILLA,21499005,KILOGRAMO,38988.0,263004.0,32324.0,218182.0
1560132.0,PULPA DE PIÑA,21499005,KILOGRAMO,2650.0,21244.0,2763.0,21476.0
1560132.0,PULPA DE PAPAYA,21499005,KILOGRAMO,17962.0,107232.0,14466.0,87762.0
1560132.0,PULPA DE GUAYABA,21499005,KILOGRAMO,34291.0,105197.0,30645.0,91941.0
1560132.0,PULPA DE TAMARINDO,21499005,KILOGRAMO,7567.0,40890.0,7522.0,40709.0
1560132.0,PULPA DE FRUTILLA FINA,21499005,KILOGRAMO,2695.0,20715.0,17836.0,130866.0
1560132.0,PULPA DE NARANJA,21499005,KILOGRAMO,0.0,0.0,1540.0,10763.0
1560132.0,AZUCAR,23520001,KILOGRAMO,697300.0,2632901.0,630345.0,2388061.0
1560132.0,CAJAS CARTON,32153004,UNIDAD,32000.0,27840.0,37969.0,33033.03
1560132.0,ETIQUETAS,32197002,UNIDAD,471746.2543334202,70609.0,461758.0,69114.0
1560132.0,SOBRES PARA SOPAS Y POLIETILENO,36410003,UNIDAD,81813.0,13103.0,36175.0,10073.0
1560132.0,ENVASES DE PLASTICO,36490001,UNIDAD,330160.0,185894.0,373524.0,208241.0
1560132.0,TAPACORONAS,36490006,UNIDAD,4932185.0,275953.0,4633645.0,259024.0
1560132.0,ENVASES DE VIDRIO,37191004,UNIDAD,88378.0,74828.0,412404.0,344785.0
1560132.0,BOTELLAS NO RETORNABLES,37191007,UNIDAD,82593.0,135089.0,104662.0,170371.0
1560132.0,TAPAS METALICAS,42932002,UNIDAD,69600.0,35120.0,64774.0,32685.0
1560132.0,INSUMOS PARA SOPAS,99999994,KILOGRAMO,15672.0,75356.0,15571.0,74176.0
1560132.0,PRODUCTOS QUIMICOS,99999994,KILOGRAMO,12785.0,590949.0,12663.0,586223.0
1560132.0,PALETS,99999994,UNIDAD,7.0,1857.0,7.0,1857.0
1560132.0,OTROS MATERIALES,99999994,VALOR,0.0,309233.0,0.0,0.0
1602403.0,AZUCAR BLANCA,23520001,KILOGRAMO,600.0,101790.0,600.0,101790.0
1602403.0,CUELLERINES VINO ESPUMANTE ALTOSAMA,3213,UNIDAD,65000.0,10626.0,54600.0,14104.0
1602403.0,ETIQUETAS DE SINGANI LOS PARRALES Y TRES ESTRELLAS,32197002,UNIDAD,405000.0,30611.0,179850.0,31891.0
1602403.0,ETIQUETAS VINO ESPUMANTE ALTOSAMA,32197002,UNIDAD,65000.0,16134.0,24400.0,7812.0
1602403.0,ETIQUETAS DE VINO SANTO PATRONO,32197002,UNIDAD,0.0,0.0,13400.0,3470.0
1602403.0,"CONTRA ETIQUETAS LOS PARRALES, TRES ESTRELLAS, VINO ESPUMANTE Y VINO SALTO PATRONO",32197002,UNIDAD,126400.0,28467.0,129500.0,31522.0
1602403.0,POLIETILENO,34710001,KILOGRAMO,0.0,0.0,943980.0,361638.0
1602403.0,"BOTELLAS DE VIDRIO LOS PARRALES, TRES ESTRELLAS, VINO ESPUMANTE Y VINO SANTO PATRONO",37191007,UNIDAD,452680.0,1371620.0,250000.0,782556.0
1602403.0,CAPSULAS PILFER TRES ESTRELLAS,42932006,UNIDAD,0.0,0.0,70800.0,18428.0
1602403.0,"CAPSULAS TER. LOS PARRALES, VINO ESPUMANTE Y VINO SANTO PATRONO",42932006,UNIDAD,159840.0,63157.0,175000.0,64840.0
1602403.0,PLACAS DE FILTRO,43941001,PIEZA,3800.0,62180.0,0.0,0.0
1602403.0,"OTROS MATERIALES, ENVASES Y EMBALAJES",99999994,UNIDAD,341234.0,386150.0,210000.0,245558.0
1639057.0,SAL,16200005,KILOGRAMO,5016.0,4804.0,3975.0,4740.0
1639057.0,MANTECA VEGETAL,21700003,KILOGRAMO,13165.0,175434.0,11910.0,166690.0
1639057.0,SOYA,23140025,KILOGRAMO,219900.0,672465.0,20170.0,633938.0
1639057.0,AZUCAR,23520001,KILOGRAMO,121201.0,459096.0,116000.0,444719.0
1639057.0,ESENCIAS,23991002,KILOGRAMO,2848.0,131032.0,2279.0,152715.0
1639057.0,COLORANTES,23999007,KILOGRAMO,6700.0,59045.0,5818.0,61624.0
1639057.0,CUCHARILLAS PALITOS DE MADERA,31912011,UNIDAD,3616235.0,34663.0,3064735.0,32055.0
1639057.0,ETIQUETAS PARA ENVASES,32197002,UNIDAD,138143.0,66527.0,108459.0,66221.0
1639057.0,OTROS VITAMINAS COBERTURA GELATINA MAICENA ESTABILIZANTE CULTIVO ETC.,35250001,KILOGRAMO,5908.0,151422.0,5363.0,199928.0
1639057.0,BOLSAS DE SOBRE EMBOLSADO,36410,KILOGRAMO,1454.0,20780.0,1052.0,24576.0
1639057.0,"BOBINAS, LAMINAS",41211002,KILOGRAMO,31373.0,703039.0,25273.0,763612.0
1639057.0,GALONES POMOS VASOS TAPAS,99999993,UNIDAD,1851856.0,329981.0,1676908.0,337689.0
1639508.0,MANI,01422000,VALOR,0.0,403274.0,0.0,520111.0
1639508.0,CACAO SECO EN GRANO,01640000,QUINTAL,211318.73922023707,18470532.63,258425.0,22587904.0
1639508.0,PASAS,21411,VALOR,0.0,522844.0,0.0,591095.0
1639508.0,LECHE,22211001,KILOGRAMO,13396.925179518452,382609.0,81764.0,2335136.0
1639508.0,PIPOCAS DE SOYA,23140032,VALOR,0.0,329270.0,0.0,43200.0
1639508.0,ARROS ENSUFLADO,23140034,VALOR,0.0,7907.0,0.0,121644.0
1639508.0,AZUCAR,23520001,KILOGRAMO,265788.86141930864,1112188.0,357807.0,1497236.0
1639508.0,COCOA INSTANTANEA,23630001,VALOR,0.0,23804.0,0.0,27431.0
1639508.0,VAINILLA EN POLVO,23928000,VALOR,0.0,177360.0,0.0,237915.0
1639508.0,CAJITAS DE EMPAQUE,32153004,UNIDAD,185542.0,842873.0,179706.0,816360.0
1639508.0,LECITINA,35220003,VALOR,0.0,28289.0,0.0,31467.0
1639508.0,BOBINAS PARA VARIOS CHOCOLATES,36410,VALOR,0.0,1108245.0,0.0,1425621.0
1639508.0,VARIOS PRODUCTOS,99999994,VALOR,0.0,7398567.0,0.0,0.0
1643321.0,VALORADO PARA DUI,32690019,UNIDAD,2400.0,251200.0,2400.0,251200.0
1671078.0,MATERIALES PARA LA CONSTRUCCION,99999994,UNIDAD,100000.0,12137483.0,95344.94919580937,11572477.0
1671119.0,INSUMOS VARIOS PARA LA CONSTRUCCIÓN,99999994,VALOR,0.0,6682876.867989875,0.0,5845435.867989875
1689487.0,"JABONCILLO,SHAMPOO,MATERIAL DE LIMPIEZA",99999993,DOCENA,312.0,391931.0,312.0,391931.0
1693915.0,FENTANYL 10 (FENTANILO CITRATO),35260999,PIEZA,3191.0,92631.0,2980.0,85423.0
1693915.0,ULTRAVIST (CONTRASTE YODADO),35260999,PIEZA,274.0,76282.0,291.0,81014.0
1693915.0,ULTRAVIST 100 (CONTRASTE YODADO),35260999,PIEZA,402.0,209844.0,396.0,206712.0
1693915.0,THYMOGAM (GLOBULINA ANTITIMOCITO EQUINA),35270999,PIEZA,136.0,272136.0,94.0,188094.0
1693915.0,CIRCUITO TUBO CAPIOT 65998,47160999,PIEZA,26.0,52371.0,18.0,36257.0
1693915.0,CIRCUITOS AUTOTRAST CELLSAUER,47160999,PIEZA,0.0,0.0,1.0,608.0
1693915.0,CONTROL BIOLÓGICO 1 H AUTOCLAVE,48150999,VALOR,0.0,2262.0,0.0,13572.0
1693915.0,FILTRO ARTERIAL MEDTRONIC,48160003,PIEZA,9.0,2741.0,3.0,914.0
1693915.0,OXIGENADOR A CAPIOT FX25,48160003,PIEZA,26.0,73577.0,18.0,50938.0
1693915.0,MATERIALES VARIOS,99999994,VALOR,0.0,9818041.0,0.0,9546304.0
1727043.0,MATERIALES DE CONSTRUCCIÓN,99999994,UNIDAD,12100.0,7687606.0,12100.0,7687606.0
1727330.0,MATERIALES,99999994,VALOR,0.0,708040.0,0.0,708040.0
1730856.0,VARIOS,99999994,VALOR,0.0,0.0,0.0,1062.0
1732045.0,CUADERNOS,32700004,DOCENA,12.0,1377.0,12.0,1377.0
1732045.0,LAPICEROS,38911002,DOCENA,8.0,94.0,8.0,94.0
1732045.0,OTROS MATERIALES,99999994,VALOR,0.0,0.0,0.0,251437.0
1747666.0,VARIOS,99999994,VALOR,0.0,0.0,0.0,15057.0
1752340.0,INSUMOS VARIOS PARA LA CONSTRUCCIÓN,99999994,VALOR,0.0,927032.0,0.0,1306875.0
1754349.0,MATERIALES PARA LA PRODUCCIÓN DE PERIODICOS,99999994,UNIDAD,19630.0,977263.0,17390.0,919909.0
1771938.0,FIBRA ACRILICA,26210004,KILOGRAMO,4937.030141522794,664590.3993772867,4937.030141522794,664590.3993772867
1771938.0,HILO CRUDO,26410002,KILOGRAMO,36518.28079979491,4067846.0065571405,36518.28079979491,4067846.0065571405
1771938.0,COLORANTES DE DIVERSOS COLORES,34310002,KILOGRAMO,1416.2837532878943,228779.13734620425,1416.2837532878943,228779.13734620425
1773045.0,CASTAÑA EN CASCARA,01373000,OTROS,115307.0,53774360.0,111088.0,51806794.93595359
1773045.0,CARTONES CORRUGADOS,32151002,PIEZA,17031.0,103126.0,36697.0,237875.0
1773045.0,CINTA PAPEL ENGOMADO,32199024,KILOGRAMO,0.0,0.0,319.0,6074.0
1773045.0,BOLSAS PLASTICAS AZULES,36410001,PIEZA,0.0,0.0,31910.0,35037.0
1777842.0,FRANELAS-PUNTERAS,27190001,METRO (LINEAL),250.0,2035.0,250.0,2035.0
1777842.0,MELAMINICO BLANCO DE 18MM,31431000,METRO CUADRADO,696.0,257520.0,502.0,185740.0
1777842.0,MELAMINICO BLANCO 15 MM,31431000,METRO CUADRADO,287.0,79401.0,32.0,8764.0
1777842.0,TABLERO CARPINTERO,31442000,METRO CUADRADO,27.0,11505.0,11.0,4580.0
1777842.0,TABLERO MDF 18 MM,31442000,METRO CUADRADO,36.0,15817.0,36.0,15817.0
1777842.0,TINTES-DILUYENTES,35110020,LITRO,800.0,7482.0,800.0,7482.0
1777842.0,FILM,36330003,ROLLO,45.0,7504.0,0.0,0.0
1777842.0,ESPEJOS-VIDRIOS,37116001,METRO CUADRADO,18.0,1820.0,18.0,1820.0
1777842.0,PERFILES-CUBERTEROS,38160002,UNIDAD,213.0,32340.0,350.0,53136.0
1777842.0,TORNILLOS-PERNOS,42944006,OTROS,42.0,3805.0,42.0,3805.0
1777842.0,VISAGRAS,42992001,UNIDAD,362.0,4701.0,723.0,9389.0
1777842.0,JALADORES-ANGULARES,42992011,UNIDAD,758.0,27746.0,909.0,33304.0
1777842.0,RIELES TELESCOPICAS,42999007,PAR,140.0,1851.0,140.0,1851.0
1787026.0,PAPEL PERIODICO EN BOBINAS,32121000,KILOGRAMO,166372.0,817738.0,164456.0,801588.0
1787026.0,PAPEL COUCHE,32143003,KILOGRAMO,11750.0,11331.0,11750.0,11331.0
1787026.0,PLACAS CTP,32800002,UNIDAD,16650.0,227483.0,12575.0,172729.0
1787026.0,TINTA,35130,KILOGRAMO,2175.0,93601.0,2136.0,91870.0
1787026.0,CINTAS TRANSFERIBLES Y TESAFEX,36920007,UNIDAD,46.0,1321.0,33.0,1117.0
1787026.0,SOLUCIONES Y REVELADORES PARA IMPRESION,48342001,UNIDAD,1090.0,54260.0,837.0,36015.0
1793586.0,PAPEL BOND T/ CARTA DE 500 UNIDADES,32129001,UNIDAD,3.0,99.0,3.0,99.0
1793586.0,BOLIGRAFOS  FABER CASTELL,38911002,UNIDAD,50.0,65.0,50.0,65.0
1793586.0,PIÑON ALECOIDAL,43320004,PIEZA,1.0,812.0,1.0,812.0
1793586.0,CUÑAS PARA PRENSA,44251002,PIEZA,14.0,2037.0,14.0,2037.0
1793586.0,"BATERIA DOBLE ""A""",46410001,UNIDAD,20.0,180.0,20.0,180.0
1793586.0,OTROS,99999994,VALOR,0.0,139.0,0.0,139.0
1798219.0,HUEVOS,02311000,VALOR,0.0,17766.0,0.0,17766.0
1798219.0,CARNES,211,VALOR,0.0,143646.0,0.0,143646.0
1798219.0,LECHE,22110001,VALOR,0.0,58834.0,0.0,58834.0
1798219.0,PAN,23490001,VALOR,0.0,31832.0,0.0,31832.0
1798219.0,BEBIDAS,24,VALOR,0.0,145743.0,0.0,145743.0
1798219.0,GASEOSA,24490001,VALOR,0.0,66393.0,0.0,66393.0
1798219.0,MATERIAL LIMPIEZA,99999994,VALOR,0.0,76496.0,0.0,76496.0
1798219.0,OTROS,99999994,VALOR,0.0,2210869.0,0.0,2210869.0
1804615.0,ACEITE DOWFROTH 1012,33380000,KILOGRAMO,10.0,484.42,6.15,307.9
1804615.0,XANATO Z - 11,34160028,KILOGRAMO,0.0,0.0,0.1,3.82
1804615.0,XANTATO Z-6,34160028,KILOGRAMO,0.0,0.0,3.5,132.89
1804615.0,ÁCIDO CLORHÍDRICO,34231015,KILOGRAMO,30.0,430.66,30.0,432.02
1804615.0,ÁCIDO NÍTRICO,34233001,KILOGRAMO,1015.0,4609.52,595.0,3261.91
1804615.0,SULFATO DE COBRE,34240033,KILOGRAMO,0.0,0.0,23.1,447.45
1804615.0,SULFURO DE SODIO,34240034,KILOGRAMO,5700.0,44869.03,6250.0,49193.3
1804615.0,CARBONATO DE SODIO,34240059,KILOGRAMO,0.0,0.0,2856.0,3198.72
1804615.0,NITRATO DE PLOMO,34240998,KILOGRAMO,0.0,0.0,75.0,4640.25
1804615.0,CIANURO DE SODIO,34270001,KILOGRAMO,20000.0,310529.16,12000.0,235478.75
1804615.0,SILICATO DE SODIO,34270003,KILOGRAMO,0.0,0.0,1.2,22.9
1804615.0,BOARAX,34270006,KILOGRAMO,5000.0,36331.2,3850.0,28081.4
1804615.0,SAL DESHIDRATADA,34270999,KILOGRAMO,67880.0,24365.22,58748.07,21095.09
1804615.0,PERÓXIDO DE HIDRÓGENO,34280001,KILOGRAMO,2015.0,12811.29,3055.0,19793.47
1804615.0,NITRATO DE SODIO,34653002,KILOGRAMO,0.0,0.0,1950.0,18388.5
1804615.0,FLOCULANTE,35499019,KILOGRAMO,50.0,3027.6,37.5,2357.05
1804615.0,CAL HIDRATADA,37420002,KILOGRAMO,35987.0,37570.43,38341.0,40063.49
1804615.0,POLVO DE ZINC,41544001,KILOGRAMO,0.0,0.0,75.0,2725.5
1804615.0,OTROS MATERIALES,99999994,VALOR,0.0,29461300.47,0.0,31419697.9807958
1825074.0,VARIOS,99999994,VALOR,0.0,683618.5365824213,0.0,673621.5365824213
1829051.0,LANA,26340001,KILOGRAMO,16425.0,788400.0,16428.0,788544.0
1829051.0,HILADO DE ALGODÓN,26360005,ROLLO,5460.0,169260.0,5461.0,169291.0
1829051.0,TELA DE POLIPROPILENO,26710006,METRO (LINEAL),10950.0,328500.0,10952.0,328560.0
1829051.0,ELASTICO SUSPENSOR,28237999,ROLLO,5480.0,146316.0,5481.0,146342.7
1829051.0,BOTONES PLASTICOS DIF. COLOR,38923002,KILOGRAMO,5873.0,1397774.0,5874.0,1398012.0
1829051.0,BOTONES PLASTICOS DIF. COLOR,38923002,OTROS,3350.0,130650.0,3351.0,130689.0
1829051.0,CIERRES DE 60 Y 70 CM.,38923004,CUARTILLA,5388.0,718229.29,5389.0,718362.59
1833192.0,MATERIAS PRIMAS VARIAS,99999994,VALOR,0.0,23204908.0,0.0,23055071.0
1860498.0,VARIOS,99999994,VALOR,0.0,351905.3043829324,0.0,319799.3043829323
1864229.0,INSUMOS Y SUMINISTROS (OXIGENOS Y DERIBADOS),34210003,VALOR,0.0,696858.24,0.0,696858.24
1864229.0,MATERIALES DE ALBAÑILERIA,99999994,VALOR,0.0,1437270.12,0.0,1437270.12
1864229.0,MATERIALES METALICOS,99999994,VALOR,0.0,653304.6,0.0,653304.6
1864229.0,MATERIALES SANITARIOS,99999994,VALOR,0.0,783965.52,0.0,783965.52
1864229.0,MATERIALES ELECTRICOS,99999994,VALOR,0.0,783965.52,0.0,783965.52
1869067.0,OTROS MATERIALES,99999994,VALOR,0.0,185265.0,0.0,219660.0
1882064.0,VARIOS,99999994,VALOR,0.0,5434.0,0.0,5434.0
1889403.0,PIÑA,01318000,PIEZA,20.0,20.0,13.0,13.0
1889403.0,LECHE NATURAL,02211000,LITRO,887501.0,2840003.0,887501.0,2840003.0
1889403.0,SAL YODADA,16200005,KILOGRAMO,164.0,304.0,106.0,197.0
1889403.0,COCO RALLADO,21419008,KILOGRAMO,6.0,682.0,4.0,441.0
1889403.0,PIÑA EN LATA,21491000,PIEZA,68.0,2050.0,44.0,1327.0
1889403.0,DURAZNOS AL JUGO,21492000,PIEZA,183.0,5966.0,125.0,3862.0
1889403.0,GLUCOSA EN POLVO,23210001,KILOGRAMO,71.0,992.0,46.0,642.0
1889403.0,AZUCAR,23520001,QUINTAL,244.0,96069.0,158.0,62185.0
1889403.0,COCOA,23630001,KILOGRAMO,42.0,3380.0,27.0,2188.0
1889403.0,ESENCIA DE ANANÁ BETA,23991002,LITRO,13.0,26289.0,8.0,17016.0
1889403.0,ESENCIA DE CANELA,23991002,LITRO,2.0,332.0,1.0,215.0
1889403.0,ESENCIA DE COCO,23991002,LITRO,8.0,6576.0,5.0,4256.0
1889403.0,ESENCIA DE DURAZNO,23991002,KILOGRAMO,69.0,57552.0,45.0,37252.0
1889403.0,ESENCIA DE FRUTILLA,23991002,KILOGRAMO,117.0,82917.0,76.0,53672.0
1889403.0,ESENCIA DE LIMON,23991002,LITRO,6.0,3924.0,4.0,2540.0
1889403.0,ESENCIA DE TUTI FRUTI,23991002,LITRO,15.0,50.0,10.0,32.0
1889403.0,ESENCIA DE VAINILLA,23991002,LITRO,25.0,5925.0,16.0,3835.0
1889403.0,ESENCIA DE GUINDA,23991002,VALOR,0.0,51.0,0.0,33.0
1889403.0,ESENCIA LECHE CONDENSADA,23991002,VALOR,0.0,222.0,0.0,144.0
1889403.0,ESENCIA DULCE DE LECHE,23991002,LITRO,3.0,383.0,2.0,248.0
1889403.0,ESENCIA DE MORA,23991002,VALOR,0.0,125.0,0.0,81.0
1889403.0,ESENCIA DE MARACUYA,23991002,LITRO,3.0,656.0,2.0,425.0
1889403.0,ESENCIA DE MANZANA,23991002,KILOGRAMO,27.0,36392.0,17.0,23556.0
1889403.0,ESENCIA DE NARANJA,23991002,LITRO,3.0,2133.0,2.0,1381.0
1889403.0,ESENCIA DE TAMARINDO,23991002,KILOGRAMO,15.0,5451.0,10.0,3529.0
1889403.0,ESENCIA CEREZA,23991002,LITRO,2.0,368.0,1.0,238.0
1889403.0,ESENCIA CHOCOLATE HP,23991002,LITRO,2.5,420.0,1.62,272.0
1889403.0,ESENCIA CHOCOLATE RB,23991002,LITRO,2.35,447.0,1.52,289.0
1889403.0,ESENCIA DE FRESA,23991002,VALOR,0.0,269.0,0.0,174.0
1889403.0,COLORANTE ROJO FRESA,23999007,GRAMO,3.0,6.0,2.0,4.0
1889403.0,COLORANTE AMARILLO,23999007,GRAMO,15.0,1542.0,10.0,998.0
1889403.0,COLORANTE VERDE,23999007,GRAMO,5.0,966.0,3.0,625.0
1889403.0,COLORANTE ROJO AMARANTO,23999007,GRAMO,11.0,1759.0,7.0,1139.0
1889403.0,COLORANTE CARAMELO,23999007,GRAMO,34.0,1046.0,22.0,677.0
1889403.0,COLORANTE UVA MORADA,23999007,VALOR,0.0,127.0,0.0,82.0
1889403.0,COLORANTE HUEVO CLARO,23999007,VALOR,0.0,127.0,0.0,82.0
1889403.0,COLORANTE HUEVO OSCURO,23999007,VALOR,0.0,128.0,0.0,83.0
1889403.0,GELATINA NEUTRA,23999013,KILOGRAMO,85.0,17522.0,55.0,11342.0
1889403.0,POLIETILENO LECHE PASTEURIZADA,27150008,KILOGRAMO,3813.0,436822.0,2468.0,282753.0
1889403.0,POLIETILENO PARA YOGURT COCO,27150008,KILOGRAMO,1579.0,135933.0,1022.0,87989.0
1889403.0,POLIETILENO PARA JUGO LACTEO,27150008,KILOGRAMO,60.0,2012.0,39.0,1302.0
1889403.0,POLIETILENO PARA LECHE SABOR FRUTILLA,27150008,KILOGRAMO,536.0,18112.0,347.0,11724.0
1889403.0,POLIETILENO PARA LECHE CHOCOLATADA,27150008,KILOGRAMO,1699.0,20305.0,1100.0,13143.0
1889403.0,POLIETILENO PARA JUGO TAMARINDO,27150008,KILOGRAMO,2001.0,235207.0,1295.0,152248.0
1889403.0,ÁCIDO CÍTRICO,34140023,KILOGRAMO,176.0,23416.0,114.0,15157.0
1889403.0,DIVOSAN,34664999,KILOGRAMO,31.0,52395.0,20.0,33915.0
1889403.0,CULTIVO PARA YOGURT YFL811,35440999,PIEZA,331.0,38425.0,214.0,24872.0
1889403.0,CULTIVO PARA YOGURT Y450B,35440999,PIEZA,1415.0,8490.0,916.0,5496.0
1889403.0,CULTIVO PARA YOGURT Y 450 B 10 UC,35440999,PIEZA,146.0,28399.0,94.0,18383.0
1889403.0,CULTIVO LYOFAST YAB,35440999,PIEZA,293.0,184745.0,190.0,119584.0
1889403.0,CULTIVO DVS R 750,35440999,PIEZA,3.0,244.0,2.0,158.0
1889403.0,CULTIVO PARA YOGURT YF L812,35440999,PIEZA,325.0,50944.0,210.0,32976.0
1889403.0,EMULSIÓN NEUTRO,35499043,KILOGRAMO,21.0,5544.0,13.0,3589.0
1889403.0,EMULSIONANTE PARA HELADO,35499043,KILOGRAMO,10.0,454.0,6.0,294.0
1889403.0,POLIETILENO SUBSIDIO JUGO LACTEO,36410001,KILOGRAMO,1160.0,161580.0,751.0,104590.0
1889403.0,POLIETILENO SUBSIDIO JUGO 200 CC,36410001,KILOGRAMO,1945.0,167714.0,1259.0,108560.0
1889403.0,POLIETILENO YOGURT DURAZNO,36490001,KILOGRAMO,738.0,97013.0,477.0,62796.0
1889403.0,POLIETILENO PARA JUGO LACTEO DURAZNO,36490001,KILOGRAMO,2777.0,149528.0,1798.0,96789.0
1889403.0,POLIETILENO JUGO CITRUS MIX,36490001,KILOGRAMO,1513.0,92930.0,979.0,60153.0
1889403.0,POLIETILENO LIMONADA,36490001,KILOGRAMO,3912.0,158364.0,2532.0,102508.0
1889403.0,TAPA NARANJA PARA BOTELLA,36490007,PIEZA,76826.0,41948.0,49729.0,27153.0
1889403.0,VASO PARA GELATINA,36940017,PIEZA,42880.0,42880.0,27756.0,27756.0
1891412.0,ALMENDRA,01371000,OTROS,20478.0,4095643.0,20478.0,4095643.0
1900924.0,POLIETILENO DE ALTA DENSIDAD,34710001,KILOGRAMO,323147.0,4847212.0,180962.0,2714435.0
1900924.0,POLIETILENO DE BAJA DENSIDAD,34710001,KILOGRAMO,111859.0,1454163.0,67115.0,872489.0
1900924.0,POLIETILENO DE BAJA DENSIDAD LINEAL,34710001,KILOGRAMO,103869.0,1454163.0,72708.0,1017914.0
1900924.0,HOMOPOLIMERO,34790031,KILOGRAMO,138492.0,1938885.0,110793.0,1551108.0
1900924.0,TINTAS,35110,KILOGRAMO,3491.0,265237.0,2793.0,212204.7954740762
1900924.0,DILUYENTES,35110005,LITRO,14176.0,209237.0,8506.0,125542.0
1900924.0,MASTERBATCH VARIOS COLORES,35110023,KILOGRAMO,13969.0,586699.0,11175.0,469359.0
1900924.0,ACCESORIOS,99999994,UNIDAD,12231.0,220156.0,6115.0,110079.0
1903015.0,ARCILLA,15400,TONELADA MÉTRICA,19509.0,176681.0,19509.0,176681.0
1904819.0,ARCILLA,15400,METRO CÚBICO,24103.0,473464.0,40769.37,795535.69
1913183.0,INSUMOS VARIOS,99999994,VALOR,0.0,38555.0,0.0,38555.0
1918759.0,REACTIVOS DE LABORATORIO,35440999,VALOR,0.0,30568.0,0.0,30568.0
1918759.0,MATERIAL QUIROFANO,99999994,VALOR,0.0,10260.0,0.0,10260.0
1918759.0,MATERIAL DE NEONATOLOGIA,99999994,VALOR,0.0,1400.0,0.0,1400.0
1922244.0,COMBUSTIBLE,3331,LITRO,39273.0,141386.0,39273.0,141386.0
1922244.0,LLANTAS,36111000,UNIDAD,39.0,55075.0,39.0,55075.0
1922244.0,ALTERNADORES,46960001,UNIDAD,249.0,4991.0,249.0,4991.0
1922244.0,AMORTIGUADORES,49129012,UNIDAD,40.0,52564.0,40.0,52564.0
1922941.0,VERDURAS,012,KILOGRAMO,53186.0,644888.0,49467.0,582830.7456123738
1922941.0,POLLOS,21121000,PIEZA,124171.0,269060.0,118424.0,249349.55632158488
1922941.0,FIAMBRES,21184,PIEZA,267155.0,85054.0,227202.0,70288.37462433382
1922941.0,HAMBURGUESAS,21189002,PIEZA,412480.0,1210067.0,407419.0,1161415.7591900865
1922941.0,PAN,23490016,PIEZA,353968.0,256468.0,336459.0,236887.01060295806
1922941.0,GASEOSAS,24490001,LITRO,100363.0,596063.0,116752.0,673787.2259797059
1922941.0,ENVASES,36490024,PIEZA,1385894.0,389326.0,959051.0,261797.20776625752
1922941.0,INSUMOS,99999994,PIEZA,25403.0,271045.0,32161.0,333446.2599119688
1922941.0,INSUMOS CAFETERIA,99999994,PIEZA,64402.0,113896.0,43156.0,74163.49984631852
1922941.0,INSUMOS PARA HELADOS,99999994,LITRO,8971.0,144518.0,11176.0,174947.36014441182
1927369.0,INSUMOS DE LABORATORIO V (HOJAS),32129001,VALOR,0.0,62.0,0.0,62.0
1927369.0,INSUMOS DE LABORATORIO III (CAJA),32153004,VALOR,0.0,1051856.0,0.0,1051856.0
1927369.0,INSUMOS DE LABORATORIO I (BOLSAS),36410,VALOR,0.0,59281.0,0.0,59281.0
1927369.0,INSUMOS DE LABORATORIO IV (FRASCOS),36490016,VALOR,0.0,41199.0,0.0,41199.0
1927369.0,INSUMOS DE LABORATORIO II (BOTELLAS),37195,VALOR,0.0,918.0,0.0,918.0
1927369.0,INSUMOS DE LABORATORIO VI (KIT),99999994,VALOR,0.0,672061.0,0.0,672061.0
1927369.0,INSUMOS DE LABORATORIO VII,99999994,LITRO,1573.0,14518.0,1573.0,14518.0
1927369.0,INSUMOS DE LABORATORIO VIII (PAQUETE),99999994,VALOR,0.0,34658.0,0.0,34658.0
1927369.0,INSUMOS DE LABORATORIO IX,99999994,PIEZA,98.0,6494.0,98.0,6494.0
1927369.0,INSUMOS DE LABORATORIO X,99999994,ROLLO,36.0,896.0,36.0,896.0
1927369.0,INSUMOS DE LABORATORIO XI,99999994,UNIDAD,30100.0,348441.0,30100.0,348441.0
1927697.0,VERDURA,012,KILOGRAMO,513648.0,4109184.0,500048.0,4000384.0
1927697.0,FRUTA,013,KILOGRAMO,1780648.0,26709720.0,1780000.0,26700000.0
1927697.0,CARNE DE RES,21111002,KILOGRAMO,308189.0,12327560.0,308000.0,12320000.0
1927697.0,POLLO,21121000,KILOGRAMO,246551.0,6163775.0,246000.0,6150000.0
1952912.0,"TEXTILES (TELAS, TOCUYOS)",26690001,METRO (LINEAL),348317.0,5160102.0,330594.0,4718826.0
1952912.0,"MATERIAL PARA APARADO (HILOS, RIBETES )",27911,UNIDAD,3526151.0,2339827.0,3001382.0,2114260.0
1952912.0,CUERO TERMINADO (FORROS - MATERIALES),29120,PIE CUADRADO,275473.0,3545209.0,325606.0,4644454.0
1952912.0,CUERO WET BLUE,29120006,PIE CUADRADO,1553943.0,8465609.0,1383377.0,7777323.0
1952912.0,SUELAS,29600,PAR,273984.0,4879683.0,241479.0,4298084.0
1952912.0,SUELAS Y APARADOS IMPORTADOS,29600,PAR,12450.0,324488.0,8893.0,231870.0
1952912.0,CAUCHOS,29600020,METRO (LINEAL),102183.0,1014197.0,107420.0,1082059.0
1952912.0,CARBURANTES,34280002,LITRO,14087.0,168671.0,14692.0,176107.0
1952912.0,PRODUCTOS QUIMICOS PARA CURTIEMBRE,354,KILOGRAMO,280494.0,6381264.0,249877.0,5680284.0
1952912.0,MATERIAL PARA CIRCULO (ADHESIVOS Y PEGAMENTOS),35420,METRO (LINEAL),892961.0,3451235.0,806184.0,3155831.0
1952912.0,EMBALAJES (CAJAS Y BOLSAS),99999993,UNIDAD,3700.0,28289.0,2735.0,20714.0
1952912.0,GOMAS Y PVC PARA ELABORACION DE SUELAS,99999993,KILOGRAMO,771658.0,9557139.0,740505.0,8810824.0
1952912.0,EMBALAJES,99999994,UNIDAD,7642899.0,4081814.0,7884760.0,4201501.0
1954552.0,TRONCAS DE MADERA,031,VALOR,0.0,2275122.0,0.0,1989571.0
1955946.0,CAÑA DE AZUCAR,01802000,TONELADA MÉTRICA,2096469.0,308754175.0,2096469.0,308754175.0
1955946.0,MELAZA,23540002,TONELADA MÉTRICA,80985.0,33016370.0,80248.0,32740431.0
1955946.0,ACIDO SULFURICO,34231014,KILOGRAMO,100000.0,278539.0,135947.0,378666.0
1955946.0,SODA CAUSTICA,34231022,KILOGRAMO,159825.0,1217617.0,157675.0,1198786.0
1955946.0,ACIDO FOSFÓRICO,34232000,KILOGRAMO,0.0,0.0,28520.0,234672.0
1955946.0,AZUFRE CRUDO A GRANEL,34520003,KILOGRAMO,323000.0,616086.0,352200.0,685221.0
1955946.0,UREA,34611000,KILOGRAMO,0.0,0.0,86800.0,267732.0
1955946.0,BOLSAS DE POLIPROPILENO,36410,UNIDAD,3657800.0,6557524.0,3578528.0,6233754.0
1955946.0,BOBINAS PARA FRACCIONADO,36410003,KILOGRAMO,50909.0,1063640.0,63099.0,1324149.0
1955946.0,CAL HIDRATADA,37420002,KILOGRAMO,2809420.0,3148044.0,2524700.0,2831766.0
1957094.0,SABANAS,27120001,PIEZA,630.0,100000.0,540.0,86400.0
1957094.0,TOALLAS,27120007,UNIDAD,450.0,58500.0,420.0,54600.0
1957094.0,PLATERIA,38240,DOCENA,22.0,60000.0,18.0,48000.0
1957094.0,OTROS MATERIALES,99999994,VALOR,0.0,26123823.03406856,0.0,24516979.03406856
1976610.0,BOLETO DE CIRCULACION Y PARQUEO,32690011,PIEZA,2540000.0,125372.22,2450000.0,117988.5
1976610.0,GASOLINA-35101102,33312000,LITRO,63500.0,215878.41,98890.0,336192.3
1976610.0,DIESEL-35101101,33360000,LITRO,208500.0,705038.58,165759.0,560510.7
1976610.0,MODULO DE SILA DE ESPERA 4 X 1 TAPIZADO-80155150,38111001,PIEZA,50.0,140783.4,50.0,140783.4
1976610.0,OTROS INSUMOS,99999994,VALOR,0.0,29711958.46,0.0,25331652.17
1978947.0,MATERIAL DE ESCRITORIO,99999994,PIEZA,210.0,5498.0,200.0,5236.0
1981366.0,CAJAS Y ENVASES,32153004,PIEZA,8275843.0,8725438.0,6313894.198786582,6656904.0
1981366.0,ETIQUETAS,32197002,PIEZA,36461256.0,19496927.0,20912783.0,5522216.0
1981366.0,QUIMICOS,34,KILOGRAMO,3933185.0,37848926.0,4646623.0,42372376.0
1981366.0,ESENCIA,35410,KILOGRAMO,58714.0,7216555.0,58051.0,7166107.0
1981366.0,TAPA Y PLASTICOS,36990,PIEZA,1114512.0,3035862.0,19909244.0,7921931.0
1981366.0,PREFORMAS Y RESINA,99999993,PIEZA,5122983.0,4737930.0,4779464.0,4138122.0
1981366.0,OTROS MATERIALES,99999994,VALOR,0.0,7861104.0,0.0,7861104.0
1983334.0,CACAO,01640000,KILOGRAMO,739000.0,14328182.0,635681.0,12463563.0
1983334.0,SAL,16200005,KILOGRAMO,5960.0,6482.0,5515.0,5998.0
1983334.0,GRASAS VEGETALES,21700002,KILOGRAMO,140175.0,2625892.0,135802.0,2543972.786759408
1983334.0,LECHE Y SUERO DE LECHE,221,KILOGRAMO,70375.0,1592763.0,54028.0,1222789.3337690942
1983334.0,FIBRA DE SOYA,23140025,KILOGRAMO,0.0,0.0,312.0,24508.0
1983334.0,ALMIDON,23220,KILOGRAMO,0.0,0.0,1233.0,14865.0
1983334.0,AZUCAR,23520001,KILOGRAMO,4487950.0,16443377.0,4448336.0,16288872.0
1983334.0,SABORIZANTES,23991002,KILOGRAMO,7046.0,927426.0,6474.0,852136.8044280444
1983334.0,CAJAS DE CARTON,32153004,PIEZA,501691.0,2102677.0,511174.0,2171048.0
1983334.0,ETIQUETAS,32197002,PIEZA,2049802.0,375695.0,2054068.0,409825.0
1983334.0,COLORANTES,34320004,KILOGRAMO,2660.0,29802.0,2863.0,33236.0
1983334.0,VITAMINAS Y MINERALES,35250,KILOGRAMO,9085.0,1377764.0,8571.0,1317837.0
1983334.0,PROTEINAS,35420006,KILOGRAMO,0.0,0.0,1749.0,132143.0
1983334.0,EMULSIFICANTES,35499043,KILOGRAMO,1450.0,160354.0,1102.0,121869.04
1983334.0,ENVASES FLEXIBLES,36410003,KILOGRAMO,62138.0,2250220.0,56155.0,2048087.0
1983334.0,BOTES PLASTICOS CON TAPA,36490016,KILOGRAMO,130037.0,3337823.0,123463.0,3175733.0
1983334.0,HARINAS Y CEREALES,99999993,KILOGRAMO,49889.0,200843.0,45549.0,184900.0
1983334.0,OTROS INGREDIENTES,99999994,KILOGRAMO,8735.0,92981.0,11344.0,144443.0
1988828.0,TRIPLEX DUPLEX BOND COUCHE  Y OTROS,321,VALOR,0.0,2448624.150533086,0.0,2292870.150533086
1991985.0,CARNES,211,KILOGRAMO,14641.0,249902.0,14635.0,248795.0
1991985.0,ACEITE VEGETAL,21691009,LITRO,369.0,73799.0,360.0,72000.0
1991985.0,LECHE,22110001,UNIDAD,24977.0,104988.0,24960.0,104832.0
1991985.0,HARINA,23110001,QUINTAL,5497.0,1055525.0,5492.0,1054464.0
1991985.0,PRODUCTOS DESECHABLES ELABORADOS POR TERCEROS,99999994,UNIDAD,23547.0,117734.0,21520.0,107600.0
1991985.0,OTROS MATERIALES,99999994,VALOR,0.0,942592.0,0.0,746163.0
1993420.0,MADERA EN TRONCAS,031,METRO CÚBICO,188242.5218,6385186.34,188242.5218,6385186.34
2001128.0,LONAS,27997006,VALOR,0.0,1588384.0,0.0,1379461.827527992
2001128.0,ACRILICOS,34790035,VALOR,0.0,24000.0,0.0,20843.249403589944
2001128.0,TINTAS,35130,VALOR,0.0,320000.0,0.0,277909.99204786593
2001128.0,ADHESIVOS,35420,VALOR,0.0,750000.0,0.0,651351.5438621857
2001128.0,PEGAMENTO DOBLE CONTACTO,35420999,VALOR,0.0,18000.0,0.0,15632.437052692458
2001128.0,FOAMEX,36330002,VALOR,0.0,8200.0,0.0,7121.443546226564
2001128.0,MASKIN,36920002,VALOR,0.0,3200.0,0.0,2779.099920478659
2001128.0,ALOCUBEST,41212,UNIDAD,1.0,2300.0,1.0,1997.478067844036
2001128.0,PLANCHA METALICAS DE 1MM,41212001,UNIDAD,1.0,14400.0,1.0,12505.949642153966
2001128.0,PLANCHAS METALICAS DE 2MM,41212001,UNIDAD,1.0,10400.0,1.0,9032.074741555642
2001128.0,TUBOS METALICOS DE 20 X 20 X 0.9,41283002,VALOR,0.0,45000.0,0.0,39081.092631731146
2001128.0,TUBOS METALICOS DE 15 X 15 X 0.9,41283002,UNIDAD,1.0,30000.0,1.0,26054.06175448743
2001128.0,TUBOS METALICOS DE 40 X 40 X 0.9,41283002,UNIDAD,1.0,8000.0,1.0,6947.749801196647
2005228.0,MANGUERAS,36230001,METRO (LINEAL),2900.0,26446.0,2262.0,20628.0
2005228.0,TEES PVC,36320001,PIEZA,1000.0,4556.0,780.0,3554.0
2005228.0,PULSADORES PARA HIDROMASAJES,36320017,PIEZA,500.0,6350.0,391.0,4953.0
2005228.0,JETS PARA HIDROMASAJES,36320999,PIEZA,6050.0,131608.0,4719.0,102654.0
2005228.0,FIBRA DE VIDRIO,37121001,KILOGRAMO,4752.0,86446.0,3701.0,67326.73526936026
2005228.0,CABECERA PARA HIDROMASAJES,38999998,PIEZA,100.0,9728.0,78.0,7588.0
2005228.0,TUBOS METALICOS,41283002,METRO (LINEAL),3966.0,39219.0,3094.0,30591.0
2005228.0,SUCCION PARA HIDROMASAJES,41293999,PIEZA,1100.0,27850.0,858.0,21723.0
2005228.0,DESAGUE,41293999,PIEZA,950.0,38519.0,741.0,30045.0
2005228.0,ABRAZADERAS PARA HIDROS,42921032,PIEZA,2150.0,2464.0,1677.0,1922.0
2005228.0,AGARRADORES PARA HIDROMASAJES,42992010,PIEZA,2500.0,68899.0,1950.0,53741.0
2005228.0,SOPORTE PARA PATAS Y VRILLA ROSCADA,42999018,PIEZA,6000.0,40400.0,4680.0,31512.0
2005228.0,BOMBAS DE AGUA,43220,PIEZA,1200.0,384986.0,936.0,300289.0
2005228.0,"CATALIZADOR, DIOXIDO TITANIO, DESMOLDANTE Y OTROS",99999993,KILOGRAMO,4640.0,255241.0,3619.0,166813.0
2008057.0,VERDURAS,012,UNIDAD,21675.0,375126.0,21675.0,375126.0
2008057.0,MANTECA,21700003,UNIDAD,3521.0,211260.0,3521.0,311260.0
2008057.0,HARINA,23110001,QUINTAL,3360.0,584640.0,3352.0,583248.0
2008057.0,COLORANTES,23999007,QUINTAL,12.0,72000.0,12.0,72000.0
2008057.0,ENVASES,32153007,DOCENA,7756.0,9689.0,7756.0,9689.0
2008057.0,OTROS MATERIALES,99999994,VALOR,0.0,3775000.0,0.0,3672165.0
2010148.0,GASOLINA,33311000,LITRO,1237.0,4601.0,1237.0,4601.0
2010148.0,DIESEL,33360000,LITRO,339790.0,1270816.0,339790.0,1270816.0
2010148.0,ACEITE,33380000,LITRO,19349.0,581642.0,19349.0,581642.0
2010148.0,GRASA,33380000,KILOGRAMO,5132.0,102643.0,5132.0,102643.0
2013633.0,"BOLSAS, LIGAS, PVC",99999993,UNIDAD,3.0,16933.0,1000.0,16933.0
2014740.0,INSUMOS VARIOS,99999994,VALOR,0.0,7031658.756964602,0.0,7031658.756964602
2017364.0,MATERIALES DE CONSTRUCCION PARA OBRA,99999994,VALOR,0.0,9653792.0,0.0,9653792.0
2019824.0,INSUMOS Y OTROS MATERIALES PARA AIRES ACONDICIONADOS,43941002,PIEZA,672981.0,8481669.0,634378.0,8107301.0
2022366.0,VARIOS,99999994,VALOR,0.0,6658895.634401642,0.0,6658895.634401642
2025031.0,PAPAYA,01317000,UNIDAD,105000.0,399000.0,105000.0,399000.0
2025031.0,ALMENDRA CON CASCARA,01371000,KILOGRAMO,609003.0,13593825.0,674497.0,13917655.0
2025031.0,AZUCAR BOLSA DE 96 KGRS,23520001,UNIDAD,3044.0,618903.0,3009.0,611379.0
2025031.0,AROMA DE PANETON,23991002,LIBRA,21.0,4734.0,20.0,4437.0
2025031.0,ESENCIA DE NARANJA,23991002,LITRO,4.0,835.0,4.0,835.0
2025031.0,PAPEL ENGOMADO,32149999,KILOGRAMO,0.0,0.0,141.0,3863.0
2025031.0,CAJAS DE CARTON FRUTA ABRILLANTADA,32153001,UNIDAD,22391.0,77920.0,15579.0,54214.0
2025031.0,CAJAS MEDIUN,32153999,UNIDAD,0.0,0.0,2500.0,17500.0
2025031.0,CAJAS MIDGET,32153999,UNIDAD,0.0,0.0,4722.0,33054.0
2025031.0,CAJAS MIDGET,32153999,UNIDAD,0.0,0.0,26.0,132.0
2025031.0,ALCOHOL,3413,LITRO,0.0,0.0,78.0,813.0
2025031.0,BENZOATO DE SODIO,34140009,KILOGRAMO,50.0,870.0,85.0,1469.0
2025031.0,SORBATO DE POTASIO,34140015,KILOGRAMO,77.0,3370.0,89.0,3871.0
2025031.0,ACIDO CITRICO,34140023,KILOGRAMO,830.0,8977.0,665.0,7132.0
2025031.0,NATAMICINA,34170999,VALOR,0.0,2787.0,0.0,3556.0
2025031.0,METABISULFITO DE SODIO,34240997,KILOGRAMO,50.0,609.0,25.0,304.0
2025031.0,COLORANTES DE DIFERENTES COLORES,34320004,KILOGRAMO,128.0,66374.0,31.0,16074.953125
2025031.0,NISINA,35250001,VALOR,0.0,1261.0,0.0,2270.0
2025031.0,BOLSAS PP GRUESAS Y DELGADAS,36410001,KILOGRAMO,1205.0,32601.0,1164.0,31368.0
2025031.0,BOLSAS DE ALUMINIO,41535999,UNIDAD,0.0,0.0,7248.0,47558.0
2025031.0,OTROS,99999994,UNIDAD,432.0,5261.0,342.0,4165.0
2025810.0,FUNDA PLASTICA CON INSTRUCCION DE USO P/GARRAFAS (EMBALAJE),32197002,KILOGRAMO,1712.0,43813.0,1876.0,49729.0
2025810.0,PINTURA DURAESMAL (HORNEABLE),35110003,KILOGRAMO,33750.0,825692.0,46391.0,1171237.0
2025810.0,ADITIVOS Y PEGAMENTOS ESPECIALES,35420,PIEZA,1937.0,76248.0,1151.0,45298.0
2025810.0,POLVO QUIMICO SECO (EXTINTORES),35440005,KILOGRAMO,79275.0,723560.0,91654.0,854785.0
2025810.0,FUNDENTE CARBOOX,3549,KILOGRAMO,6905.0,100906.0,47755.0,697870.0
2025810.0,PLANCHA DE ACERO LAMINADO,41212001,KILOGRAMO,2818646.0,14756915.0,3567526.0,17338994.0
2025810.0,ANILLO PORTA VALVULAS (BRIDAS),41293012,PIEZA,267837.0,1276940.0,255546.0,1218341.0
2025810.0,VALVULA PARA GARR. DE 10 KG.,42342999,PIEZA,253030.0,6604083.0,263482.0,6876880.0
2025810.0,VALVULA PARA GARR. DE 45 KG.,42342999,PIEZA,3103.0,147914.0,1764.0,72709.0
2025810.0,ELECTRODO 6013,42950001,PIEZA,10977.0,15309.0,21269.0,18820.0
2025810.0,SOLDADURA DE ALAMBRE,42950002,KILOGRAMO,45065.0,592922.0,46665.0,614016.0
2025810.0,ARO REFORZADO PARA CARRETILLA DE 185 KG.,42999,PIEZA,2750.0,68084.0,1434.0,33376.0
2025810.0,VALVULA PARA EXTINTORES,43240,PIEZA,9625.0,263826.0,10000.0,319577.0
2025810.0,"CABEZAL P/COMPRESOR, CON MOTOR ELECTRICO",43253,PIEZA,0.0,0.0,1.0,2089.0
2025810.0,ACCESORIOS PARA EXTINTORES,43943003,PIEZA,71919.0,438761.0,75800.0,456200.0
2025810.0,ACCESORIOS PARA CARRETILLAS,49930001,PIEZA,60134.0,264762.0,46127.0,126219.0
2025810.0,MATERIALES AUXILIARES,99999994,KILOGRAMO,33343.0,351547.0,33382.0,360551.0
2027122.0,DIESEL,33360000,LITRO,34274.0,127500.0,34274.0,127500.0
2027122.0,LLANTAS,36113004,UNIDAD,255.0,306000.0,255.0,306000.0
2027122.0,MANGUERA HIDRAULICA,36230001,UNIDAD,76.0,30112.0,76.0,30112.0
2027122.0,BATERIAS,46410006,UNIDAD,25.0,16399.0,25.0,16399.0
2027122.0,OTROS,99999994,UNIDAD,29989.0,29989.0,29989.0,29989.0
2027245.0,TRUCHA ENTERA,04211001,KILOGRAMO,4788.7,318305.0,4788.7,318305.0
2027245.0,SURUBI MEDALLON SIN PROCESAR,04211007,KILOGRAMO,883.35,43351.05,883.35,43351.05
2027245.0,SALMON PESCADO,04211170,KILOGRAMO,671.21,94052.4,671.21,94052.4
2027245.0,CAMARON,04351000,KILOGRAMO,93.85,12485.0,93.85,12485.0
2027245.0,LANGOSTINOS A GRANEL,04351000,KILOGRAMO,420.8,39565.0,420.8,39565.0
2027245.0,BRAZUELO,211,UNIDAD,1824.0,58464.0,1824.0,58464.0
2027245.0,CHURRASCO,21111002,KILOGRAMO,4463.56,245258.25,4463.56,242258.25
2027245.0,FLIETE DE RES,21111002,KILOGRAMO,10118.59,644629.54,10118.59,644629.54
2027245.0,COSTILLA DE CERDO,21113001,KILOGRAMO,1275.5,56476.9,1275.5,56476.9
2027245.0,PECHUGA DE POLLO,21121000,KILOGRAMO,5224.29,124399.42,5224.29,124399.42
2027245.0,POLLO DE COCINA,21121000,KILOGRAMO,3481.03,58167.67,3481.03,58167.67
2027245.0,JAMON,21181003,KILOGRAMO,840.8,50020.54,840.8,50020.54
2027245.0,TOCINO AHUMADO,21181004,KILOGRAMO,691.7,44975.5,691.7,44975.5
2027245.0,MORCILLA,21184005,KILOGRAMO,505.46,22194.78,505.46,22194.78
2027245.0,CHORIZO PARRILLERO,21184007,KILOGRAMO,1141.93,51357.02,1141.93,51357.02
2027245.0,LECHE PIL 946 ML,22110001,LITRO,8970.0,50698.03,8970.0,50698.03
2027245.0,QUESO PARMESANO NEGRO,22251018,KILOGRAMO,244.56,25357.07,244.56,25357.07
2027245.0,QUESO DAMBI,22251020,KILOGRAMO,1253.72,93704.37,1253.72,93704.37
2027245.0,QUESO HUANCAROMA,22251999,KILOGRAMO,1287.0,51496.0,1287.0,51496.0
2027245.0,QUESO ROQUEFORT,22251999,KILOGRAMO,103.3,9798.11,103.3,9798.11
2027245.0,CREMA SOPROLE,23992014,LITRO,3507.0,87819.0,3507.0,87819.0
2027245.0,OTROS,99999994,VALOR,0.0,4347889.6,0.0,3939594.5999999996
2028721.0,VARIOS,99999994,VALOR,0.0,3698913.308190999,0.0,3698913.308190999
2030033.0,REACTIVOS E INSUMOS PARA LABORATORIO,35440999,VALOR,0.0,1842665.0,0.0,2100309.0
2031632.0,PAPEL BON,32129001,PIEZA,1107086.0,500403.0,1212290.0,547955.0
2031632.0,CARTULINA TRIPLEX,32129021,PIEZA,91148.0,250201.0,99809.0,273978.0
2031632.0,CARTULINA DUPLEX,32129022,PIEZA,105126.0,250201.0,115116.0,273977.0
2031632.0,PAPEL COUCHE,32143003,PIEZA,500153.0,667204.0,547681.0,730607.0
2033846.0,AGREGADOS,153,VALOR,0.0,15571.0,0.0,15571.0
2033846.0,MADERA DE CONSTRUCCIÓN,31330,VALOR,0.0,84371.0,0.0,84371.0
2033846.0,EXPLOSIVOS,35450002,VALOR,0.0,596178.0,0.0,596178.0
2033846.0,ADITIVOS,35499026,VALOR,0.0,9595.0,0.0,9595.0
2033846.0,TUVERIA,36320001,VALOR,0.0,44850.0,0.0,44850.0
2033846.0,CEMENTO,37440001,KILOGRAMO,5450.0,297024.0,5450.0,297024.0
2033846.0,CEMENTO ASFALTICO,37440009,VALOR,0.0,189882.0,0.0,189882.0
2033846.0,CHAPAS METALICAS,41211001,METRO (LINEAL),316.0,309960.0,316.0,309960.0
2033846.0,FIERRO DE CONSTRUCCION,41261005,BARRA,4150.0,1182877.0,4150.0,1182877.0
2033846.0,GAVIONES,42943009,PIEZA,328.0,80005.0,328.0,80005.0
2033846.0,OTROS,99999994,VALOR,0.0,261200.0,0.0,261200.0
2034666.0,SEMILLAS DE ANIZ,01654001,KILOGRAMO,1656.0,43848.0,694.0,19164.0
2034666.0,CANELA PURA,01655000,KILOGRAMO,3358.0,105926.0,1028.0,35790.0
2034666.0,CLAVO DE OLOR PURO,01656000,KILOGRAMO,276.0,26100.0,645.0,60994.565217391304
2034666.0,FLOR & TALLO MANZANILLA,01699007,KILOGRAMO,1000.0,16576.0,3196.0,53390.0
2034666.0,SAL YODADA,16200005,KILOGRAMO,1400.0,1374.0,376.0,370.0
2034666.0,GLUCOSA,23210001,KILOGRAMO,36450.0,211932.0,25619.0,174849.0
2034666.0,MALTODEXTRINA,23210007,KILOGRAMO,0.0,0.0,2513.0,18520.0
2034666.0,EDULCORANTE SUPER SWEET,23210008,KILOGRAMO,45025.0,973235.0,56947.0,1583849.0
2034666.0,MALTOMIX NOVAVIT CHM,23210999,KILOGRAMO,0.0,0.0,28.0,5138.0
2034666.0,MAIZENA,23220002,KILOGRAMO,6139.0,31235.0,4598.0,22882.0
2034666.0,AZUCAR A GRANEL,23520001,KILOGRAMO,3961186.0,13441579.0,4145568.0,14067246.469080724
2034666.0,COCOA ALCALINO,23630001,KILOGRAMO,163500.0,2023608.0,105152.0,1301446.0453577982
2034666.0,TE A GRANEL,23913001,KILOGRAMO,245265.0,2176458.0,219423.0,1925251.0
2034666.0,ESENCIA GENERAL,23991002,KILOGRAMO,2276.0,287896.0,587.0,67942.0
2034666.0,COLOR GENERAL,23999007,KILOGRAMO,11049.0,557218.0,6444.0,295962.0
2034666.0,GELATINA NEUTRO,23999013,KILOGRAMO,345550.0,9829593.0,282577.0,9288464.0
2034666.0,ENTURBIANTE,23999023,KILOGRAMO,3600.0,139142.0,852.0,33404.0
2034666.0,EXTRACTO DE MALTA,24310007,KILOGRAMO,700.0,126972.0,530.0,96135.94285714286
2034666.0,HILO,26350000,KILOGRAMO,2916.0,97829.0,2982.0,99176.0
2034666.0,PAPEL FILTRO,32136004,KILOGRAMO,27696.0,825171.0,20701.0,795053.0
2034666.0,BOLSA TE 20,32152002,UNIDAD,123712.0,90071.0,85667.0,62331.0
2034666.0,BOLSITA TE 19X14,32152002,KILOGRAMO,1657.0,48089.0,1743.0,52061.0
2034666.0,BOLSA TE GOL 100,32152002,UNIDAD,7700.0,10247.0,11520.0,16803.0
2034666.0,SOBRE TE PARIS GOLD,32152002,KILOGRAMO,2000.0,65365.0,3164.0,105588.0
2034666.0,SOBRE MATE PARIS,32152002,KILOGRAMO,6112.0,207856.0,6422.0,229702.0
2034666.0,CAJA TE PARIS 20,32153004,UNIDAD,2961500.0,402261.0,4252000.0,623269.0
2034666.0,CAJA MATE 20,32153004,UNIDAD,103350.0,44511.0,94080.0,40498.0
2034666.0,CAJA MATE PARIS 100,32153004,UNIDAD,50750.0,61813.0,56600.0,68853.0
2034666.0,CAJA CHICLE BLOOP,32153004,UNIDAD,23379.0,116039.0,13921.0,64609.0
2034666.0,CAJA DE REFRESCOS RUBYS,32153004,UNIDAD,1654862.0,672087.0,1048072.0,438279.0
2034666.0,CAJA TE PARIS 100,32153004,UNIDAD,221750.0,245770.0,104800.0,111135.0
2034666.0,CAJA GELLY LIGHT,32153004,UNIDAD,4373.0,17261.0,6044.0,22566.0
2034666.0,CAJA CHOCOMILKO 200G,32153004,UNIDAD,2025.0,9523.0,3100.0,14057.0
2034666.0,CAJA CHOCOMILKO 1KG,32153004,UNIDAD,7013.0,37115.0,0.0,0.0
2034666.0,CAJA TE PARIS GOLD 20,32153004,UNIDAD,25650.0,11069.0,0.0,0.0
2034666.0,CAJA TE PARIS GOLD 100,32153004,UNIDAD,0.0,0.0,14120.0,21886.0
2034666.0,ENVASE CHICLE BLOOPS,32153004,KILOGRAMO,10778.0,337801.0,4788.0,151996.0
2034666.0,ETIQUETAS TE PARIS GOLD,32197002,KILOGRAMO,2075.0,76415.0,1721.0,60942.0
2034666.0,ACIDO FUMARICO CWS,34140021,KILOGRAMO,70152.0,648486.0,51479.0,475872.54524461174
2034666.0,ACIDO FUMARICO HWS,34140021,KILOGRAMO,37198.0,264891.0,37675.0,268287.76883165765
2034666.0,ACIDO FUMARICO,34140021,KILOGRAMO,20300.0,190502.0,9193.0,83366.0
2034666.0,CITRATO DE SODIO,34140999,KILOGRAMO,25950.0,197970.0,39057.0,256606.0
2034666.0,FOSFATO TRICALCICO,34240996,KILOGRAMO,0.0,0.0,3492.0,23256.0
2034666.0,GOMA BASE,34400003,KILOGRAMO,25000.0,386974.0,24360.0,407646.0
2034666.0,GLICERINA,34570001,KILOGRAMO,1000.0,9135.0,92.0,942.0
2034666.0,DIMODAN H0-1,34570999,KILOGRAMO,100.0,4785.0,82.0,4052.0
2034666.0,CARBOXIMETIL CELULOSA CMC,34790003,KILOGRAMO,1300.0,39585.0,0.0,0.0
2034666.0,POLIPROPILENO,34790011,KILOGRAMO,8671.0,191315.0,5767.0,128106.0
2034666.0,COLA VINILICA,35420999,KILOGRAMO,500.0,32691.0,296.0,17313.0
2034666.0,BOLSA REFRESCO C IMPRESIÓN,36410003,UNIDAD,619965.0,345519.0,554847.0,315655.0
2034666.0,BOLSA REFRESCO C PLIEGUE,36410003,UNIDAD,727985.0,102978.0,564654.0,83575.0
2034666.0,BOLSA GELATINA C IMPRESION,36410003,UNIDAD,326621.0,230052.0,276722.0,148448.0
2034666.0,BOLSA COCOA MILKO 180G,36410003,UNIDAD,22700.0,19419.0,4947.0,4494.0
2034666.0,BOLSA COCOA MILKO 50G,36410003,UNIDAD,11600.0,12461.0,5929.0,5118.0
2034666.0,BOLSA COCOA C PLIEGUE,36410003,UNIDAD,841900.0,110251.0,732650.0,123804.0
2034666.0,BOLSA CHOCOMILKO,36410003,UNIDAD,0.0,0.0,2340.0,375.0
2034666.0,ENVASE COCOA MILKO 50G,36410003,KILOGRAMO,2332.0,75600.0,794.0,26691.0
2034666.0,ENVASE COCOA MILKO 180G,36410003,KILOGRAMO,526.0,17126.0,622.0,21506.0
2034666.0,BOLSA REF TERMOCONTRAIBLE,36410007,UNIDAD,227147.0,116942.0,131009.0,68388.0
2034666.0,ENVASE REFRESCO RUBYS,36490001,KILOGRAMO,66456.0,2368795.0,66003.0,2329375.0
2034666.0,ENVASE CHOCOMILKO 1KG,36490001,KILOGRAMO,2046.0,72971.0,0.0,0.0
2034666.0,ENVASE GELATINA GELLY LIGHT,36490001,KILOGRAMO,0.0,0.0,0.0,0.0
2034666.0,ENVASE GELATINA RUYGEL,36490001,KILOGRAMO,2041.0,62684.0,2074.0,60316.0
2034666.0,ENVASE GELATINA RUBYS,36490001,KILOGRAMO,37579.0,1075342.0,26061.0,752983.0
2034666.0,ENVASE CHOCOMILKO 50G,36490001,KILOGRAMO,2361.0,84195.0,864.0,31872.0
2034666.0,ENVASE CHOCOMILKO 180G,36490001,KILOGRAMO,1929.0,68805.0,868.0,32460.0
2034666.0,FRASCOS CHOCOMILKO 400G,36490016,UNIDAD,8000.0,9952.0,0.0,0.0
2034912.0,VARIOS,99999994,VALOR,0.0,1571195.822773932,0.0,1571195.822773932
2035240.0,COMPRA DE MATERIALES EN GENERAL,99999994,VALOR,0.0,1265580.0,0.0,1283477.0
2035773.0,TRIGO,01112001,KILOGRAMO,3408815.0,6875581.0,3839980.0,7745241.0
2035773.0,ADITIVOS,35250005,KILOGRAMO,8062.0,2297670.0,9587.0,2732500.0
2035773.0,ENVASES,36410003,KILOGRAMO,6609.0,1850620.0,9715.0,2720280.0
2035773.0,OTROS MATERIALES,99999994,VALOR,0.0,5940224.1653773,0.0,5940223.1653773
2036019.0,ALMENDRA CON CASCARA,01371000,TONELADA MÉTRICA,14915.0,300654601.0,14821.0,294452739.0
2036019.0,CARTON CORRUGADOS,32151002,PIEZA,225824.0,1408432.0,187790.0,1171585.0
2036019.0,BOLSAS ALUMINIZADAS,36410,PIEZA,163400.0,1143800.0,187790.0,1314530.0
2036962.0,COSTOS DE EXPLOTACIÓN DE PELÍCULAS,99999994,VALOR,0.0,14576696.0,0.0,14576696.0
2037208.0,ARIDOS,153,METRO CÚBICO,2740.0,381050.0,2740.0,381050.0
2037208.0,ASFALTO,15330000,TONELADA MÉTRICA,160.0,6020.0,160.0,6020.0
2037208.0,CEMENTO,37440001,UNIDAD,28414.0,1285438.0,28414.0,1285438.0
2037208.0,CAPA BASE,37550999,METRO CÚBICO,14278.0,993733.0,14278.0,993733.0
2037208.0,SUB BASE,37550999,METRO CÚBICO,8563.0,483342.0,8563.0,483342.0
2037208.0,ACERO DE CONSTRUCCION,41261005,BARRA,15900.0,759822.0,15900.0,759822.0
2037208.0,OTROS MATERIALES,99999994,VALOR,0.0,2871059.0,0.0,2871059.0
2044137.0,MATERIAL DRAGADO ANGOSTURA C,153,KILOGRAMO,6340360.0,191623.0,8841074.0,285457.0
2044137.0,MATERIAL DRAGADO ANGOSTURA B,153,KILOGRAMO,4770350.0,138313.0,6289413.0,189571.0
2044137.0,MATERIAL DRAGADO ANGOSTURA A,153,KILOGRAMO,3724500.0,130433.0,4268536.0,143155.0
2044137.0,ARCILLA MAGRA MEJORADA,15400999,VALOR,0.0,5612.0,0.0,80543.0
2044137.0,ARCILLA MAGRA,15400999,KILOGRAMO,0.0,0.0,1616285.0,37260.0
2044137.0,ALAMBRE AWG14,42946003,KILOGRAMO,7542.0,90655.0,6566.0,71162.0
2045777.0,ENVASES,27150001,QUINTAL,450200.0,1144620.0,523211.0,1310957.0
2045777.0,MATERIAS PRIMAS VARIAS,99999994,VALOR,0.0,10157653.822800249,0.0,9844637.822800249
4103567.0,INSUMOS VARIOS PARA LA CONSTRUCCIÓN,99999994,VALOR,0.0,4976885.0,0.0,4976885.0
4103854.0,VARIOS,99999994,VALOR,0.0,570370.0,0.0,570370.0
4109020.0,LADRILLO,37350002,UNIDAD,94829.0,46466.03,94829.0,46466.03
4109020.0,CEMENTO,37440001,OTROS,9097.0,427365.0,9097.0,427365.0
4109020.0,HORMIGON,37510002,METRO CÚBICO,425.31,255310.98,425.31,255310.98
4109020.0,FIERRO,41261005,BARRA,1236.0,742199.0,1236.0,742199.0
4109020.0,TUBOS,41283002,PIEZA,9651.0,514699.0,9651.0,514699.0
4112423.0,EMPAQUETADURAS,32153010,UNIDAD,9082.0,53691.0,5480.0,30508.0
4112423.0,COLORANTE LIQUIDO,34340007,KILOGRAMO,1004.0,41501.0,1004.0,41501.0
4112423.0,POLIETILENO,34710001,KILOGRAMO,20.0,283980.0,25.0,357698.0
4112423.0,RESINA PVC-BOLSAS,34730006,KILOGRAMO,26127.0,3062691.0,20670.0,2423003.9028591113
4112423.0,RESINA ALCIDICAS-PLASTICA GELOY,34740004,KILOGRAMO,724.0,812484.0,359.0,402875.0
4112423.0,BAROPAN,99999994,KILOGRAMO,51308.0,1151079.0,35059.0,786538.0
4112423.0,PIEZAS PREFORMADAS,99999994,KILOGRAMO,17512.0,213075.0,11900.0,144792.0
4112423.0,OTROS MATERIALES,99999994,VALOR,0.0,26507.0,0.0,9992.936714614805
4112710.0,HUEVO,02311000,PIEZA,1500000.0,975000.0,1431000.0,930150.0
4112710.0,LECHE,22110001,LITRO,18000.0,79380.0,17836.0,78657.0
4112710.0,CREMA DE LECHE,22120001,LITRO,90000.0,1636200.0,88120.0,1602022.0
4112710.0,HARINA,23110001,KILOGRAMO,140000.0,476640.0,140123.0,463807.0
4112710.0,OTROS,99999994,VALOR,0.0,4947214.0,0.0,4125941.0
4113735.0,MADERA,31330,PIE CUADRADO,9800.0,49800.0,8000.0,40000.0
4113735.0,LADRILLO,37350002,PIEZA,31280.0,78200.0,30025.0,75062.0
4113735.0,CEMENTO,37440001,KILOGRAMO,2090000.0,2131800.0,2007800.0,2047956.0
4113735.0,FIERRO,41261005,KILOGRAMO,280000.0,3318000.0,200000.0,2370000.0
4113735.0,CLAVOS,42944001,KILOGRAMO,600.0,8400.0,350.0,4900.0
4113735.0,ALAMBRE,42946002,KILOGRAMO,2500.0,32000.0,1250.0,16000.0
4116195.0,VERDURAS,012,OTROS,1500.0,11250.0,4426.829268292683,33201.21951219512
4116195.0,FRUTAS,013,OTROS,3500.0,105000.0,10329.268292682926,309878.0487804878
4116195.0,CARNE,211,KILOGRAMO,4224.598930481284,158000.0,12467.718794835007,466292.68292682926
4116195.0,"LACTEOS (LECHE, YOGURT)",22,LITRO,75.0,450.0,221.34146341463415,1328.0487804878048
4116564.0,ALMIDON,23220,KILOGRAMO,15800.0,69858.0,23257.0,72152.0
4116564.0,PERCLOROETILENO,34110023,KILOGRAMO,0.0,0.0,111.0,2768.0
4116564.0,SODA CAUSTICA,34231022,KILOGRAMO,900.0,7175.0,664.0,5182.0
4116564.0,BORAX,34270006,KILOGRAMO,250.0,4785.0,403.0,4952.0
4116564.0,BIOCIDA,34669000,KILOGRAMO,50.0,1131.0,6.0,1101.0
4116564.0,TINTAS,35130,KILOGRAMO,333.0,13099.0,373.0,14263.0
4116564.0,ENCOLANTE,35420,KILOGRAMO,3000.0,38889.0,5450.0,41051.0
4116564.0,ADHESIVO BASE PVMA,35420009,KILOGRAMO,1800.0,24273.0,1862.0,25112.0
4116564.0,NILOFLEX,35499036,OTROS,81305.0,15743.0,58768.0,11709.0
4116564.0,WET BOIL,35499999,KILOGRAMO,420.0,17278.0,731.0,17734.0
4116564.0,CARTON EN DESUSO,39240002,KILOGRAMO,974368.0,1336145.0,900312.0,1335235.0
4116564.0,OTROS MATERIALES,99999994,VALOR,0.0,14717.0,0.0,14225.760911582
4118327.0,ENVASES,36410003,UNIDAD,870000.0,45200.0,870000.0,45200.0
4118737.0,GRAVA,15320004,METRO CÚBICO,51840.0,1814400.0,51840.0,1814400.0
4118737.0,MADERA,31330,PIEZA,2400.0,38400.0,2400.0,38400.0
4118737.0,DINAMITA,35450003,OTROS,12.0,12600.0,12.0,12600.0
4118737.0,ANFO,35450010,UNIDAD,7.0,30240.0,7.0,30240.0
4118737.0,GUIA,35450011,ROLLO,60.0,15600.0,60.0,15600.0
4118737.0,CEMENTO,37440001,UNIDAD,4800.0,264000.0,4800.0,264000.0
4118737.0,FIERRO CORRUGADO,41261005,TONELADA MÉTRICA,24.0,134400.0,24.0,134400.0
4118737.0,TUBOS,41283002,BARRA,2500.0,4000000.0,2500.0,4000000.0
4118737.0,GAVIONES,42943009,PIEZA,160.0,40000.0,160.0,40000.0
4118737.0,OTROS,99999994,VALOR,0.0,2812498.0,0.0,2812498.0
4121156.0,VARIOS,99999994,VALOR,0.0,0.0,0.0,1554.0
4123575.0,VARIOS,99999994,VALOR,0.0,1169902.5606252854,0.0,1169902.5606252854
4124354.0,VARIOS,99999994,VALOR,0.0,491967.24408772134,0.0,491967.24408772134
4126199.0,ACCESORIOS HDPE,36320,PIEZA,446.0,43116.0,446.0,43116.0
4126199.0,TUBOS PVC,36320001,BARRA,2935.0,549756.0,2935.0,549756.0
4126199.0,CEMENTO,37440001,KILOGRAMO,108400.0,87140.0,108400.0,87140.0
4126199.0,FIERROS,41261005,BARRA,30000.0,2135980.0,30000.0,2135980.0
4127101.0,CABLES,46340001,KILOGRAMO,200000.0,4717025.0,183110.0,4211530.0
4131693.0,GASOLINA,33311000,LITRO,12885.0,48191.0,12885.0,48191.0
4131693.0,DIESEL,33360000,LITRO,97018.0,360908.0,97018.0,360908.0
4131693.0,MATERIALES E INSUMOS,99999994,VALOR,0.0,713519.18,0.0,246244.18
4135793.0,GRANO DE FREJOL,01701,TONELADA MÉTRICA,2430.0,62294.0,1900.0,57000.0
4135793.0,HILO PARA MAQUINA COSTURADORA,26350000,UNIDAD,16.0,1600.0,15.0,1500.0
4135793.0,BOLSA DE POLIPROPILENO,36410,UNIDAD,36799.0,73598.0,36000.0,72000.0
4135793.0,MATERIALES VARIOS,99999994,VALOR,0.0,69554.0,0.0,76546.0
4139401.0,CODOS,36320008,UNIDAD,25000.0,137500.0,41857.93602395284,230218.64813174063
4139401.0,CAÑERIAS CODOS CUPLAS NIPLES Y OTROS,41283005,BARRA,13000.0,522845.0,22202.75784214491,892969.3018443272
4139401.0,NIPLES,41293002,UNIDAD,10000.0,45000.0,20928.96801197642,94180.35605389389
4139401.0,CUPLAS,41293010,UNIDAD,25000.0,112500.0,61391.6395017975,276262.37775808875
4139401.0,OTROS,99999994,UNIDAD,7633.0,19083.0,12836.097382363248,32091.08428503051
4142025.0,MATERIAL INFORME,32700999,UNIDAD,12400.0,26067.0,8120.0,16968.0
4142025.0,TONER,35130006,UNIDAD,42.0,37191.0,26.0,22087.0
4142025.0,GEL,35260009,UNIDAD,10.0,2888.0,7.0,1121.0
4142025.0,CONTRASTES,35440999,UNIDAD,850.0,211236.0,831.0,209456.0
4142025.0,EQUIPO INYECTABLES,48150,UNIDAD,4417.0,14796.0,3486.0,11675.0
4142025.0,PELICULAS RADIOGRAFICAS,48341999,UNIDAD,33900.0,514754.0,31512.0,489697.0
4142886.0,MAIZ Y OTROS DERIVADOS,01122001,VALOR,0.0,18819461.0,0.0,21454152.0
4148421.0,DEXAMETAZONA 1GR,35250002,OTROS,7432.0,162686.0,6104.0,133616.0
4148421.0,AMOXICILINA 1 GR,35250005,GRAMO,270520.0,441560.0,189530.0,308934.0
4148421.0,AMPICILINA 1 GR,35250005,GRAMO,8980.0,15625.0,7149.0,12439.0
4148421.0,CEFAZOLINA 1GR,35250005,GRAMO,10410.0,54965.0,9904.0,52293.0
4148421.0,CEFOTAXINA 1GR.,35260003,OTROS,8595.0,221321.0,7342.0,189056.0
4148421.0,ALPRAZOLAN 0.5 MG,35260013,OTROS,4634.0,50550.0,2188.0,23281.0
4148421.0,RINGER LACTATO 100 ML,35270001,OTROS,540.0,162686.0,443.5085993877777,133616.0
4148421.0,RINGER NORMAL 1000 ML,35270001,OTROS,10010.0,86982.0,9840.0,85509.0
4148421.0,FLUIDIMED 300 MG  AMPOLLA,35270999,OTROS,2345.0,46103.0,1289.0,25342.0
4149077.0,"ENVASES, EMBALAJES y OTROS INSUMOS",99999994,VALOR,0.0,28206.0,0.0,28206.0
4151824.0,"GRAVA 3/4""",15320004,METRO CÚBICO,36694.0,6102624.0,95461.0,15551940.0
4151824.0,"GRAVA 1 1/2""",15320004,METRO CÚBICO,106713.0,14103834.0,170168.0,23756766.0
4151824.0,"GRAVA 1""",15320004,METRO CÚBICO,34523.0,5224062.0,173.0,23453.0
4151824.0,"GRAVA 2""",15320004,METRO CÚBICO,7450.0,779648.0,7312.0,764901.0
4151824.0,"GRAVA 3/8""",15320004,METRO CÚBICO,588.0,79542.0,606.0,82085.0
4151824.0,STYROPOR,34720003,KILOGRAMO,1790250.0,26574056.0,1538037.0,22884463.0
4151824.0,CEMENTO IP-30,37440001,OTROS,235871.0,4431281.0,283563.0,5327265.048280628
4151824.0,CEMENTO IP-40,37440001,UNIDAD,105003.0,5547810.0,103889.0,5623005.0
4151824.0,FIERRO,4126,KILOGRAMO,1406965.0,6963904.0,271411.0,1446336.0
4151824.0,ALAMBRE,42946003,KILOGRAMO,1307083.0,8508044.0,2286200.0,14107695.0
4151824.0,OTRAS MATERIAS PRIMAS,99999994,VALOR,0.0,6198890.0,0.0,1037453.95171937
4155022.0,VARIOS,99999994,VALOR,0.0,0.0,0.0,291257.0
4157400.0,AGREGADOS,153,METRO CÚBICO,236.0,14130.0,236.0,14130.0
4157400.0,CEMENTO,37440001,UNIDAD,55957.0,3077494.0,55957.0,3077494.0
4162238.0,MADERA,31330,METRO CUADRADO,9000.0,450000.0,9000.0,450000.0
4162238.0,CEMENTO,37440001,UNIDAD,110000.0,550000.0,110000.0,550000.0
4162238.0,HORMIGON,37510002,OTROS,11500.0,345000.0,11500.0,345000.0
4162238.0,FIERRO,41261005,BARRA,2250.0,450000.0,2250.0,450000.0
4162238.0,OTROS MATERIALES,99999994,VALOR,0.0,705000.0,0.0,705000.0
4166461.0,LADRILLO,37350002,PIEZA,824000.0,824962.0,824000.0,824962.0
4166461.0,CEMENTO,37440001,OTROS,21000.0,1072680.0,21000.0,1072680.0
4166461.0,FIERRO,41261005,BARRA,36657.0,1099739.0,36657.0,1099739.0
4166461.0,OTROS MATERIALES,99999994,VALOR,0.0,1220035.0,0.0,1220035.0
4170028.0,INSUMOS VARIOS,99999994,VALOR,0.0,8536672.0,0.0,8536672.0
4174128.0,INSUMOS VARIOS PARA LA CONSTRUCCIÓN,99999994,VALOR,0.0,21861156.0,0.0,22088479.0
4175891.0,VARIOS,99999994,VALOR,0.0,0.0,0.0,3611.0
4182123.0,MATERIALES VARIOS,99999994,VALOR,0.0,507821.0,0.0,515187.0
4182533.0,OIL MIX,21691,KILOGRAMO,22340.0,608675.0,25844.0,704238.0
4182533.0,GRASA VEGETAL,21700002,KILOGRAMO,694100.0,11161128.0,615403.0,9895682.0
4182533.0,MIX CREAM,2211,KILOGRAMO,19820.0,1608195.0,22607.0,1834299.0
4182533.0,GLUCOSA,23210001,KILOGRAMO,233541.0,1422265.0,240000.0,1461600.0
4182533.0,AZUCAR,23520001,KILOGRAMO,215252.0,929889.0,198554.0,857753.0
4182533.0,GELMIX,23999999,KILOGRAMO,23580.0,971024.0,20775.0,855944.0
4182533.0,SORBITOL,34139009,KILOGRAMO,55449.0,339347.0,61760.0,377975.0
4182533.0,SSL ESTARDAR,99999994,KILOGRAMO,21000.0,504210.0,21560.0,517653.0
4182533.0,VARIOS,99999994,KILOGRAMO,43391.0,1619326.0,61290.0,1866005.0
4182533.0,VARIOS MATERIALES,99999994,VALOR,0.0,1822800.0,0.0,1954257.0
4189790.0,VARIOS,99999994,VALOR,0.0,3064571.6302929646,0.0,3064571.6302929646
4190241.0,PAPEL BOND DE 56 GRAMOS,32129001,KILOGRAMO,13250.0,124053.0,5791.0,54218.0
4190241.0,PAPEL BOND DE 70 GRAMOS,32129001,KILOGRAMO,8560.0,80143.0,3270.0,30615.0
4190241.0,PEBD CONV - POLIETILENO DE BAJA DENSIDAD  CONVENCIONAL,34710001,KILOGRAMO,250000.0,3330350.0,81000.0,1079033.0
4190241.0,PEBD TERMO - POLIETILENO DE BAJA DENSIDAD TERMOCONTRAIBLE,34710001,KILOGRAMO,60000.0,799284.0,11138.0,148374.0
4190241.0,PEBD LINEAL - POLIETILENO DE BAJA DENSIDAD LINEAL,34710001,KILOGRAMO,32510.0,423238.0,15110.0,196713.0
4190241.0,PEAD -  POLIETILENO DE ALTA DENSIDAD,34710001,KILOGRAMO,135210.0,1801186.0,60160.0,801415.0
4190241.0,PVC PARA TERMOFORMADO,34730005,KILOGRAMO,12500.0,356250.0,4102.0,116907.0
4190241.0,BARNIZ FLECOGRAFICO,35110002,KILOGRAMO,562.0,28510.26,526.0,26683.98
4191881.0,PRODUCTOS DESODORIZANTES PARA BAÑOS PORTÁTILES,35331,LITRO,416.0,42000.0,416.0,42000.0
4191881.0,TRATAMIENTO DE AGUAS RESIDUALES,99999994,METRO CÚBICO,10049.0,17485.0,10049.0,17485.0
4191881.0,OTROS MATERIALES DE LIMPIEZA,99999994,VALOR,0.0,105052.0,0.0,105052.0
4192045.0,AGREGADOS,153,METRO CÚBICO,3200.0,544000.0,3200.0,544000.0
4192045.0,MADERA,31330,TABLONES,1530.0,175950.0,1530.0,175950.0
4192045.0,CEMENTO,37440001,PIEZA,15000.0,832500.0,15000.0,832500.0
4192045.0,FIERRO,41261005,TONELADA MÉTRICA,2300.0,575000.0,2300.0,575000.0
4192045.0,OTROS,99999994,UNIDAD,2917.0,350000.0,2917.0,350000.0
4195653.0,"PRODUCTOS CÁRNICOS,CONDIMENTOS Y TRIPAS SINTÉTICAS",99999993,KILOGRAMO,364262.0,5477198.0,363221.0,5479990.0
4198523.0,PAPEL,32121000,UNIDAD,22500.0,788935.0,22000.0,771403.0
4198523.0,PAPEL CEBOLLA,32137007,CENTIMETRO CÚBICO,7000.0,5900.0,6980.0,5883.0
4198523.0,PLACAS,32800002,UNIDAD,172.0,180011.0,170.0,177918.0
4198523.0,TINNER,33390001,LITRO,144.0,1473.0,140.0,1432.0
4198523.0,ALCOHOL ISOPROPILICO,34139003,LITRO,300.0,7200.0,280.0,2720.0
4198523.0,TINTAS,35130,KILOGRAMO,2000.0,54642.0,2000.0,54642.0
4198523.0,CORRECTOR,35499,UNIDAD,8.0,549.0,8.0,549.0
4198523.0,FUNDA SINTETICA,36990015,LITRO,31.0,6248.0,31.0,6248.0
4198523.0,PELICULA,48341,METRO (LINEAL),48.0,46546.0,48.0,46546.0
4198523.0,REVELADOR,48342999,LITRO,670.0,20400.0,635.0,19334.0
4199835.0,VARIOS,99999994,VALOR,0.0,10780495.378958456,0.0,10780495.378958456
4206272.0,"ENVASES, EMBALAJES y OTROS INSUMOS",99999994,VALOR,0.0,9496.0,0.0,9496.0
4211192.0,COMPRA DE PRODUCTOS,99999994,VALOR,0.0,3880463.0,0.0,3998564.0
4211438.0,CLAVOR DE OLOR,01656000,KILOGRAMO,44436.0,443686.0,32594.756016677813,325453.16675703734
4211438.0,LECHE EN POLVO,22211001,KILOGRAMO,44350.0,1774730.0,31827.462634671952,1273622.384704202
4211438.0,ARROZ,23161002,KILOGRAMO,319410.0,1774730.0,235998.5927238685,1311273.2302208168
4211438.0,MAICENA,23220002,KILOGRAMO,319410.0,887365.0,236566.06393659874,657213.1283463258
4211438.0,AZUCAR,23520001,KILOGRAMO,593010.0,2662095.0,437677.28725604183,1964787.3020992442
4211438.0,COCOA,23630001,KILOGRAMO,38025.0,887365.0,27075.370890190374,631840.5388553262
4211438.0,ACIDO CITRICO,34140023,MILILITRO,1739.0,443682.0,1726.0,326703.2490170471
4215743.0,VARIOS,99999994,VALOR,0.0,190976.0,0.0,184381.0
4216112.0,OTROS MATERIALES,99999994,VALOR,0.0,5994417.0,0.0,6013931.0
4218531.0,VERDURAS,012,UNIDAD,5349.0,112427.0,5349.0,112427.0
4218531.0,PAPAS,01510001,KILOGRAMO,40933.0,312360.0,40933.0,312360.0
4218531.0,CARNE,211,KILOGRAMO,1209.0,60390.0,1209.0,60390.0
4218531.0,POLLO,21121000,UNIDAD,10000.0,130000.0,10000.0,130000.0
4218531.0,SODAS,24490001,UNIDAD,6052.0,217794.0,6052.0,217794.0
4218531.0,OTROS MATERIALES,99999994,VALOR,0.0,6889347.0,0.0,6932649.0
4220827.0,CARTULINA TRIPLEX  DE 300 GR,32129021,UNIDAD,1044400.0,2793522.0,939642.0,2513320.0
4220827.0,VITAMINA B12 CRISTALIZADA,35250001,GRAMO,4945.0,95054.0,3745.0,71987.0
4220827.0,AMOXICILINA TRIH COMPACTA,35250005,KILOGRAMO,4657.0,171488.0,3215.0,118376.0
4220827.0,CLOXACILINA SODICA ESTERIL,35250999,KILOGRAMO,130.0,65259.0,127.0,63753.0
4220827.0,AMIODARONA,35250999,KILOGRAMO,100.0,67492.0,89.0,60067.0
4220827.0,ENAPRIL MALEATO,35260002,KILOGRAMO,212.0,123483.0,182.0,106008.0
4220827.0,LEVODOPA,35260999,KILOGRAMO,201.0,97648.0,178.0,86474.0
4220827.0,DEXTROMETHORFANO BROMHIDR,35270007,KILOGRAMO,124.0,109732.0,85.0,75219.0
4220827.0,CAPSULAS  VERDE / AMARILLO  #  0,38999011,UNIDAD,178.0,93073.0,161.0,84184.0
4220827.0,SPRAY COATING VERDE,99999994,KILOGRAMO,223.0,90100.0,211.0,85251.0
4220827.0,OTROS,99999994,VALOR,0.0,33686675.0,0.0,36374205.0
4223615.0,ACEITE VEGETAL Y MANTECA VEGETAL (CAJAS),21,OTROS,14105.0,1280075.0,18313.0,1282313.0
4223615.0,HARINA,23110001,QUINTAL,29800.0,3574580.0,28242.0,3022380.0
4223615.0,AZUCAR,23520001,QUINTAL,5521.0,941992.0,6753.0,935792.0
4223615.0,AROMAS VEGETALES Y ESENCIAS VEGETALES,23991002,KILOGRAMO,2477.0,64129.0,1999.0,56883.0
4223615.0,MEJORADOR Y POLVO DE HORNEAR,23996001,KILOGRAMO,8106.0,154886.0,7689.0,146919.0
4223615.0,LEVADURA,23996002,KILOGRAMO,8647.0,141788.0,5545.0,90195.0
4223615.0,CAJAS,32153004,UNIDAD,237000.0,1659000.0,198600.0,1390200.0
4223615.0,CARTON DE EMBALAJE,32153004,UNIDAD,16000.0,1120000.0,106000.0,742000.0
4223615.0,PIROTINES,32153007,KILOGRAMO,150175.0,669524.0,145930.0,969524.0
4223615.0,BOLSAS,36410001,UNIDAD,336000.0,549990.0,307320.0,503044.0
4223615.0,BOBINAS,41211002,KILOGRAMO,22268.0,1615647.0,20622.0,1585926.0
4229150.0,CEMENTO,37440001,VALOR,0.0,1200000.0,0.0,1200000.0
4229150.0,OTROS MATERIALES,99999994,VALOR,0.0,3798583.0,0.0,5277388.0
4230052.0,ARENA,15310,VALOR,0.0,474801.0,0.0,379841.0
4230052.0,TUBERIA,36320001,VALOR,0.0,1899205.0,0.0,1519364.0
4230052.0,LADRILLO,37350002,VALOR,0.0,943603.0,0.0,759682.0
4230052.0,CEMENTO,37440001,VALOR,0.0,4273211.0,0.0,3418569.0
4230052.0,FIERRO,41261005,VALOR,0.0,1899205.0,0.0,1519364.0
4230421.0,FIBRA,2621,KILOGRAMO,966.0,22218.0,578.0,13294.0
4230421.0,HILOS,26410002,PIEZA,2285.0,31990.0,449.0,6286.0
4230421.0,TELA JEAN,26690001,METRO (LINEAL),5249.0,118036.0,2920.0,66246.0
4230421.0,TELA PIQUE,26690007,METRO (LINEAL),1655.0,41375.0,395.0,9875.0
4230421.0,UNIPACIFIC,26690999,METRO (LINEAL),3855.0,123360.0,2516.0,80512.0
4230421.0,POLAR,26710004,METRO (LINEAL),1960.0,19600.0,1923.0,19230.0
4230421.0,GABARDINA,2823,METRO (LINEAL),9762.0,201738.0,4325.0,82423.0
4230421.0,IMPERMEABLE,28250001,METRO (LINEAL),24172.0,568696.0,19806.0,483954.0
4230421.0,CINTA REFLECTIVA,36920004,METRO (LINEAL),10239.0,182797.0,5854.0,121046.0
4230421.0,CIERRES,38923004,PIEZA,17304.0,34608.0,16834.0,33668.0
4230421.0,CARRITOS,49930999,PIEZA,73965.0,147930.0,73077.0,146154.0
4230421.0,REGULADORES,99999994,PIEZA,19251.0,57753.0,17636.0,52908.0
4230421.0,TALLAS,99999994,PIEZA,146235.0,146235.0,143326.0,143326.0
4230421.0,OTRAS MATERIAS PRIMAS,99999994,VALOR,0.0,11955.0,0.0,5330.306258901541
4232389.0,INSUMOS VARIOS,99999994,VALOR,0.0,9779513.0,0.0,9762823.0
4233824.0,ASFALTO,15330000,TONELADA MÉTRICA,109.0,596786.0,109.0,596786.0
4233824.0,CEMENTO,37440001,PIEZA,30651.0,1685796.0,30651.0,1685796.0
4233824.0,OTROS MATERIALES,99999994,VALOR,0.0,978435.0,0.0,1006136.0
4234603.0,AZUCAR,23520001,KILOGRAMO,199249.81,803009.99,213864.41,797954.97
4234603.0,CAFE GUINDA,2391,QUINTAL,11196.96,6419196.24,11369.97,6487363.62
4234603.0,INST. A GRANEL EN CAJA.,23912001,KILOGRAMO,0.0,0.0,8716.37,580670.41
4234603.0,BOBINA CAFE TRADICIONAL DE 50 GR METALIZADO,36410003,KILOGRAMO,15988.8,776192.29,12088.6,586664.69
4234603.0,BOBINA CAFE TRADICIONAL DE 250 GR METALIZADO,36410003,KILOGRAMO,2930.1,147725.39,2419.9,121422.51
4234603.0,BOBINA CAFE TRADICIONAL DE 500 G,36410003,KILOGRAMO,1879.1,102339.54,1261.8,68705.17
4234603.0,BOBINA CAFE TRADICIONAL DE 1000 G,36410003,KILOGRAMO,1050.8,58417.13,790.5,44205.0
4234603.0,SOBRE BOLSAS DE 85*53 CM,36410003,PIEZA,17000.0,25012.84,20583.0,30385.82
4234603.0,BOLSAS DE 35*22 CM PARA 50G,36410003,PIEZA,192600.0,24241.85,203988.0,25842.52
4234603.0,DOYPACK METALIZADO CON ZIPPER  PARA CAFE PREMIUM MOLIDO 250 GR,36410003,PIEZA,17500.0,23598.75,17998.0,23115.19
4234603.0,OTROS,99999994,VALOR,0.0,163925.86,0.0,157497.15
4238539.0,ACEITES (SERVICIOS),33380000,VALOR,0.0,186148.0,0.0,181562.41725659205
4238539.0,REPUESTOS (SERVICIOS),4912,VALOR,0.0,2678056.0,0.0,2612084.5827434077
4244730.0,INSUMOS VARIOS,99999994,VALOR,0.0,8438025.0,0.0,8438025.0
4254365.0,FLANCOS CRUDOS,02959004,UNIDAD,28808.0,6051892.27,28808.0,6051892.27
4254939.0,CACAO,01640000,VALOR,0.0,1884420.0,0.0,1714822.0
4254939.0,SEMOLA DE MAIZ,23130004,VALOR,0.0,282570.0,0.0,226036.0
4254939.0,AZUCAR,23520001,VALOR,0.0,603200.0,0.0,553000.0
4254939.0,OTROS,99999994,VALOR,0.0,370510.0,0.0,205955.0
4256374.0,POLIPROPILENO,34790011,KILOGRAMO,1679663.0,17535683.0,1692875.0,17673613.0
4256374.0,MASTERBATCH,35110023,KILOGRAMO,39953.0,499415.0,39953.0,499415.0
4258424.0,CAJAS DE CARTON,32153004,UNIDAD,20000.0,240000.0,20000.0,240000.0
4258424.0,OTROS MATERIALES,99999994,VALOR,0.0,304768.0,0.0,459912.0
4260228.0,MARMOLINA FINA,15120,UNIDAD,1.0,1977.0,1.0,1977.0
4260228.0,MARMOLINA GRANULADA,15120,UNIDAD,1.0,1935.0,1.0,1935.0
4260228.0,ARENA LAVADA,15310,VALOR,0.0,17891.0,0.0,17891.0
4260228.0,CASCAJO,15320,VALOR,0.0,3821.0,0.0,3821.0
4260228.0,CASCAJILLO,15320,VALOR,0.0,4147.0,0.0,4147.0
4260228.0,CAFE,2391,VALOR,0.0,1282.0,0.0,1282.0
4260228.0,SABANAS,27120001,VALOR,0.0,2891.0,0.0,2891.0
4260228.0,COFRES,31913004,VALOR,0.0,169516.0,0.0,169516.0
4260228.0,PAÑIELOS DESECHABLES KLENNEX,32193003,VALOR,0.0,1159.0,0.0,1159.0
4260228.0,INST. TORDON,34663,VALOR,0.0,1046.0,0.0,1046.0
4260228.0,GUANTES DE LANA ENGOMADOS 3M,36260001,VALOR,0.0,664.0,0.0,664.0
4260228.0,TUVO DE PVC,36320001,VALOR,0.0,1732.0,0.0,1732.0
4260228.0,VASOS DESECHABLES,36940017,VALOR,0.0,1460.0,0.0,1460.0
4260228.0,CEMENTO,37440001,UNIDAD,676.0,34464.0,676.0,34464.0
4260228.0,CEMENTO BLANCO,37440003,VALOR,0.0,1905.0,0.0,1905.0
4260228.0,CEMENTO SOLA,37440010,VALOR,0.0,1757.0,0.0,1757.0
4260228.0,CIRIOS,38999003,VALOR,0.0,718.0,0.0,718.0
4260228.0,FIERRO,41261,VALOR,0.0,40738.0,0.0,40738.0
4260228.0,MALLA DE GALLINERO,42943005,UNIDAD,1.0,3093.0,1.0,3093.0
4260228.0,OTROS ITEMS,99999994,VALOR,0.0,4219296.0,0.0,4219296.0
4271339.0,SAL,16200005,KILOGRAMO,4600000.0,290000.0,3000000.0,189130.0
4271339.0,"HARINA, CEREALES",231,KILOGRAMO,230000.0,1610000.0,130000.0,910000.0
4271339.0,PLASTICO,36410003,KILOGRAMO,10000.0,350000.0,7500.0,262500.0
4271339.0,OTROS MATERIALES,99999994,VALOR,0.0,1108514.0,0.0,2701635.0
4271667.0,ROTOLENE BLACK PLUS E IMR,34710001,KILOGRAMO,7610.0,99001.64,8401.0,109290.57
4271667.0,ROTOLENE BLACK PLUS ULTRA,34710001,KILOGRAMO,15528.0,178265.64,17142.0,196792.22
4271667.0,ROTOLENE ECO BLACK E IMR,34710001,KILOGRAMO,30844.0,401600.15,34050.0,443337.18
4271667.0,ROTOLENE INDUSTRIAL NEGRO IMR,34710001,KILOGRAMO,122750.0,1495091.33,135507.0,1650471.43
4271667.0,FREEMOLD TAMBO,34710999,KILOGRAMO,8915.0,276212.6,9842.0,304918.5
4271667.0,CONJUNTO DE TAPA Y ARO ROSCADO,36490998,PIEZA,1333.0,37334.94,7490.608006869705,209798.5
4271667.0,ROTOLENE TERRACOTTA 2,99999994,KILOGRAMO,29575.0,394844.43,32649.0,435879.36
4278350.0,INSUMOS Y MATERIALES MÉDICOS,481,VALOR,0.0,5926522.0,0.0,5817638.0
4282491.0,"INSUMOS Y MATERIALES DE  LIMPIEZA (DETERGENTES, ESCOBAS, FRANELAS Y OTROS)",99999993,VALOR,0.0,2337933.0,0.0,2322143.0
4284008.0,OTROS MATERIALES,99999994,VALOR,0.0,42000.0,0.0,42000.0
4284459.0,ARENA COMUN,15310001,METRO CÚBICO,2548.69,219187.47,2548.69,219187.47
4284459.0,GRAVA,15320004,METRO CÚBICO,3788.63,358404.6,3788.63,358404.6
4284459.0,MADERA DE CONSTRUCCION,31330,PIE CUADRADO,152925.72,1052128.93,152925.72,1052128.93
4284459.0,ALQUITRAN,33200,KILOGRAMO,7243.52,122532.87,7243.52,122532.87
4284459.0,PLASTOFORM,36950021,UNIDAD,23131.15,537105.32,23131.15,537105.32
4284459.0,CASETONES DE POLIESTIRENO,36950021,UNIDAD,18626.0,168194.08,18626.0,168194.08
4284459.0,LADRILLOS,37350002,UNIDAD,243175.0,230043.95,243175.0,230043.95
4284459.0,CEMENTO,37440001,KILOGRAMO,1547194.51,1476951.88,1547194.51,1476951.88
4284459.0,VIGUETA DE HORMIGON PRETENSADA,37510001,METRO (LINEAL),23131.15,795711.58,23131.15,795711.58
4284459.0,ACERO ESTRUCTURAL,41261005,KILOGRAMO,236110.1,1522910.17,236110.1,1522910.17
4287001.0,INSUMOS VARIOS,99999994,VALOR,0.0,853064.0,0.0,853064.0
4289625.0,MTTO SERVICIOS EXTERNOS,99999994,VALOR,0.0,2516789.0,0.0,2447745.5514800753
4289625.0,MTTO TRANSPORTE TERRESTRE,99999994,VALOR,0.0,828120.0,0.0,805402.0603601176
4289625.0,MTTO COMBUSTIBLE Y PEAJES,99999994,VALOR,0.0,79761.0,0.0,77572.9045746792
4289625.0,MTTO MATERIALES ELÉCTRICOS,99999994,VALOR,0.0,2131228.0,0.0,2072761.7039766854
4289625.0,MTTO SERVIDUMBRE,99999994,VALOR,0.0,286304.0,0.0,278449.77960844216
4289707.0,FIERRO PLATINO DIFERENTES MEDIDAS,412,METRO (LINEAL),4176.0,35707.0,2049.0,17522.0
4289707.0,PLANCHAS DE DIFERENTES MEDIDAS,41212001,METRO CUADRADO,235643.0,735388.0,115634.0,36086.0
4289707.0,FIERRO ANGULAR DIFERENTES MEDIDAS,41262001,METRO (LINEAL),3822.0,70565.0,1875.0,34627.0
4289707.0,TUBOS DIFERENTES MEDIDAS,41283002,METRO (LINEAL),3027.0,145880.0,1485.0,71585.0
4289707.0,CAÑERIAS GALVANIZADAS DIFERENTES MEDIDAS,41283005,METRO (LINEAL),2576.0,121399.0,1264.0,59573.0
4289707.0,CAÑERIAS NEGRAS DE ACERO AL CARBONO,41283005,METRO (LINEAL),1265.0,98906.0,621.0,48535.0
4289707.0,ACCESORIOS DE PLOMERIA,99999994,PIEZA,5128.0,61546.0,2516.0,30202.0
4289707.0,VARIOS,99999994,VALOR,0.0,725969.0,0.0,681019.0
4292905.0,ACERO,412,KILOGRAMO,253213.0,1317330.0,20635.0,107302.0
4292905.0,BRONCE,4151,KILOGRAMO,5643.0,19630.0,594.0,2067.0
4292905.0,ALUMINIO,4153,KILOGRAMO,575.0,29536.0,462.0,23757.0
4292905.0,OTROS MATERIALES,99999994,VALOR,0.0,402321.0,0.0,39194.68878503852
4293561.0,OTROS MATERIALES,99999994,VALOR,0.0,400000.0,0.0,400000.0
4297333.0,VARIOS,99999994,VALOR,0.0,370472.0,0.0,386897.0
4304467.0,LONA,27997006,METRO CUADRADO,767.0,626790.36,552.0,500917.53945878893
4304467.0,TRUPAN,31441000,METRO CUADRADO,749.0,611529.37,539.0,488679.9082933909
4304467.0,ACRTILICO,35110025,METRO CUADRADO,708.0,803926.76,984.0,1240733.596730553
4304467.0,TINTA,35130,LITRO,400.0,327021.06,288.0,261461.9132300699
4304467.0,TINTA ESPECIAL,35130,LITRO,132.0,109007.02,96.0,88034.31421887878
4304467.0,SINTRA,36390001,METRO (LINEAL),1384.0,1130947.82,996.0,903786.8799844197
4304467.0,ADHESIVO,36920,METRO (LINEAL),1848.0,2098385.11,2568.0,3238012.0812857053
4304467.0,TUBO LED,46510999,UNIDAD,102.0,39.084,47.0,25.855789717712796
4304467.0,PAI,99999994,METRO CUADRADO,4253.0,3474598.71,3060.0,2776073.2050084774
4307255.0,"LONA FRONT LIGHT 2.20, 2.50 Y 3.20 MTS ANCHO",27997006,METRO (LINEAL),35826.0,529484.0,19623.0,295070.0
4307255.0,"PLANCHAS DE FOAM 3, 5 Y 10MM",36330,UNIDAD,410.0,76606.0,246.0,45964.0
4307255.0,PLANCHAS METALICAS,41212001,UNIDAD,1171.0,76750.0,1054.0,69075.0
4307255.0,TUBOS METALICOS,41283002,UNIDAD,3630.0,142144.0,3085.0,120822.0
4307255.0,"TUBOS PETROLEROS 12, 4 Y6""",41285000,METRO (LINEAL),325.0,82933.0,325.0,82933.0
4308485.0, PAPEL BOND 56 GRS 106CM SUZANO,32129001,KILOGRAMO,502854.0,3410542.0,468355.0,3174351.0
4308485.0, PAPEL BOND 75 GRS X 87 CM BLANCO SUZANO,32129001,KILOGRAMO,72900.0,479780.0,69327.0,456245.0
4308485.0, PAPEL BOND 56 GRS 81CM SUZANO,32129001,KILOGRAMO,156517.0,1063535.0,151403.0,1028713.0
4308485.0, PEAD ALTA DENSIDAD HD 7255 LS-L,34710001,KILOGRAMO,224000.0,2349738.0,212500.0,2229012.0
4308485.0, PP-INYECCION H-201,34790011,KILOGRAMO,598500.0,5318286.0,598500.0,5318286.0
4308485.0, PP HOMOPOLIMERO MUEBLES,34790031,KILOGRAMO,322479.0,3641588.0,280629.0,3220809.0
4308485.0,OTRAS MATERIAS PRIMAS,99999994,VALOR,0.0,140377638.86783,0.0,143579249.86783
4308526.0,VARIOS,99999994,VALOR,0.0,251636.0,0.0,251636.0
4309264.0,HUEVOS,02311000,UNIDAD,203074.0,138090.0,203074.0,138090.0
4309264.0,CARNE DE RES,21111002,KILOGRAMO,22221.0,579959.0,22221.0,579959.0
4309264.0,CARNE DE POLLO,21121000,KILOGRAMO,464129.0,5045077.0,464129.0,5045077.0
4309264.0,ACEITE,21691009,LITRO,25248.0,197690.0,25248.0,197690.0
4309264.0,ARROZ,23161002,ARROBA,343.0,88053.0,343.0,88053.0
4309264.0,FIDEO,23710,ARROBA,242.0,58877.0,242.0,58877.0
4309264.0,OTROS MATERIALES,99999994,VALOR,0.0,159989.0,0.0,159989.0
4312339.0,BOLSAS,36410001,PIEZA,65032.0,102750.25,52026.0,82201.1
4314676.0,AGREGADO,153,METRO CÚBICO,50042.0,6005085.0,50042.0,6005085.0
4314676.0,LADRILLO,37350002,PIEZA,198609.0,198609.0,198609.0,198609.0
4314676.0,CEMENTO,37440001,OTROS,12045.0,662515.0,12045.0,662515.0
4314676.0,CEMENTO ALFATICO,37440009,OTROS,3884.0,2431630.0,3884.0,2431630.0
4314676.0,FIERRO,41261005,BARRA,100.0,1995879.0,100.0,1995879.0
4317464.0,TEFLONES,34730004,UNIDAD,1000.0,5000.0,369.7687662705617,1848.8438313528084
4317464.0,LIJAS,37910004,ROLLO,40.0,16000.0,14.790750650822465,5916.300260328986
4317464.0,EMPAQUETADURAS,37920006,UNIDAD,10200.0,18300.0,3771.641415959729,6766.768422751278
4317464.0,FLEXITALES,43924,UNIDAD,200.0,65000.0,73.95375325411233,24034.96980758651
4317464.0,OTRAS MATERIAS PRIMAS,99999994,VALOR,0.0,1108.92999999999,0.0,410.04767798041024
4318899.0,OTROS MATERIALES,99999994,VALOR,0.0,4264837.139805409,0.0,4782332.139805409
4319391.0,MATERIAL DE CONSTRUCCION Y OTROS,99999994,VALOR,0.0,5265656.103508546,0.0,5265656.103508546
4319432.0,FRUTAS PARA REFRESCO,013,VALOR,0.0,74520.0,0.0,81531.09255706983
4319432.0,POSTRES,01313000,VALOR,0.0,8041.51,0.0,8798.082341768688
4319432.0,BEBIDAS,24,VALOR,0.0,1532333.87,0.0,1343980.2582064206
4319432.0,CIGARRILLOS,25020,VALOR,0.0,15356.1,0.0,8850.565520914724
4319432.0,ENVASES DESECHABLES,36490024,VALOR,0.0,26041.6,0.0,21627.62119497645
4319432.0,ALIMENTOS,99999994,VALOR,0.0,2841066.63,0.0,2892771.3801788497
4328821.0,PETROLEO CRUDO,12010001,LITRO,129528833.0,153321752.0,128882772.0,152567814.0
4330707.0,VARIOS,99999994,VALOR,0.0,10266363.47743412,0.0,10266363.47743412
4335627.0,MATERIALES VARIOS,99999994,VALOR,0.0,0.0,0.0,7162.0
4336980.0,"MATERIAS PRIMAS FRESCAS (PIÑA, MANZANA, MENTA, OTRAS)",013,KILOGRAMO,372372.0,1184379.0,372372.0,1184379.0
4336980.0,"MATERIAS PRIMAS SECAS (ANIS, BOLDO, MANSANILLA Y OTROS)",016,KILOGRAMO,39094.0,1621264.0,39094.0,1621264.0
4336980.0,SABORIZANTES NATURALES,23991002,OTROS,739.0,85018.0,702.0,80761.34776725304
4336980.0,CAJITAS DE TÉ Y CAJONES DE EMBALAJE,32153004,UNIDAD,1151165.0,956075.0,1093607.0,860468.0
4336980.0,ETIQUETAS Y SOBRE EMBOLTURAS,3219,UNIDAD,4994.0,233829.0,4744.0,222123.5034040849
4336980.0,BOLSAS,36410001,KILOGRAMO,5687.0,159468.0,5403.0,151504.4142781783
4337308.0,VARIOS,99999994,VALOR,0.0,140030.846,0.0,2544111.846
4339809.0,VARIOS,99999994,VALOR,0.0,659142.9944652026,0.0,659142.9944652026
4340260.0,"PRODUCTOS ALIMENTICIOS (CARNE, POLLO, PAPA, ARROZ, OTROS)",2,VALOR,0.0,1960636.0,0.0,1959708.3264929657
4340260.0,REFRESCOS EMBOTELLADOS VARIOS,24490001,VALOR,0.0,42960.0,0.0,42939.67350703435
4340875.0,CEMENTO,37440001,QUINTAL,26954.0,1482448.0,10000.0,550000.0
4340875.0,FIERRO,41261005,BARRA,60681.0,1517031.0,42000.0,1050000.0
4340875.0,CALAMINAS,42190015,QUINTAL,950.0,332770.0,430.0,150500.0
4340875.0,MATERIALES Y SUMINISTROS,99999994,VALOR,0.0,601663.0,0.0,315000.0
4340875.0,VARIOS PRODUCTOS,99999994,VALOR,0.0,5238638.0,0.0,2619300.0
4345631.0,AGREGADOS,153,OTROS,1500.0,180000.0,1500.0,180000.0
4345631.0,CEMENTO,37440001,UNIDAD,14200.0,569000.0,14200.0,569000.0
4345631.0,FIERRO,41261005,OTROS,1000.0,850000.0,1000.0,850000.0
4345631.0,OTROS MATERIALES DE CONSTRUCCIÓN,99999994,VALOR,0.0,6031000.0,0.0,4961163.0
4354856.0,VARIOS,99999994,VALOR,0.0,0.0,0.0,20034.0
4355143.0,BETONITA SUPER GEL 100LBS,15400004,PIEZA,225.0,13175.0,225.0,13175.0
4355143.0,CABLE DESNUDO CU 70MM2,42941006,METRO CUADRADO,3076.0,166196.0,3076.0,166196.0
4355143.0,CABLE DESNUDO CU 50MM2,42941006,PIEZA,4047.0,109101.0,4047.0,109101.0
4355143.0,CABLE ACERO GALV 7H,42941006,METRO CUADRADO,2940.0,7635.0,2940.0,7635.0
4355143.0,CABLE UTP CAT6 VERDE,46360003,METRO CUADRADO,309.0,5368.0,309.0,5368.0
4355143.0,OTROS MATERIALES,99999994,VALOR,0.0,3729543.0,0.0,3729543.0
4357070.0,OTROS MATERIALES,99999994,VALOR,0.0,3594240.0,0.0,3474325.0
4357808.0,MANTECA,21700003,KILOGRAMO,30.745,350.796,14.817,169.063
4357808.0,DULCE DE LECHE,22290002,KILOGRAMO,2.315,39.57,1.116,19.071
4357808.0,HARINA,23110001,KILOGRAMO,35.536,113714.618844913,17.126,54802.91992171264
4357808.0,AZUCAR,23520001,KILOGRAMO,41.09,156.964,19.803,75.648
4357808.0,CHOCOLATE,236,KILOGRAMO,4.933,124.455,2.377,59.98
4357808.0,OTRAS MATERIAS PRIMAS,99999994,VALOR,0.0,3964183.59615509,0.0,3943684.71807829
4359817.0,INSUMOS VARIOS PARA LA CONSTRUCCIÓN,99999994,VALOR,0.0,2520189.6908958247,0.0,2520189.6908958247
4361662.0,VARIOS,99999994,VALOR,0.0,2264913.0,0.0,2701375.0
4362318.0,POLIETILENO DE ALTA DENSIDAD,34710001,KILOGRAMO,551486.0,6264867.0,684482.0,8429605.0
4362318.0,POLIETILENO,34710001,KILOGRAMO,3972.0,54387.0,2786.0,38147.57854984894
4362318.0,RECICLADO DE POLIETILENO,39270001,KILOGRAMO,30205.0,114591.0,15220.0,57741.26866412846
4363056.0,VARIOS,99999994,VALOR,0.0,10491683.599155113,0.0,10491683.599155113
4364573.0,VERDURAS,012,VALOR,0.0,17262.0,0.0,17262.0
4364573.0,FRUTA,013,VALOR,0.0,5393.0,0.0,5393.0
4364573.0,CARNE,211,VALOR,0.0,59168.0,0.0,59168.0
4364573.0,LECHE,22110001,VALOR,0.0,3434.0,0.0,3434.0
4364573.0,MANTEQUILLA,22241001,VALOR,0.0,3041.0,0.0,3041.0
4364573.0,ARROZ,23161002,VALOR,0.0,1621.0,0.0,1621.0
4364573.0,GALLETAS,2341,VALOR,0.0,2779.0,0.0,2779.0
4364573.0,PAN,23490001,VALOR,0.0,5296.0,0.0,5296.0
4364573.0,AZUCAR,23520001,VALOR,0.0,1172.0,0.0,1172.0
4364573.0,FIDEO,23710,VALOR,0.0,1379.0,0.0,1379.0
4364573.0,TE Y MATES,2391,VALOR,0.0,752.0,0.0,752.0
4364573.0,CONDIMENTOS,23995,VALOR,0.0,4848.0,0.0,4848.0
4364573.0,REFRESCOS,24490001,VALOR,0.0,55476.0,0.0,55476.0
4364573.0,ACEITE,35323016,VALOR,0.0,3541.0,0.0,3541.0
4364573.0,ENVASES DESECHABLES,36490024,VALOR,0.0,3738.0,0.0,3738.0
4364573.0,ENSERES DE LIMPIEZA,99999994,VALOR,0.0,3434.0,0.0,3434.0
4364819.0,MATERIAL DIDACTICO Y FOTOCOPIAS,99999994,VALOR,0.0,38096.0,0.0,38096.0
4365598.0,OTROS MATERIALES,99999994,VALOR,0.0,314726.0,0.0,314726.0
4369698.0,INSUMOS VARIOS,99999994,VALOR,0.0,96000.0,0.0,96000.0
4373880.0,VARIOS,99999994,VALOR,0.0,1525121.0,0.0,1525121.0
4376545.0,VARIOS,99999994,VALOR,0.0,1000753.0,0.0,1000753.0
4378964.0,VARIOS,99999994,VALOR,0.0,4474391.390498695,0.0,4474391.390498695
4389952.0,MEDICAMENTOS,352,UNIDAD,870006.0,2753713.0,683540.0,1723083.7461253193
4389952.0,INSUMOS,99999994,UNIDAD,752158.0,1167873.0,744219.0,920308.2538746808
4391305.0,"MATERIALES PARA EL TRANSPORTE (LLANTAS, NEUMATICOS, CARPA, TALLER Y AUXILIOS)",99999993,VALOR,0.0,6906465.0,0.0,6906465.0
4392740.0,VARIOS,99999994,VALOR,0.0,107586183.0,0.0,102633061.0
4400653.0,ALCOHOL PROPANOL,34139003,KILOGRAMO,23790.0,402726.0,23747.0,401999.0
4400653.0,ALCOHOL BUTANOL,34139007,KILOGRAMO,6404.0,113358.0,6240.0,110455.0
4400653.0,ACETATO DE ETILO,34180001,KILOGRAMO,22025.0,253803.0,21930.0,252709.0
4400653.0,ECETATO DE PROPILO,34180001,KILOGRAMO,41880.0,599207.0,36980.0,529099.0
4400653.0,POLIETILENO B/D CONVENCIONAL,34710001,KILOGRAMO,220000.0,2124296.0,236909.0,2287568.0
4400653.0,POLIETILENO LINEAL,34710001,KILOGRAMO,1240250.0,10928634.0,1252738.0,11038673.0
4400653.0,POLIETILENO ALTA DENSIDAD,34710001,KILOGRAMO,173250.0,1513612.0,196200.0,1714116.0
4400653.0,POLIETILENO TERMOCONTRAIBLE,34710999,KILOGRAMO,1386000.0,13566926.0,1346738.0,13182608.0
4400653.0,BOPP PERLADO,34790011,KILOGRAMO,187780.0,3298602.0,115914.0,2036181.0
4400653.0,BOPP TRANSPARENTE,34790011,KILOGRAMO,440014.0,5919758.0,331952.0,4465939.0
4400653.0,PIGMENTO BLANCO,35110020,KILOGRAMO,54050.0,1107336.0,47897.0,981278.0
4400653.0,TINTAS FLEXOGRAFICAS,35130004,KILOGRAMO,136722.0,5470532.0,126939.0,5079093.0
4400653.0,BOPP METALIZADO,36330999,KILOGRAMO,105084.0,2275656.0,89372.0,1935403.0
4400653.0,CINTA ADHESIVA,36920002,PIEZA,8928.0,41885.0,8787.0,41219.0
4400653.0,OTROS MATERIALES,99999994,VALOR,0.0,6801823.0,0.0,6293290.986821727
4406229.0,MELAMINA,31431000,METRO CUADRADO,11386.0,4406392.0,11418.647723606764,4419026.697709385
4406229.0,FILO,38160002,METRO (LINEAL),108657.0,600872.0,108968.10096166204,602592.3848535832
4406229.0,TORNILLOS,42944006,UNIDAD,1740330.0,348066.0,1745307.2596941527,349061.45193883055
4406229.0,VISAGRA,42992001,PIEZA,43966.0,219831.0,44092.27363206185,220462.37103238385
4406229.0,JALADORES,42992011,METRO CUADRADO,852.0,183193.0,854.4446754679084,183718.64252698654
4406229.0,RIEL,42999007,PIEZA,16487334.0,164873.0,16534315.038068183,165342.809411844
4406229.0,EMBALAJE,99999994,KILOGRAMO,1745.0,183193.0,1750.0069937693663,183718.64252698654
4406434.0,VARIOS,99999994,VALOR,0.0,1241467.0,0.0,1241467.0
4409796.0,ACEITES,33380000,LITRO,800.0,12800.0,800.0,12800.0
4409796.0,OXIGENO,34210003,UNIDAD,180.0,18000.0,180.0,18000.0
4409796.0,GAS CARBONICO,34210004,UNIDAD,50.0,8000.0,50.0,8000.0
4409796.0,WIDIAS,34280002,KILOGRAMO,150.0,17980.0,150.0,17980.0
4409796.0,TEFLON,34730004,KILOGRAMO,73.0,5840.0,73.0,5840.0
4409796.0,PIEDRAS PARA TORNO,37910001,PIEZA,5.0,28700.0,5.0,28700.0
4409796.0,ACERO,412,KILOGRAMO,715.0,20020.0,715.0,20020.0
4409796.0,HIERRO FUNDIDO,41291,KILOGRAMO,227.0,4540.0,227.0,4540.0
4409796.0,ALUMINIO,4153,KILOGRAMO,80.0,15200.0,80.0,15200.0
4409796.0,SOLDADURA,42950003,KILOGRAMO,1136.0,25000.0,1136.0,25000.0
4409796.0,"TRABASIL, PINTURAS, TUERCAS, PERNOS Y OTROS",99999993,VALOR,0.0,95000.0,0.0,95000.0
4409796.0,REPUESTOS Y OTROS,99999994,VALOR,0.0,255915.0,0.0,305091.0
4415331.0,ALMENDRA EN CASCARA,01371000,OTROS,106693.94,39083143.98,64176.25,23508454.358761843
4415331.0,CARTON CORRUGADO DE 20 KGS.,32153001,UNIDAD,0.0,0.0,26157.0,232825.61
4415331.0,BOLSAS PLASTICAS PARA EMBALADO ALMENDRA BENEFICIADA,36410001,UNIDAD,0.0,0.0,27536.0,137732.24
4428246.0,VARIOS,99999994,VALOR,0.0,0.0,0.0,32540.0
4434355.0,ENVASES Y EMBALAJES,99999994,UNIDAD,5042.0,24427.260000000002,1720.3443497573294,8334.648695171207
4434355.0,MATERIA PRIMA,99999994,UNIDAD,2049.0,28674.0,144912.46536749683,2027925.8330637403
4434355.0,MATERIALES,99999994,UNIDAD,76.0,6420.75,12.021469298801042,1015.6164342141683
4437963.0,ARCILLA,15400,VALOR,0.0,22715945.0,0.0,22139027.0
4443744.0,OTROS MATERIALES,99999994,VALOR,0.0,42246353.0,0.0,42623590.09
4451616.0,GRANOS,014,TONELADA MÉTRICA,12464.0,23357379.0,15166.0,27851647.0
4451616.0,FILTRO,27190007,PIEZA,1200.0,31767.0,1255.0,33199.0
4451616.0,BOBINAS DE MANTECA,32137004,KILOGRAMO,0.0,0.0,320.0,10435.0
4451616.0,CAJAS,32153001,UNIDAD,124384.0,480009.0,132482.0,506998.0
4451616.0,ETIQUETAS,32197002,UNIDAD,176500.0,15668.0,218443.0,18814.0
4451616.0,ACIDO CITRICO X25KG,34140023,OTROS,0.0,0.0,9.0,2180.0
4451616.0,ACIDO FOSFORICO,34232000,KILOGRAMO,3850.0,36833.72,4430.25,42388.19
4451616.0,ANTIOXIDANTE,35499016,KILOGRAMO,0.0,0.0,375.0,48931.0
4451616.0,BOLSAS,36410001,KILOGRAMO,6413.0,156653.0,6020.0,147054.0
4451616.0,BOLSAS,36410001,UNIDAD,139100.0,161225.0,33165.0,38728.0
4451616.0,BIDONES,36490012,PIEZA,32849.0,344585.0,29599.0,295844.0
4451616.0,BALDE,36490013,UNIDAD,3431.0,89549.0,3784.0,98762.0
4451616.0,CINTA DE EMBALAJE,36920007,OTROS,1722.0,21162.0,1832.0,18890.0
4451616.0,ALUPOL,41535001,KILOGRAMO,32600.0,1731.0,31528.0,1741.0
4451616.0,VARIOS,99999994,KILOGRAMO,44419.0,356375.0,39581.0,295467.0
4451616.0,OTROS MATERIALES,99999994,VALOR,0.0,67673.28000000119,0.0,81360.28196599377
4452518.0,INSUMOS VARIOS PARA FONTANERIA,99999994,VALOR,0.0,310612.0,0.0,1600349.0
4475847.0,CUERO DE CAIMAN YACARE,02959004,PIEZA,13843.0,2641076.0,13843.0,3952855.3
4478184.0,CARNAZA HUMEDA HARINA DE CUERO PEROXIDO DE HIDROGENO SULFATO DE AMONIO SULFATO DE SODIO JUGUETE DE PERRO,99999993,KILOGRAMO,169228.0,1557028.0,199473.0,1679384.0
4478840.0,INSUMOS VARIOS PARA LA CONSTRUCCIÓN,99999994,VALOR,0.0,6008818.0,0.0,6008818.0
4482243.0,ARENA,15310,METRO CÚBICO,6562.0,670484.0,6530.0,667196.0
4482243.0,GRAVILLA,15320003,METRO CÚBICO,4578.0,398365.0,4626.0,402540.0
4482243.0,POLIESTIRENO EXPANDIBLE,34720003,KILOGRAMO,414691.0,5510438.0,421636.0,5602723.0
4482243.0,CEMENTO,37440001,KILOGRAMO,4659167.0,4377751.0,4715161.0,4430362.0
4482243.0,ACERO,412,KILOGRAMO,313610.0,2477297.0,324828.0,2565916.0
4482243.0,OTROS MATERIALES,99999994,VALOR,0.0,869626.0,0.0,773563.216512168
4484498.0,JABON LIQUIDO,35321003,LITRO,240.0,31680.0,240.0,31680.0
4484498.0,DETERGENTE EN POLVO,35322001,KILOGRAMO,15000.0,45000.0,15000.0,45000.0
4484498.0,METAQUAT,35322999,LITRO,150.0,270000.0,150.0,270000.0
4484498.0,AMBIENTADOR LIQUIDO,35331005,LITRO,18000.0,234000.0,18000.0,234000.0
4484498.0,AMBIENTADOR EN SPRAY,35331006,GRAMO,1760.0,281600.0,1760.0,281600.0
4488311.0,MATERIAL DE CONSTRUCCION,99999994,VALOR,0.0,22004821.0,0.0,21279670.0
4488803.0,VARIOS,99999994,VALOR,0.0,0.0,0.0,142361536.0
4497618.0,PARAFINA LIQUIDA,33500003,KILOGRAMO,506.6251458348782,1915984.360776801,418.26544518593766,1581820.52
4497618.0,PEGAMENTO,35420015,KILOGRAMO,84437.6995820794,3946860.6298975437,69711.05223759604,3258494.83
4497618.0,CUCHILLAS DE CORTE  FLORING DP,42922001,PIEZA,720.0,182323.52,0.0,0.0
4497618.0,CUCHILLAS DEKKER,42922001,PIEZA,238.61678003331866,1293755.1931976485,197.0,1068113.37
4497618.0,CUCHILLAS MOLDURADO,42922001,PIEZA,113.85775290929925,894977.3284526299,94.0,738885.73
4497618.0,CABEZALES FINGER JOINT,42922006,PIEZA,14.535032286293523,1909747.1967348487,12.0,1576671.17
4497618.0,TORNILLOS,42944006,PIEZA,537282.6234520781,1111536.7609405296,443576.0,917675.37
4500365.0,INSUMOS FOTOGRAFICOS,99999994,ROLLO,2592.0,747899.0,2430.0,701169.0
4500570.0,MANTECA VEGETAL,21700003,KILOGRAMO,244506.0,2632341.0,241178.0,2596514.0
4500570.0,HARINA DE TRIGO 000,23110001,KILOGRAMO,1696602.0,4306465.0,1966754.0,5125499.0
4500570.0,AZUCAR,23520001,KILOGRAMO,76332.0,277329.0,80320.0,300454.0
4500570.0,COCOA EN POLVO,23630001,KILOGRAMO,1251.0,48545.0,5170.0,217131.0
4500570.0,OTROS,99999994,VALOR,0.0,11320946.0,0.0,6609665.0
4502251.0,MATERIAS PRIMAS,99999994,VALOR,0.0,1708864.0,0.0,1454556.8843244852
4502251.0,MATERIALES AUXILIARES,99999994,VALOR,0.0,13269.0,0.0,1645.786395025756
4502251.0,ENVASES Y EMBALAJES,99999994,VALOR,0.0,231894.0,0.0,552689.229280489
4516396.0,ARENA,15310,METRO CÚBICO,1500.0,150000.0,1500.0,150000.0
4516396.0,PIEDRA,15320002,METRO CÚBICO,1500.0,75000.0,1500.0,75000.0
4516396.0,MATERIAL SANITARIO,37210,PIEZA,155.0,8525.0,155.0,8525.0
4516396.0,CERÁMICA,37370,METRO CUADRADO,4200.0,684600.0,4200.0,684600.0
4516396.0,CEMENTO,37440001,UNIDAD,4500.0,216000.0,4500.0,216000.0
4516396.0,CEMENTO COLA,37440010,UNIDAD,3228.0,58104.0,3228.0,58104.0
4516396.0,FIERRO,41261005,BARRA,1200.0,144000.0,1200.0,144000.0
4516396.0,CALAMINA,42190015,PIEZA,1680.0,58800.0,1680.0,58800.0
4516396.0,ALAMBRE,42946003,METRO (LINEAL),1200.0,180000.0,1200.0,180000.0
4516396.0,MATERIAL ELECTRICO,99999994,UNIDAD,2944.0,2384640.0,2944.0,2423247.0
4523735.0,VARIOS,99999994,VALOR,0.0,43964.0,0.0,43964.0
4525703.0,"ENVASES, EMBALAJES y OTROS INSUMOS",99999994,VALOR,0.0,245.0,0.0,245.0
4536117.0,CABLES,46340001,PIEZA,4.0,1558.91,4.0,1558.91
4536117.0,CAMARAS DE VIGILANCIA,47214003,PIEZA,6.0,3018.0,6.0,3018.0
4537593.0,VARIOS,99999994,VALOR,0.0,7782030.0,0.0,7778030.0
4540422.0,CARNE,211,KILOGRAMO,2300.0,92000.0,2210.0,88400.0
4540422.0,POLLO,21121000,KILOGRAMO,3600.0,90000.0,3536.0,88400.0
4540422.0,JAMON,21181003,KILOGRAMO,600.0,18600.0,570.0,17680.0
4540422.0,ACEITE,21691009,LITRO,3000.0,30000.0,2946.0,29467.0
4540422.0,HARINA,23110001,KILOGRAMO,4450.0,17800.0,4420.0,17680.0
4540422.0,KECHUP,23995002,KILOGRAMO,740.0,29600.0,736.0,29467.0
4540422.0,MAYONESA,23995004,KILOGRAMO,300.0,60000.0,196.0,58933.0
4540422.0,OTROS MATERIALES,99999994,VALOR,0.0,251338.0,0.0,149230.24
4549155.0,LOSAS PARA HORNO DE 690X650MM,37370,UNIDAD,15.0,3714.0,5.0,1233.0
4549155.0,"PLANCHA DE ACERO NEGRO 2000X1000X1/16""",41212001,METRO (LINEAL),82.0,11730.0,27.0,3893.0
4549155.0,PLANCHA DE ACERO NEGRO 2000X1000X1MM,41212001,METRO (LINEAL),77.0,7813.0,26.0,2593.0
4549155.0,"PLANCHA INOX AISI 430 DE  LX1500X0,8MM",41214001,METRO (LINEAL),524.0,105704.0,174.0,35081.0
4549155.0,"PLANCHA INOX AISI 430 DE  LX1500X1,2MM",41214001,METRO (LINEAL),251.0,97701.0,83.0,32425.0
4549155.0,PLANCHA INOX AISI 304 DE  LX 1500X1 MM,41214001,METRO (LINEAL),204.0,58294.0,68.0,19346.0
4549155.0,"TUBO DE INOX REDONDO 38 X1,5MM",41283004,METRO (LINEAL),28.0,8671.0,9.0,2878.0
4549155.0,MALLA DE ALUMINIO 1MT X LARGO,42943005,METRO CUADRADO,83.0,7505.0,28.0,2491.0
4549155.0,TUERCA DE REDUCCION DE ANAFE,42944005,UNIDAD,119.0,2068.0,40.0,686.0
4549155.0,ELECTRODO AW INOX 1.6X250 MM,42950001,UNIDAD,1398.0,5871.0,464.0,1948.0
4549155.0,OTROS,99999994,VALOR,0.0,276662.0,0.0,91818.0
4549606.0,CAJAS DE CARTON,32153004,UNIDAD,307776.0,3261380.0,277831.0,2944064.0
4549606.0,BOLSAS DE EMPAQUE,36410005,UNIDAD,249167.0,271576.0,234646.0,255749.0
4557888.0,VARIOS,99999994,VALOR,0.0,0.0,0.0,1522037.0
4560430.0,MATERIA PRIMA POLIPROPILENO,34790011,TONELADA MÉTRICA,330.0,719081.0,220.0,610000.0
4560430.0,OTROS MATERIALES,99999994,VALOR,0.0,4498124.0,0.0,5298706.0
4561783.0,OTROS MATERIALES,99999994,VALOR,0.0,20981280.0,0.0,19427959.0
4570024.0,VARIOS,99999994,VALOR,0.0,2173130.7226563166,0.0,2173130.7226563166
4575149.0,FRUTILLA NATURAL,01354000,KILOGRAMO,15673.95,282047.16,15633.95,281327.37
4575149.0,NUEZ NACIONAL,01376001,KILOGRAMO,4585.0,454190.47,4574.0,453100.81
4575149.0,NUEZ ARGENTINA,01376001,KILOGRAMO,2485.0,308645.0,2450.0,304297.89
4575149.0,PAPA TOSI (CAJA DE 15 KILOS ),01510001,OTROS,1925.0,373593.0,1925.0,373593.0
4575149.0,HUEVO ESPECIAL,02311000,UNIDAD,688210.0,502327.0,685710.0,500502.24
4575149.0,FILETE,211,KILOGRAMO,17714.99,958761.46,17657.99,955676.54
4575149.0,CARNE DE CERDO,21113001,KILOGRAMO,15600.0,379005.83,15450.0,375361.54
4575149.0,POLLO ENTERO,21121000,KILOGRAMO,16900.2,273503.2,16845.2,272613.11
4575149.0,POLLO SIN PIERNA,21121000,KILOGRAMO,13612.65,230912.64,13556.65,229962.7
4575149.0,SALCHICHA SOFIA EXTRALARGA 12UNIDDADES),21184008,UNIDAD,9481.0,246486.8,8991.0,233747.79
4575149.0,DURAZNO ACONCAGUA (LATA DE 3 KILOS),21492000,UNIDAD,12174.0,489084.77,12149.0,488080.41
4575149.0,ACEITE FINO (BIDON 20LT),21691009,UNIDAD,1398.0,286363.64,1393.0,285339.45
4575149.0,CREMA DE LECHE 500ML.,22120001,UNIDAD,68650.0,858125.0,68475.0,855937.5
4575149.0,CREMA DE LECHE PIL (LT.),22120001,LITRO,15620.0,354754.05,15475.0,351460.88
4575149.0,LECHE EVAPORADA BELLA HOLANDESA (LATA 405GR),22221000,UNIDAD,55632.0,384228.4,55432.0,382847.08
4575149.0,AZUCAR BLANCA,23520001,KILOGRAMO,52900.0,253075.54,52745.0,252334.02
4575149.0,OTROS,99999994,VALOR,0.0,11327391.04,0.0,11366312.67
4577363.0,INSUMOS VARIOS PARA LA CONSTRUCCIÓN Y OTROS,99999994,VALOR,0.0,2695414.0,0.0,1563325.0
4578470.0,OTROS MATERIALES,99999994,VALOR,0.0,9683334.0,0.0,9114724.0
4579454.0,VARIOS,99999994,VALOR,0.0,5772067.45515983,0.0,5772067.45515983
4588433.0,CONCENTRADO 20%,23319,KILOGRAMO,174000.0,2010739.0,27000.0,316336.0
4588433.0,CONCENTRADO 30%,23319,KILOGRAMO,150000.0,1694791.0,18000.0,206505.0
4588433.0,SUPLEMENTO,23319,KILOGRAMO,25475.0,744926.0,8234.0,243793.0
4588433.0,PREMIX FINAL,23319999,KILOGRAMO,25300.0,1063357.0,18537.0,784699.0
4588433.0,ADITIVO DV,35250,KILOGRAMO,98975.0,2258475.0,24020.0,555572.0
4590032.0,PINTURA,35110,VALOR,0.0,706175.0,0.0,706175.0
4590032.0,PLANCHA,41212001,VALOR,0.0,4707836.0,0.0,4707836.0
4590032.0,FIERROS,4126,VALOR,0.0,7061753.0,0.0,7061753.0
4590032.0,TUBO,41283,VALOR,0.0,4707836.0,0.0,4707836.0
4590032.0,VOLANDA,42944003,VALOR,0.0,2353918.0,0.0,2353918.0
4590032.0,PERNO,42944004,VALOR,0.0,3060093.0,0.0,3060093.0
4590032.0,VISAGRA,42992001,VALOR,0.0,706175.0,0.0,706175.0
4590606.0,PEAD POLIETILENO DE ALTA DENSIDAD,34710001,KILOGRAMO,188750.0,2292041.87,127000.0,1803107.5
4590606.0,PEBD POLIETILENO DE BAJA DENSIDAD,34710001,KILOGRAMO,78050.0,907205.0,95964.0,1214560.0
4590606.0,PEBD POLIETILENO TERMOCONTRIBLE,34710001,KILOGRAMO,25.0,333.0,25.0,333.0
4590606.0,MASTER BATCH PIGMENTOS,35110023,KILOGRAMO,5672.0,17053.0,5900.0,179365.0
4590606.0,TINTAS,35130,KILOGRAMO,59.0,3660.0,50.0,1719.0
4590606.0,OTROS MATERIALES,99999994,VALOR,0.0,609687.1299999999,0.0,605671.821219318
4596961.0,GOMA LACA,03219002,KILOGRAMO,27815.0,1974596.0,27781.0,1972145.0
4596961.0,BLOUSSE DE LANA,26150001,KILOGRAMO,48114.0,2468245.0,48054.0,2465181.0
4596961.0,LANA LAVADA,26150002,KILOGRAMO,15894.0,1110710.0,15875.0,1109331.0
4596961.0,TINTE,35110020,KILOGRAMO,7438.0,617061.0,7429.0,616295.0
4597166.0,VARIOS,99999994,VALOR,0.0,3396625.6,0.0,5178831.6
4599011.0,ACERO 1 1/2,412,METRO (LINEAL),10.0,4029.0,77.0,49137.0
4599011.0,PLANCHA DE 0.40 MM (2X1),41212001,METRO (LINEAL),3003.0,116070.0,3003.0,116070.0
4599011.0,PLANCHA DE 0.45 MM 2X1,41212001,METRO (LINEAL),2110.0,83622.0,2110.0,83622.0
4599011.0,FIERRO REDONDO 1/2,41261001,METRO (LINEAL),196.0,10877.0,420.0,18421.0
4599011.0,FIERRO CUADRADO 1/4,41261002,METRO (LINEAL),1008.0,14012.0,1100.0,15587.0
4599011.0,ANGULAR 3/4X2,41262001,METRO (LINEAL),9393.0,194720.0,520.0,10780.0
4599011.0,TUBO REDONDO 22 MM,41283,METRO (LINEAL),2713.0,62666.0,1190.0,27977.0
4599011.0,PLATINO NEGRO DE 13 X 2.5 MM,41330,METRO (LINEAL),6000.0,32364.0,6000.0,32364.0
4599011.0,PERNOS,42944004,PIEZA,365.0,16288.0,125.0,6126.0
4599011.0,RODAMIENTO 6004,43310001,PIEZA,239.0,9769.0,86.0,3076.0
4599011.0,OTROS,99999994,VALOR,0.0,2903130.0,0.0,3084387.0
4599052.0,CEMENTO,37440001,UNIDAD,124024.0,6821331.0,80016.65278403877,4400923.0
4605817.0,ARIDOS,153,METRO CÚBICO,20000.0,2800000.0,20000.0,2800000.0
4605817.0,LADRILLOS,37350002,PIEZA,100000.0,72000.0,100000.0,72000.0
4605817.0,CEMENTO,37440001,UNIDAD,30000.0,1380000.0,30000.0,1380000.0
4605817.0,HORMIGÓN,37510002,METRO CÚBICO,12000.0,9600000.0,12000.0,9600000.0
4605817.0,CAPA BASE,37550999,METRO CÚBICO,7000.0,805000.0,7000.0,805000.0
4608605.0,PINTURA,35110,LITRO,483.0,21885.0,356.0,15909.0
4608605.0,EJE DE ACERO,41121005,METRO (LINEAL),417.0,45419.0,550.0,55358.0
4608605.0,FUNDICION DE HIERRO,41121999,UNIDAD,211.0,242701.0,185.0,123011.0
4608605.0,PLANCHAS,41212001,UNIDAD,819.0,282827.0,898.0,259414.0
4608605.0,FIERRO ESTRIADO,41261,BARRA,161.0,4536.0,166.0,4291.0
4608605.0,VARILLA,41261,UNIDAD,162.0,2327.0,147.0,1943.0
4608605.0,FIERRO LIZO,41261004,BARRA,178.0,11711.0,228.0,12499.0
4608605.0,ANGULARES,41262001,BARRA,684.0,60405.0,753.0,58200.0
4608605.0,FIERRO PERFIL,41262002,BARRA,20.0,7579.0,21.968597440295554,8325.0
4608605.0,FIERRO T,41262002,BARRA,53.0,3234.0,65.0,3309.0
4608605.0,TUBO REDONDO,41283002,BARRA,130.0,9999.0,157.0,9848.0
4608605.0,CAÑERIA,41283005,BARRA,95.0,18851.0,97.0,16619.0
4608605.0,TUBO RECTANGULAR,41284,BARRA,36.0,6407.0,36.0,6407.0
4608605.0,TUBO CUADRADO,41284999,BARRA,67.0,21958.0,80.0,19729.0
4608605.0,PLATINO,41330003,BARRA,402.0,23809.0,478.0,25171.0
4608605.0,MACHO,42921999,UNIDAD,58.0,2406.0,57.0,2031.0
4608605.0,DISCO,42922003,UNIDAD,727.0,14194.0,789.0,13389.0
4608605.0,BROCA,42922005,UNIDAD,757.0,8835.0,682.0,7235.0
4608605.0,VOLANDA,42944003,UNIDAD,36908.0,3955.0,28559.0,2674.0
4608605.0,PERNO,42944004,UNIDAD,24064.0,12006.0,18085.0,7799.0
4608605.0,TUERCA,42944005,UNIDAD,10065.0,2846.0,9423.0,2230.0
4608605.0,ELECTRODO,42950001,KILOGRAMO,1626.0,26872.0,1870.0,27017.0
4608605.0,RODAMIENTO,43310001,UNIDAD,1172.0,39080.0,1223.0,30596.0
4608605.0,INSUMOS,99999994,UNIDAD,33912.0,173132.0,29782.0,144238.0
4608605.0,MATERIALES,99999994,UNIDAD,8464.0,82612.0,8055.0,50360.0
4608605.0,OTROS MATERIALES,99999994,VALOR,0.0,102.0,0.0,0.0
4640831.0,VARIOS,99999994,VALOR,0.0,0.0,0.0,10290.0
4668424.0,VARIOS,99999994,VALOR,0.0,1479306.8854148872,0.0,1479306.8854148872
4678920.0,BRITA,15320999,VALOR,0.0,1560150.0,0.0,1519579.8830845503
4678920.0,LADRILLO,37350002,VALOR,0.0,2180920.0,0.0,2124207.389428425
4678920.0,CEMENTO,37440001,VALOR,0.0,1850150.0,0.0,1802038.7274870242
4682856.0,INSUMOS VARIOS PARA LA CONSTRUCCIÓN,99999994,VALOR,0.0,2381530.962539016,0.0,2381530.962539016
4692327.0,TELAS,26,KILOGRAMO,53457.80615068966,4048052.720555715,53527.63804046136,4053340.688613645
4692327.0,OTROS MATERIALES,99999994,VALOR,0.0,168439.16074134488,0.0,168659.19268341464
4693065.0,VARIOS,99999994,VALOR,0.0,3286120.0,0.0,3309469.0
4704545.0,AGREGADO,153,METRO CÚBICO,3987.0,259155.0,6750.0,438750.0
4704545.0,CEMENTO ASFÁLTICO,37940004,TONELADA MÉTRICA,690.0,3582480.0,645.0,3348840.0
4704545.0,OTROS MATERIALES,99999994,VALOR,0.0,777995.0,0.0,0.0
4704832.0,INSUMOS VARIOS PARA LA CONSTRUCCIÓN,99999994,VALOR,0.0,80851.0,0.0,80851.0
4706800.0,MATERIALES ELECTRICOS,99999994,VALOR,0.0,39915034.0,0.0,39915034.0
4715164.0,CUERO,02951,VALOR,0.0,16815396.0,0.0,16453322.0
4721519.0,AGREGADOS PARA OBRAS (ARENA),153,METRO CÚBICO,7935.0,176352.0,7935.0,176352.0
4721519.0,TUBERIA PVC,36320001,UNIDAD,374163.0,1247212.0,374163.0,1247212.0
4721519.0,OTROS MATERIALES,99999994,VALOR,0.0,860092.0,0.0,860092.0
4727669.0,VARIOS,99999994,VALOR,0.0,716005.0,0.0,849553.0
4742306.0,ACEROS Y AGLOMERADOS,99999993,UNIDAD,30254.0,812193.0,24801.0,652520.0
4742306.0,CAÑERIAS Y MATERIAL ELECTRICO,99999993,UNIDAD,529823.0,631071.0,478708.0,527710.0
4742306.0,ACCESORIOS,99999994,UNIDAD,144.0,185839.0,66.0,127591.0
4742306.0,METALMECANICA Y VARIOS,99999994,UNIDAD,4639.0,97631.0,3991.0,78828.0
4743413.0,MATERIAL ELECTRICO,4621,PIEZA,2700.0,2663020.0,2500.0,2507793.0
4761699.0,AGREGADOS,153,METRO CÚBICO,1700.0,475812.0,2428.2041135631825,679628.6209898381
4761699.0,GEOTEXTILES,26720006,ROLLO,376.0,1104879.0,627.057029585161,1842612.0845505933
4761699.0,MADERAS,31330,UNIDAD,4549.0,472239.0,6108.351651276483,634117.8007138172
4761699.0,ADITIVOS,35499026,KILOGRAMO,892.0,284596.0,949.9815581139845,303095.2371222058
4761699.0,LLANTAS,36113005,UNIDAD,287.0,1896324.0,355.93220242423524,2351786.68233427
4761699.0,TUBERIAS,36320005,UNIDAD,1508.0,2154780.0,1885.623321988953,2694365.6642940026
4761699.0,CEMENTO,37440001,KILOGRAMO,474976.0,23748757.0,434143.8821105229,21707154.802094117
4761699.0,CEMENTO ASFALTICO,37440009,TONELADA MÉTRICA,4242.0,22438521.0,2549.936084650986,13488164.63557259
4761699.0,HORMIGON,37510002,UNIDAD,4176.0,2056254.0,3508.843203489439,1727747.3353802618
4761699.0,ACEROS,412,TONELADA MÉTRICA,82.0,4863721.0,80.00123011207084,4745166.620998918
4761699.0,REPUESTOS,99999994,UNIDAD,237675.0,25038403.0,111002.60979517222,11693817.515949382
4761863.0,BANDAS DE GOMA PARA RECAUCHUTAR,36115002,KILOGRAMO,91774.0,2294358.0,101606.0,2540167.0
4761863.0,OTROS MATERIALES,99999994,VALOR,0.0,125670.0,0.0,125669.81734236801
4777607.0,VARIOS,99999994,VALOR,0.0,1270173.7276756878,0.0,1270173.7276756878
4787365.0,TELA,26,VALOR,0.0,944173.0,0.0,944173.0
4787365.0,OTRAS MATERIAS PRIMAS,99999994,VALOR,0.0,301748.41609067,0.0,301748.41609067
4788144.0,ORÉGANO,01699019,KILOGRAMO,655474.0,7727900.0,515985.0,6083354.155160998
4788144.0,TOMILLO,01699044,KILOGRAMO,8582.0,266552.0,4308.0,133804.01025402005
4788144.0,ROMERO,01930004,KILOGRAMO,2527.0,38434.0,89.0,2645.0
4790481.0,"MATERIAL PARA FABRICACION DE TANQUES(STIKER, POLIMERICO, FLOTADORES)",99999993,UNIDAD,24377.0,25680.0,24377.0,25680.0
4795196.0,VARIOS,99999994,VALOR,0.0,2188592.443207409,0.0,2188592.443207409
4803642.0,"CEMENTO, AGREGADOS, HERRAMIENTAS MENORES",99999993,VALOR,0.0,3276379.120971741,0.0,2380950.120971741
4809300.0,"MATERIAL DE MANO DE OBRA (CEMENTO, LADRILLO Y OTROS)",99999993,VALOR,0.0,32275364.0,0.0,32275364.0
4811883.0,HUEVOS,02311000,UNIDAD,19000.0,16150.0,19000.0,16150.0
4811883.0,JAMON,21181003,KILOGRAMO,300.0,2800.0,300.0,2800.0
4811883.0,QUESO DAMBO,22251020,KILOGRAMO,288.0,4200.0,288.0,4200.0
4811883.0,CAFE,2391,KILOGRAMO,144.0,7056.0,144.0,7056.0
4811883.0,BOLSAS DE MATES,23914,OTROS,144.0,3600.0,144.0,3600.0
4811883.0,PAPEL HIGIENICO,32193002,UNIDAD,7680.0,18665.0,7680.0,18665.0
4811883.0,JABONCILLOS,35321005,UNIDAD,12000.0,6960.0,12000.0,6960.0
4811883.0,OLA AROMATICO,35322002,LITRO,480.0,24000.0,480.0,24000.0
4811883.0,OLA LAVA VAJILLA,35322002,LITRO,4800.0,26880.0,4800.0,26880.0
4811883.0,LAVANDINA,35322007,LITRO,480.0,17616.0,480.0,17616.0
4811883.0,OTROS MATERIALES,99999994,VALOR,0.0,11988.0,0.0,11988.0
4812170.0,ARENA GRAVA Y ARCILLA,153,METRO CÚBICO,100889.37898611436,5044468.949305718,100889.37898611436,5044468.949305718
4815450.0,VARIOS,99999994,VALOR,0.0,3234163.945964534,0.0,3234163.945964534
4815491.0,VARIOS,99999994,VALOR,0.0,239048.39991255017,0.0,239048.39991255017
4818935.0,VARIOS,99999994,VALOR,0.0,1043195.9788568631,0.0,1043195.9788568631
4819427.0,ACEITE. MANTECA Y OTROS,21,KILOGRAMO,50000.0,1396374.0,105270.0,1442180.0
4819427.0,OTROS MATERIALES,99999994,VALOR,0.0,396446.0,0.0,396732.829276397
4820329.0,"ENVASES, EMBALAJES y OTROS INSUMOS",99999994,VALOR,0.0,4500.0,0.0,4500.0
4826069.0,OTROS MATERIALES,99999994,VALOR,0.0,513690.0,0.0,415727.0
4828078.0,VARIOS,99999994,VALOR,0.0,17209.0,0.0,17209.0
4828693.0,CEMENTO,37440001,OTROS,16822.0,1364444.0,16822.0,1364444.0
4828693.0,FIERRO CORRUGADO,41261005,BARRA,25933.0,1009332.0,25933.0,1009332.0
4828693.0,CALAMINA,42190015,PIEZA,8971.0,672889.0,8971.0,678889.0
4828693.0,OTROS MATERIALES,99999994,VALOR,0.0,20793374.0,0.0,22357368.0
4829349.0,MATERIAL ELECTRICO,99999994,PIEZA,5000.0,398961.6,6056.499345493423,483262.1338554017
4829349.0,MATERIALES ELECTRICOS,99999994,PIEZA,5000.0,347096.6,6056.499345493422,420438.0661445984
4829349.0,OTROS MATERIALES,99999994,VALOR,0.0,2724907.8,0.0,2724907.8
4830333.0,VARIOS,99999994,VALOR,0.0,0.0,0.0,62323.0
4842879.0,ARENA,15310,VALOR,0.0,1163039.0,0.0,1163039.0
4842879.0,CEMENTO,37440001,UNIDAD,30400.0,1550718.0,30400.0,1550718.0
4842879.0,FIERRO,41261005,VALOR,0.0,581520.0,0.0,581520.0
4842879.0,OTROS,99999994,VALOR,0.0,581520.0,0.0,581520.0
4851325.0,VARIOS,99999994,VALOR,0.0,7200.0,0.0,7200.0
4852022.0,VARIOS,99999994,VALOR,0.0,755159.0,0.0,0.0
4866249.0,HUEVOS MAPLES X 30 UNID DE 2DA.,02311000,UNIDAD,52350.0,816660.0,52556.0,819873.6
4866249.0,CREMA DE LECHE PIL 1 LT,22120001,LITRO,47180.0,1071457.8,47282.0,934183.57
4866249.0,LECHE CONDENSADA NESTLE 397 GR,22222000,UNIDAD,66000.0,708220.8,72748.0,636216.87
4866249.0,MANTEQUILLA MENONITA,22241001,KILOGRAMO,24606.29,487204.53,25559.17,506071.52
4866249.0,MANTEQUILLA TREBOL S/SAL X 10 KG,22241001,UNIDAD,823.0,242785.0,804.0,206346.6
4866249.0,QUESO CRIOLLO,22251001,KILOGRAMO,15295.83,367093.53,15431.2,402650.49
4866249.0,MANJAR NESTLE 1 KG,22290002,UNIDAD,28116.0,815364.0,29111.0,689536.47
4866249.0,HARINA FAMOSA 0000 X 50 KG,23110001,OTROS,1862.0,539980.0,1857.0,468237.75
4866249.0,AZUCAR BLANCA GRANEL X 50 KILOS,23520001,UNIDAD,1988.0,464595.6,1948.0,396065.41
4866249.0,COCOA CELINDA 500 GR,23630001,OTROS,11100.0,249750.0,11376.0,216970.7
4866249.0,OTRAS MATERIAS PRIMAS,99999994,VALOR,0.0,5839165.74,0.0,6488293.02
4866618.0,VARIOS,99999994,VALOR,0.0,2057737.3438912535,0.0,2057737.3438912535
4870226.0,INSUMOS VARIOS PARA LA CONSTRUCCIÓN,99999994,VALOR,0.0,4804809.455885316,0.0,4695999.455885316
4873998.0,MATERIALES,99999994,VALOR,0.0,2737910.0,0.0,2725096.0
4875023.0,INSUMOS VARIOS,99999994,VALOR,0.0,3975312.0,0.0,1740662.0
4880107.0,CARTON,32151002,UNIDAD,1123403.0,310913.0,1123403.0,310913.0
4880107.0,POLIPROPILENO,34790011,KILOGRAMO,1233385.0,12876537.0,1208717.0,12619006.0
4884863.0,INSUMOS VARIOS PARA LA CONSTRUCCIÓN,99999994,VALOR,0.0,701103.0,0.0,710078.0
4885806.0,INSUMOS PARA ELABORACION DE CERAMICA,99999994,VALOR,0.0,2869244.0,0.0,3045117.0
4888020.0,"REPUESTOS Y ACCESORIOS (FILTROS, LLANTAS,BOBINAS,CUCHILLAS,ACEITES)MAQUINARIA PESADA Y VEHICULOS",99999993,VALOR,0.0,2810136.0,0.0,2810176.0
4893104.0,VARIOS,99999994,VALOR,0.0,40956.0,0.0,40956.0
4897368.0,INSUMOS VARIOS,99999994,VALOR,0.0,4016342.0847231396,0.0,2527342.084723139
4904133.0,MADERAS,31330,PIE CUADRADO,71768.0,290673.0,71768.0,290673.0
4904133.0,PINTURA,35110,LITRO,10768.0,177677.0,10768.0,177677.0
4904133.0,MATERIAL HIDROSANITARIO,37210,UNIDAD,4450.0,222522.0,4450.0,222522.0
4904133.0,CERÁMICA,37370,METRO CUADRADO,5883.0,176505.0,5883.0,176505.0
4904133.0,CEMENTO,37440001,KILOGRAMO,573412.0,573412.0,573412.0,573412.0
4904133.0,FIERRO,41261005,BARRA,7727.0,347670.0,7727.0,347670.0
4904133.0,MATERIAL ELECTRICO,99999994,UNIDAD,2669.0,133450.0,2669.0,133450.0
4904133.0,OTROS,99999994,UNIDAD,340123.0,340123.0,340123.0,340123.0
4911759.0,INSUMOS Y MATERIALES PARA ENSEÑANZA PRÁCTICA,99999994,VALOR,0.0,2035861.0,0.0,2035861.0
4911759.0,MATERIAL EDUCATIVO,99999994,VALOR,0.0,40820.0,0.0,40820.0
4911759.0,MATERIAL DE LIMPIEZA,99999994,VALOR,0.0,289936.0,0.0,289936.0
4911759.0,MATERIALES PARA PRÁCTICAS,99999994,VALOR,0.0,1160649.0,0.0,1160649.0
4939803.0,ABARROTES,2,KILOGRAMO,26.0,7059565.0,26.0,7059565.0
4939967.0,AGREGADO,153,METRO CÚBICO,1228.0,98236.0,1228.0,98236.0
4939967.0,FACHADA DE VIDRIO,37112001,METRO CUADRADO,141.0,59304.0,141.0,59304.0
4939967.0,LADRILLO,37350002,PIEZA,125942.0,1584894.0,12942.0,1584894.0
4939967.0,CERAMICA Y REVESTIMIENTO,37370,METRO CUADRADO,6240.0,343220.0,6240.0,343220.0
4939967.0,CEMENTO,37440001,UNIDAD,30069.0,1653814.0,30069.0,1653814.0
4939967.0,HORMIGON,37510002,METRO CÚBICO,486.0,349145.0,486.0,349145.0
4939967.0,HIERRO,412,BARRA,15300.0,1499393.0,15300.0,1499393.0
4939967.0,CIELO FALSO,42190020,METRO CUADRADO,5489.0,356828.0,5489.0,356828.0
4939967.0,MATERIAL DE PLOMERIA,99999994,PIEZA,7600.0,1584894.0,7600.0,1584894.0
4939967.0,MATERIAL ELECTRICO,99999994,UNIDAD,9982.0,179676.0,9982.0,179676.0
4939967.0,OTROS MATETIALES,99999994,UNIDAD,3869.0,731421.0,3869.0,731421.0
4942140.0,MADERA,3110,OTROS,13818.0,466214.0,22300.580493078287,752413.0
4942140.0,VENESTA,31511002,UNIDAD,7280.0,708225.0,8602.0,836803.0
4942140.0,FONDO DE ACABADO,35110,LITRO,1068.0,41490.0,1125.0,37133.0
4942140.0,FONDO ACABADO MATE,35110,LITRO,407.0,22349.0,233.0,12586.0
4942140.0,TAPA POROS,35110011,LITRO,1512.0,58276.0,1261.0,42554.0
4942140.0,TINTE PARA MADERA,35110020,LITRO,1925.0,80367.0,1814.0,75377.0
4942140.0,TINTE MARTIN,35110020,LITRO,740.0,23873.0,651.0,20992.0
4942140.0,TINTE PARA MADERA AL SOLVENTE,35110020,LITRO,500.0,21054.0,422.0,17709.0
4942140.0,COLA,35420015,KILOGRAMO,6354.0,120341.0,5408.0,102434.0
4942140.0,COLA RIBECOLA,35420015,KILOGRAMO,1562.0,24457.0,1640.0,25696.0
4942140.0,FILM DE EMBALAJE,36490019,ROLLO,187.0,30019.0,184.0,26674.0
4942140.0,CINTA DE EMBALAJE,36920007,UNIDAD,2377.0,15084.0,2384.0,15114.0
4942140.0,OTROS MATERIALES,99999994,VALOR,0.0,553469.0,0.0,865556.0
4959155.0,INDUMENTARIA DEL PERSONAL,28236010,PIEZA,140.0,30800.0,125.0,27500.0
4959155.0,PLANILLAS,32700999,PIEZA,320.0,10240.0,96.0,3072.0
4959155.0,TABLETAS DE CLORO,34231005,UNIDAD,950.0,4617.0,820.0,3985.2
4959155.0,HIPOCLORITO DE SODIO,34240014,LITRO,1800.0,9900.0,1580.0,8690.0
4959155.0,SULFATO DE ALUMINIO,34240026,KILOGRAMO,1300.0,6110.0,900.0,4229.0
4959155.0,VENENO,3466,LITRO,24.0,8520.0,24.0,8520.0
4959155.0,BOBINAS,41211002,ROLLO,80.0,25600.0,72.0,23040.0
4959155.0,MATERIAL DE ESCRITORIO,99999994,UNIDAD,170.0,13600.0,120.0,9600.0
4959155.0,OTROS MATERIALES,99999994,VALOR,0.0,38017.0,0.0,30793.77
4976457.0,BARRAS DE ACERO,41241,VALOR,0.0,10183125.0,0.0,6008397.0
4984821.0,"AGREGADOS (ARENA, PIEDRA, BOLEADA,ETC)",153,METRO CÚBICO,8020.0,761899.0,8020.0,761899.0
4984821.0,PUERTAS Y MARCOS DE MADERA PREFABRICADOS (DIFERENTES MEDIDAS),31600,UNIDAD,698.0,695657.0,698.0,695657.0
4984821.0,"SANITARIOS, LAVAPLATOS Y ACCESORIOS",37210,VALOR,0.0,1100380.0,0.0,1133048.0
4984821.0,LADRILLO (HUECO Y/O GAMBOTE),37350,UNIDAD,566095.0,622606.0,566095.0,622606.0
4984821.0,PISOS Y REVESTIMIENTOS CERÁMICOS,37370,METRO CUADRADO,25834.0,1091145.0,23892.0,1047916.0
4984821.0,"CEMENTO GRIS, BLANCO Y COLA",37440,OTROS,46456.0,2240696.0,46456.0,2348437.0
4984821.0,VIGUETAS Y COMPLEMENTOS - CASETONES,37550004,VALOR,0.0,410897.0,0.0,410897.0
4984821.0,"FIERRO ESTRIADO, LISO, CUADRADO, ANGULARES Y PERFILES",41262,BARRA,32998.0,1189642.0,32998.0,1189642.0
4984821.0,MATERIAL E INSUMOS PARA INSTALACIONES ELÉCTRICAS,99999994,VALOR,0.0,1207698.0,0.0,1207698.0
4984821.0,MATERIAL E INSUMOS D INSTALACIONES DE PLOMERIA,99999994,VALOR,0.0,1536380.0,0.0,1536380.0
4984821.0,OTROS MATERIALES,99999994,VALOR,0.0,1047720.0,0.0,1090420.0
4985846.0,VARIOS,99999994,VALOR,0.0,2885418.0,0.0,2885418.0
5003886.0,VARIOS,99999994,VALOR,0.0,103976595.0,0.0,136353440.0
5006346.0,VARIOS,99999994,VALOR,0.0,0.0,0.0,87018.0
5006674.0,VARIOS,99999994,VALOR,0.0,0.0,0.0,1275867.0
5009544.0,MATERIAL DE CONSTRUCCIÓN,99999994,PIEZA,14105.0,202830.0,14105.0,202830.0
5009544.0,FERRETERIA,99999994,PIEZA,18821.0,50034.0,18821.0,50034.0
5009544.0,MATERIAL DE OFICINA,99999994,PIEZA,34.0,2398.0,34.0,2398.0
5009544.0,MATERIAL PLASTICO,99999994,PIEZA,31.0,2212.0,31.0,2212.0
5009544.0,EPP EQUIPO DE PROTECCION PERSONAL,99999994,PIEZA,1030.0,58540.0,1030.0,58540.0
5009544.0,OTROS MATERIALES,99999994,VALOR,0.0,29566544.0,0.0,8022932.0
5013521.0,MADERA,31330,OTROS,25990.0,467826.0,25990.0,467826.0
5013521.0,LADRILLOS,37350002,UNIDAD,771913.5,64326.0,779135.0,64326.0
5013521.0,YESO,37410,OTROS,37213.0,409348.0,37213.0,409348.0
5013521.0,CEMENTO,37440001,OTROS,18797.0,701739.0,18797.0,701739.0
5013521.0,VIGUETAS,37550004,PIE CUADRADO,3439.0,584783.0,3439.0,584783.0
5013521.0,FIERRO,41261005,KILOGRAMO,200497.0,701739.0,200497.0,701739.0
5013521.0,OTROS,99999994,VALOR,0.0,2918069.0,0.0,2918069.0
5022377.0,MADERA,31330,METRO CUADRADO,282744.0,1883076.0,314623.56276341627,2095393.9962449525
5022377.0,STIROPOR C-103,34720003,KILOGRAMO,265390.0,3516422.0,386372.41149854934,5119441.003755047
5032873.0,MATERIALES DE CONSTRUCCION,99999994,VALOR,0.0,139110.0,0.0,139110.0
5032873.0,OTROS MATERIALES,99999994,VALOR,0.0,4405958.0,0.0,4405958.0
5037588.0,PAPELERIA,32129,UNIDAD,1599765.0,2197436.0,1596544.0,2193011.0
5037588.0,PLACAS,32800002,UNIDAD,16800.0,237773.0,16800.0,237773.0
5037588.0,TINTAS,35130,UNIDAD,1466.0,156548.0,1463.0,156206.0
5037588.0,VINOS Y COPAS,99999993,UNIDAD,34064.0,202620.0,34064.0,202620.0
5037588.0,INSUMOS,99999994,UNIDAD,349982.0,144053.0,349865.0,144005.0
5037711.0,CABLES,46340001,METRO (LINEAL),50000.0,1584712.0,50000.0,1584712.0
5044148.0,ASFALTO CONVENCIONAL,15330000,TONELADA MÉTRICA,120000.0,843552.0,120000.0,843552.0
5044148.0,CEMENTO,37440001,UNIDAD,13440.0,676032.0,11760.0,591528.0
5044148.0,FIERRO CORRUGADO,41261005,OTROS,147.0,865400.0,136.0,799400.0
5044148.0,ALAMBRE DE AMARRE,42946002,QUINTAL,72.0,40620.0,57.0,31920.0
5050298.0,VARIOS,99999994,VALOR,0.0,717006.403684719,0.0,302712.403684719
5053209.0,VARIOS,99999994,VALOR,0.0,6245893.605586327,0.0,6245893.605586327
5060794.0,MATERIALES DE CONSTRUCCION,99999994,VALOR,0.0,5527704.0,0.0,2653908.0
5073832.0,PLASTOFORMO,34720003,PIEZA,31028.0,589527.0,25449.0,484259.0
5073832.0,PINTURA,35110,OTROS,1533.0,409300.0,976.0,349711.0
5073832.0,CERAMICA,37370,METRO CUADRADO,15076.0,1251277.0,14456.0,1200034.0
5073832.0,CEMENTO,37440001,PIEZA,45936.0,2457565.0,30445.0,1628797.0
5073832.0,BARRAS DE FIERRO,41261005,BARRA,25852.0,904823.0,22747.0,796528.0
5073832.0,VARIOS,99999994,VALOR,0.0,1525731.0,0.0,1519373.0
5087280.0,MADERA,31330,TONELADA MÉTRICA,22326.0,290242.0,22326.0,290242.0
5087280.0,LADRILLO,37350002,PIEZA,96764.0,290292.0,967422.0,290292.0
5087280.0,CEMENTO,37440001,UNIDAD,12093.0,725605.0,12093.0,725605.0
5087280.0,VIGUETA,37550004,TONELADA MÉTRICA,3317.0,580484.0,3317.0,580484.0
5087280.0,FIERRO,41261005,KILOGRAMO,38691.0,348222.0,38691.0,348222.0
5087280.0,OTROS,99999994,VALOR,0.0,667575.0,0.0,667575.0
5090191.0,PALLETS DE MADERA 1.2X0.90 MTR,39281001,PIEZA,105.0,3489.0,99.0,3285.0
5090191.0,CHATARRA ACERO INOX A,39340001,KILOGRAMO,14630.0,110187.0,13578.0,102262.0
5090191.0,CHATARRA ACEROS AL CARBON B,39340001,KILOGRAMO,2475.0,2690.0,50504.0,86870.0
5090191.0,CHATARRA ACEROS AL CARBON C,39340001,KILOGRAMO,2475.0,2690.0,95905.0,116304.0
5090191.0,CHATARRA ALTO CROMO B,39340002,KILOGRAMO,19678.0,40403.0,55101.0,102914.0
5090191.0,CHATARRA CROMO MOLIBDENO A,39340002,KILOGRAMO,3640.0,4131.0,145819.0,273873.0
5090191.0,CHATARRA FIERRO FUNDIDO A,39340003,KILOGRAMO,9760.0,18606.0,42973.0,146648.0
5090191.0,FERRO CROMO ALTO C. 62%,41113000,KILOGRAMO,4000.0,77212.0,3930.0,75861.0
5090191.0,FERRO CROMO BAJO C. 62%,41113000,KILOGRAMO,1000.0,27717.0,300.0,8315.0
5090191.0,SUNCHO METALICO DE 3/4P,41222002,METRO (LINEAL),500.0,579.0,320.0,413.0
5090191.0,SUNCHO METALICO DE 1/2P,41222002,METRO (LINEAL),500.0,535.0,900.0,1167.0
5090191.0,"NIQUEL ELECTROLITICO 99,9%",41422003,KILOGRAMO,500.0,51021.0,184.0,18775.728
5090191.0,GRAPAS DE 3/4 PARA SUNCHO,42995004,PIEZA,260.0,113.0,75.0,33.0
5090191.0,GRAPAS DE 1/2 PARA SUNCHO,42995004,PIEZA,600.0,113.0,800.0,143.0
5096956.0,VARIOS,99999994,VALOR,0.0,4413213.0,0.0,4413213.0
5102819.0,VARIOS,99999994,VALOR,0.0,11219456.65337012,0.0,11219456.65337012
5124180.0,CEMENTO,37440001,OTROS,5737.0,275383.0,5737.0,275383.0
5151076.0,BARBIJOS,27190004,OTROS,40.0,17564.0,40.0,17564.0
5151076.0,ALCOHOL,34131004,LITRO,497.0,99527.0,497.0,99527.0
5151076.0,MEDICAMENTOS,352,VALOR,0.0,762555.0,0.0,762555.0
5151076.0,GUANTES,36260004,OTROS,31.0,17564.0,31.0,17564.0
5151076.0,JERINGAS,48150005,OTROS,44.0,54155.0,44.0,54155.0
5151076.0,OTROS,99999994,VALOR,0.0,512272.0,0.0,512272.0
5160875.0,VARIOS,99999994,VALOR,0.0,1533274.0,0.0,1556944.0
5168337.0,POLIPROPILENO,34790011,KILOGRAMO,87151.0,1394416.0,81365.0,1301835.0
5171617.0,GUANTES ANTICORTES,28242002,UNIDAD,220.0,21120.0,516.0252781589433,49538.42670325855
5171617.0,CLORO,34231005,KILOGRAMO,1800.0,31320.0,4107.663905742832,71473.35195992528
5171617.0,SAPOLIO,35322001,KILOGRAMO,960.0,17280.0,2310.560946980343,41590.09704564617
5171617.0,DETERGENTE VQ30,35322999,LITRO,960.0,16560.0,2156.5235505149867,37200.03124638352
5171617.0,DESOXIDANTE,35499005,LITRO,580.0,27347.0,1283.6449705446348,60523.86036117953
5171617.0,DESENGRASANTE,35499022,KILOGRAMO,98.0,39200.0,231.0560946980343,92422.43787921371
5171617.0,LAMINA DE ACERO,41211001,PIEZA,51.0,32844.0,115.52804734901714,74400.06249276704
5171617.0,CUCHILLOS,42913001,UNIDAD,280.0,18200.0,595.6112663327107,38714.73231162619
5186295.0,MATERIALES VARIOS,99999994,VALOR,0.0,3022644.0,0.0,3022644.0
5186910.0,AGREGADOS,153,VALOR,0.0,8792.0,0.0,8792.0
5186910.0,MATERIAL DIRECTO,99999994,VALOR,0.0,1371787.0,0.0,1371787.0
5186910.0,MATERIALES INDIRECTOS,99999994,VALOR,0.0,2204897.0,0.0,2204897.0
5190846.0,VARIOS,99999994,VALOR,0.0,2927343.9179620314,0.0,2927343.9179620314
5192404.0,COSTANERA,31330,BARRA,12000.0,128412.0,12000.0,128412.0
5192404.0,TUBOS PVC,36320001,PIEZA,520.0,66929.0,520.0,66929.0
5192404.0,VIDRIO,37112001,OTROS,90.0,24430.0,90.0,24430.0
5192404.0,LADRILLO,37350002,UNIDAD,50000.0,90045.0,50000.0,90045.0
5192404.0,CERÁMICA,37370,METRO CUADRADO,8000.0,212976.0,8000.0,212976.0
5192404.0,CEMENTO,37440001,UNIDAD,80000.0,2897100.0,80000.0,2897100.0
5192404.0,FIERROS,41261005,BARRA,20000.0,1054440.0,20000.0,1054440.0
5192404.0,ANGULARES,41262001,BARRA,800.0,68208.0,800.0,68208.0
5192404.0,CALAMINA,42190015,METRO (LINEAL),5300.0,144555.0,5300.0,144555.0
5192404.0,CLAVO,42944001,KILOGRAMO,11300.0,87004.0,11300.0,87004.0
5192404.0,OTROS,99999994,VALOR,0.0,1554759.0,0.0,1517381.0
5197201.0,ARENA,15310,METRO CÚBICO,450.0,100350.0,450.0,100350.0
5197201.0,GRAVA,15320004,METRO CÚBICO,420.0,130200.0,420.0,130200.0
5197201.0,MADERA DE CONSTRUCCION,31330,PIE CUADRADO,15600.0,124800.0,15600.0,124800.0
5197201.0,LADRILLO,37350002,PIEZA,145000.0,159500.0,14500.0,159500.0
5197201.0,CEMENTO,37440001,OTROS,5500.0,319000.0,5500.0,319000.0
5197201.0,FIERRO CORRUGADO,41261005,TONELADA MÉTRICA,22.0,130900.0,22.0,130900.0
5197201.0,INSUMOS DE CONSTRUCCION,99999994,VALOR,0.0,99776.0,0.0,1729.0
5199087.0,INSUMOS VARIOS PARA LA CONSTRUCCIÓN,99999994,VALOR,0.0,6524689.0,0.0,2363638.0
5205852.0,ALMIDON DE PAPEL,23220002,KILOGRAMO,50950.0,507095.0,47827.0,467618.0
5205852.0,CARTON,32151002,KILOGRAMO,0.0,0.0,1598.0,767.0
5205852.0,TUBETE,32199010,KILOGRAMO,2821.0,70547.0,1681.0,45603.0
5205852.0,RODELAS,32199010,KILOGRAMO,593837.0,3143177.0,548687.0,2935063.0
5205852.0,QUIMIBASE 211,34740002,KILOGRAMO,7000.0,348348.0,8341.0,429660.0
5205852.0,RCHEN 25RTESINA,34740005,KILOGRAMO,10000.0,149640.0,12695.0,204318.0
5205852.0,CELULOSA FIBRA LARGA,34790001,KILOGRAMO,635880.0,2963320.0,750788.0,3497610.0
5205852.0,CELULOSA FIBRA CORTA,34790001,KILOGRAMO,7078425.0,28030141.0,6967563.0,26557050.0
5205852.0,QUIMILEASE 8080,35322002,KILOGRAMO,13500.0,373961.0,12961.0,361186.0
5205852.0,FRAGANCIA ENSUEÑO,35410999,KILOGRAMO,2000.0,255710.0,2776.0,361849.0
5205852.0,COLETO,35420999,KILOGRAMO,11000.0,167824.0,11080.0,165233.0
5205852.0,PRGAMENTO LA 1500,35420999,KILOGRAMO,14000.0,393960.0,14779.0,413101.0
5205852.0,EMPAQUE SERVILLETA PERLA INSTITUCIONAL,36410003,KILOGRAMO,18689.0,471024.0,11232.0,276396.0
5205852.0,EMPAQUE PERLITA EXTRA HOJA DOBLE,36410003,KILOGRAMO,9523.0,269498.0,9523.0,269498.0
5205852.0,EMPAQUE PERLITA EXTRA HOJA DOBLE 6 ROLLOS,36410003,KILOGRAMO,2892.0,81829.0,2892.0,81829.0
5205852.0,SOBRE EMPAQUE AD 20 SS,36410003,KILOGRAMO,7282.0,157042.0,7045.0,152318.0
5205852.0,SOBREEMPAQUE AD ECOMEGA,36410003,KILOGRAMO,10517.0,268390.0,10880.0,275810.0
5205852.0,EMPAQUE PERLITA HS 2,36410003,KILOGRAMO,2966.0,62907.0,11148.0,248965.0
5205852.0,EMPAQUE PERLITA EXTRA HOJA DOBLE,36410003,KILOGRAMO,68348.0,1447549.0,62810.0,1317919.0
5205852.0,EMPAQUE PERLITA EXTRA HOJA DOBLE 6 ROLLOS,36410003,KILOGRAMO,28099.0,596287.0,12906.0,26108.0
5205852.0,EMPAQUE PERLITA MEGA HOJA,36410003,KILOGRAMO,21983.0,465382.0,15611.0,320462.0
5205852.0,EMPAQUE PERLITA MEGA HOJA DOBLE 12 ROLLOS,36410003,KILOGRAMO,19596.0,414624.0,22196.0,473354.0
5205852.0,ARCHIVO,99999994,KILOGRAMO,0.0,0.0,549618.0,1665564.0
5205852.0,TRANSFERENCIA,99999994,KILOGRAMO,8000.0,331640.0,8911.0,373502.0
5206631.0,AGREGADOS,153,METRO CÚBICO,39097.0,2345807.0,19508.757870781523,1170518.9854614008
5206631.0,CEMENTO,37440001,KILOGRAMO,5056639.0,5612869.0,2523179.422742175,2800729.014538599
5221842.0,"TELA JEANS, KAKY Y OTROS",26,METRO (LINEAL),56625.0,1415630.0,45213.0,1130335.0
5221842.0,CUEROS,291,PIE CUADRADO,352361.0,4580702.0,281889.0,3664562.0
5221842.0,TRENSAS,29290011,PAR,57456.0,34474.0,68832.0,41299.0
5221842.0,PUNTERAS DE ACERO,29600012,PAR,57000.0,456000.0,51000.0,408000.0
5221842.0,PLANTAS,29600020,PAR,90000.0,2295000.0,80000.0,2040000.0
5221842.0,PALMILLA PARA PLANTILLA TERMINADO,29600999,METRO (LINEAL),750.0,52500.0,1912.0,133840.0
5221842.0,PEGAMENTOS,35420015,KILOGRAMO,10206.0,306180.0,9738.0,292140.0
5221842.0,HALOGENANTE,35420999,LITRO,600.0,18000.0,746.0,22380.0
5221842.0,OJALILLOS Y REMACHES,42944002,UNIDAD,73000.0,2920.0,1741000.0,69640.0
5226721.0,VARIOS,99999994,VALOR,0.0,2508480.7628425932,0.0,2508480.7628425932
5235454.0,PLASTOFORMO,36950021,KILOGRAMO,4923.0,52688.0,3234.0,34553.0
5235454.0,TEJA ONDULADA,37350001,PIEZA,87900.0,338748.0,57854.0,256357.0
5235454.0,LADRILLOS,37350002,PIEZA,279100.0,205801.0,235800.0,176389.0
5235454.0,REVESTIMIENTO CERAMICA,37370,METRO CUADRADO,8543.0,175865.0,8432.0,164684.0
5235454.0,PORCELANATO,37370006,METRO CUADRADO,596.0,30694.0,0.0,0.0
5235454.0,CEMENTO IP 30,37440001,OTROS,30683.0,1391010.0,13435.0,613478.0
5235454.0,CEMENTO ADHESIVO,37440010,OTROS,2011.0,42118.0,1937.0,37453.0
5235454.0,HORMIGON,37510002,METRO CÚBICO,91.0,77630.0,70.0,43848.0
5235454.0,VIGUETAS GRUESAS,37550004,METRO (LINEAL),2039.0,89130.0,1204.0,41560.0
5235454.0,FIERRO ESTRIADO,41261005,BARRA,16134.0,409503.0,8982.0,226153.0
5235454.0,VENTANAS DE ALUMINIO,42120003,PIEZA,60.0,31320.0,60.0,31320.0
5235454.0,OTROS,99999994,PIEZA,1500.0,173157.0,238.0,27425.0
5245417.0,MADERAS,31330,VALOR,0.0,18608.26,0.0,18608.26
5245417.0,BURLETES,36270999,VALOR,0.0,35161.92,0.0,35161.92
5245417.0,TANQUES DE AGUA,36950002,UNIDAD,1.0,9588.1,1.0,9588.1
5245417.0,VIDRIOS,37112001,VALOR,0.0,87645.89,0.0,87645.89
5245417.0,LADRILLOS,37350002,VALOR,0.0,105556.47,0.0,105556.47
5245417.0,REVESTIMIENTOS,37370,VALOR,0.0,6440.86,0.0,6440.86
5245417.0,"CERAMICAS, AZULEJOS Y PISOS",37370006,VALOR,0.0,590422.72,0.0,590422.72
5245417.0,AGLOMERANTES,374,VALOR,0.0,871824.62,0.0,871824.62
5245417.0,"FIERROS, ACEROS, ANGULARES, PERFILES",412,VALOR,0.0,320644.58,0.0,320644.58
5245417.0,CAÑERIAS Y TUBERIAS,41283,VALOR,0.0,130956.28,0.0,130956.28
5245417.0,CUBIERTAS,42190,VALOR,0.0,2856.38,0.0,2856.38
5245417.0,CALAMINAS,42190015,VALOR,0.0,102840.13,0.0,102840.13
5245417.0,CANALETAS,42190017,VALOR,0.0,5011.2,0.0,5011.2
5245417.0,"CLAVOS, TORNILLOS, BROCAS, ELECTRODOS, TARRAJAS, PERNOS",429,VALOR,0.0,31993.59,0.0,31993.59
5245417.0,DISCOS,42922003,VALOR,0.0,2817.77,0.0,2817.77
5245417.0,MALLAS,42943005,VALOR,0.0,7001.17,0.0,7001.17
5245417.0,ALAMBRES,42946003,VALOR,0.0,36053.93,0.0,36053.93
5245417.0,QUINCALLERIA,42992,VALOR,0.0,392.54,0.0,392.54
5245417.0,GRIFERIA,43240,VALOR,0.0,5275.96,0.0,5275.96
5245417.0,ACCESORIOS HIDRAÚLICOS,43240999,VALOR,0.0,28935.65,0.0,28935.65
5245417.0,"PINTURAS, ANTICORROSIVOS, BROCHAS, RODILLOS",99999993,VALOR,0.0,56808.26,0.0,56808.26
5245417.0,ACCESORIOS PLOMERIA Y ARTEFACTOS SANITARIOS,99999993,VALOR,0.0,92365.7,0.0,92365.7
5245417.0,"ACCESORIOS ELECTRICOS, CABLES, CINTAS",99999993,VALOR,0.0,22802.56,0.0,22802.56
5245417.0,"VIGAS GRUESAS, PLASTOFORMO",99999993,VALOR,0.0,87556.83,0.0,87556.83
5245417.0,MATERIAL PARA CARPINTERÍA DE ALUMINIO,99999994,VALOR,0.0,935.42,0.0,935.42
5245417.0,ACCESORIOS DE PLOMERIA,99999994,VALOR,0.0,8848.67,0.0,8848.67
5252592.0,OTROS MATERIALES,99999994,VALOR,0.0,121212.0,0.0,46252.0
5255216.0,VARIOS,99999994,VALOR,0.0,8396542.843702164,0.0,8396542.843702164
5255298.0,TEX PAPEL DE PROTECCION 18 GRS 1.65X1000 MTS,3212,METRO (LINEAL),24000.0,53550.0,22000.0,49087.0
5255298.0,ARCLAD ADHESIV. BRILL. BLANCO VBB75 -P1 1.52X50MTS,34730005,PIEZA,4200.0,78804.0,4150.0,77866.0
5255298.0,PINO VINIL TRANSPARENTE MATTE 1.52X50,35130005,METRO (LINEAL),1800.0,23318.0,1650.0,21375.0
5255298.0,TUBOS DE 40W,46510003,UNIDAD,1680.0,11076.0,1671.0,11017.0
5255298.0,LEDS RO3 MODULOS,46510999,UNIDAD,24000.0,130650.0,23000.0,125206.0
5255298.0,RACTANCIA DE 40W,46541003,UNIDAD,1680.0,25275.0,1660.0,24974.0
5255298.0,OTROS MATERIALES,99999994,VALOR,0.0,7258311.0,0.0,8193783.0
5262104.0,ALIMENTACION Y REFRIGERIO,63399999,UNIDAD,12000.0,10890.0,12000.0,10890.0
5273584.0,VARIOS,99999994,VALOR,0.0,4840714.0,0.0,6399830.0
5296872.0,MATERIALES DE CONSTRUCCIÓN EN GENERAL,99999994,VALOR,0.0,14686339.0,0.0,14686339.0
5307491.0,VARIOS,99999994,VALOR,0.0,8281753.0,0.0,8293103.0
5328606.0,INSUMOS,99999994,VALOR,0.0,2547698.0,0.0,0.0
5339881.0,CODO,36320008,PIEZA,235.0,2350.0,218.0,2180.0
5339881.0,CEMENTO,37440001,UNIDAD,6000.0,324000.0,5800.0,313200.0
5339881.0,FIERRO,41261005,PIEZA,360.0,52920.0,360.0,52920.0
5339881.0,CLAVOS,42944001,KILOGRAMO,500.0,5925.0,450.0,5332.5
5339881.0,ALAMBRE DE AMARRE,42946002,KILOGRAMO,1600.0,17600.0,1451.0,15961.0
5339881.0,CABLES,46340001,ROLLO,50.0,15740.0,47.0,14795.6
5339881.0,OTROS MATERIALES,99999994,VALOR,0.0,6711668.0,0.0,6896201.9
5340086.0,VARIOS,99999994,VALOR,0.0,3905750.0,0.0,3905750.0
5358290.0,AGREGADOS,153,METRO CÚBICO,5000.0,800000.0,5000.0,800000.0
5358290.0,CEMENTO,37440001,OTROS,30000.0,1500000.0,30000.0,1500000.0
5358290.0,FIERRO,41261005,TONELADA MÉTRICA,50.0,295800.0,50.0,295800.0
5372681.0,INSUMOS VARIOS,99999994,VALOR,0.0,42892315.0,0.0,44020242.0
5377150.0,"VARIOS MATERIALES DE CONSTRUCCION (HORMIGON, FIERRO, CEMENTO, PROFORMA, LADRILLOS)",99999993,VALOR,0.0,1003833.0,0.0,1003833.0
5377150.0,"INSUMOS DE OBRA FINA (GRIFERIA, PUERTAS, FOCOS)",99999993,VALOR,0.0,334611.0,0.0,334611.0
5377150.0,OTROS MATERIALES,99999994,VALOR,0.0,892296.0,0.0,892296.0
5400397.0,ARENA,15310,METRO CÚBICO,405.0,121343.0,405.0,121343.0
5400397.0,PIEDRA,15320002,METRO CÚBICO,202.0,121343.0,202.0,121343.0
5400397.0,GRAVA,15320004,METRO CÚBICO,405.0,121343.0,405.0,121343.0
5400397.0,MADERA,31330,PIE CUADRADO,9334.0,121343.0,9334.0,121343.0
5400397.0,PUERTA,31600003,UNIDAD,767.0,266956.0,767.0,266956.0
5400397.0,VIDRIOS,37112001,PIEZA,2022.0,121343.0,2022.0,121343.0
5400397.0,LADRILLO,37350002,PIEZA,40448.0,121343.0,40448.0,121343.0
5400397.0,CERAMICA,37370,METRO CUADRADO,48494.0,242687.0,48494.0,242687.0
5400397.0,CEMENTO,37440001,OTROS,14561.0,728060.0,14561.0,728060.0
5400397.0,FIERRO,41261005,TONELADA MÉTRICA,43.0,242687.0,43.0,242687.0
5400397.0,OTROS,99999994,VALOR,0.0,218420.0,0.0,218420.0
5403636.0,TRANSPARENTE 0.60 PVC,34710,VALOR,0.0,110166.0,0.0,110166.0
5403636.0,GEOEMEMBRANA DE PVC,36330002,METRO CUADRADO,23386.0,319732.0,23386.0,319732.0
5403636.0,TRANSPARENTE 0.50 PVC,36330002,METRO CUADRADO,397.0,6272.0,397.0,6272.0
5403636.0,TRANSPARENTE 0.60 PVC,36330002,METRO CUADRADO,40.0,720.0,40.0,720.0
5403636.0,MODULO HABITACIONAL METALICO,38702006,PIEZA,10.0,313658.0,10.0,313658.0
5405153.0,CANA DE AZUCAR,01802000,TONELADA MÉTRICA,1125277.0,181945459.0,1125277.0,181945459.0
5405153.0,OTROS MATERIALES,99999994,VALOR,0.0,13602334.0,0.0,13602334.0
5411590.0,PINTURA,35110,LITRO,8793.0,193453.0,0.0,0.0
5411590.0,PISOS LAMINADOS,36910005,METRO CUADRADO,2417.0,241723.0,0.0,0.0
5411590.0,PLASTOFORM,36950021,METRO CUADRADO,24677.0,592270.0,0.0,0.0
5411590.0,LADRILLO,37350002,PIEZA,252402.0,277643.0,252402.0,277643.0
5411590.0,CERAMICA,37370,METRO CUADRADO,4434.0,177364.0,0.0,0.0
5411590.0,CEMENTO,37440001,KILOGRAMO,1825570.0,2008127.0,1602795.0,1763074.5000000002
5411590.0,FIERRO,41261005,KILOGRAMO,192657.0,1213745.0,192657.0,1213745.0
5411590.0,PLOMERIA,99999994,UNIDAD,128109.0,128109.0,0.0,0.0
5411590.0,VARIOS,99999994,VALOR,0.0,586841.0,0.0,0.0
5428154.0,VINAGRE BLANCO,23994007,LITRO,4032.0,23520.0,4032.0,23520.0
5428154.0,ALCOHOL CEIBO,24110006,LITRO,2304.0,28800.0,2304.0,28800.0
5428154.0,FRANELA CHICA,27190001,UNIDAD,2880.0,9600.0,2880.0,9600.0
5428154.0,PAÑO OVER BLANCO,27190001,UNIDAD,1152.0,6720.0,1152.0,6720.0
5428154.0,PAÑO MISTER,27190001,UNIDAD,1728.0,6480.0,1728.0,6480.0
5428154.0,PAÑO OVER PLOMO,27190001,UNIDAD,1152.0,4800.0,1152.0,4800.0
5428154.0,BARBIJO,27190004,UNIDAD,36000.0,10800.0,36000.0,10800.0
5428154.0,CHULOS DESECHABLES,28243999,UNIDAD,9600.0,1920.0,9600.0,1920.0
5428154.0,PAPEL JUMBO NEUTRO 6X500,32193002,ROLLO,4320.0,126000.0,4320.0,126000.0
5428154.0,PAPEL HIGIENICO NACIONAL - CELESTE,32193002,ROLLO,23040.0,36000.0,23040.0,36000.0
5428154.0,PAPEL HIGIENICO GOLD,32193002,ROLLO,3456.0,10080.0,3456.0,10080.0
5428154.0,PAPEL TOALLA NEUTRO 6X200,32193004,ROLLO,8640.0,489600.0,8640.0,489600.0
5428154.0,PAPEL TOALLA NOVA,32193004,ROLLO,8064.0,43680.0,8064.0,43680.0
5428154.0,AIRFLEX CON PAPEL MADERA,32193004,UNIDAD,240.0,30000.0,240.0,30000.0
5428154.0,PAPEL TOALLA NEUTRO 6X100,32193004,ROLLO,864.0,25920.0,864.0,25920.0
5428154.0,CAL SODICA,34231022,KILOGRAMO,3000.0,2736.0,3000.0,2736.0
5428154.0,ASAP - 65,34662999,LITRO,288.0,25920.0,288.0,25920.0
5428154.0,SANIT T-10,34664001,LITRO,432.0,28080.0,432.0,28080.0
5428154.0,FIBRA DE ESPONJA,34790015,DOCENA,480.0,23040.0,480.0,23040.0
5428154.0,ESPONJA DOBLE CARA,34790015,UNIDAD,1728.0,2592.0,1728.0,2592.0
5428154.0,ACE DETERGENTE EN POLVO,35322001,KILOGRAMO,2880.0,61200.0,2880.0,61200.0
5428154.0,LAVANDINA X5,35322007,LITRO,17280.0,136800.0,17280.0,136800.0
5428154.0,CLOROSPAR,35322999,LITRO,432.0,42336.0,432.0,42336.0
5428154.0,SHAMPOO BRISTOL,35323001,LITRO,2880.0,20160.0,2880.0,20160.0
5428154.0,SHAMPOO ROMANCE,35323001,LITRO,1680.0,13440.0,1680.0,13440.0
5428154.0,AMBIENTADOR AMANCAY,35331003,UNIDAD,1728.0,15840.0,1728.0,15840.0
5428154.0,AMBIENTADOR   AROMATIC,35331003,LITRO,1200.0,9600.0,1200.0,9600.0
5428154.0,AMBIENTADOR LISTO,35331003,LITRO,1200.0,5520.0,1200.0,5520.0
5428154.0,PASTILLA PARA INODORO,35331004,UNIDAD,2304.0,8448.0,2304.0,8448.0
5428154.0,LIMPIA VIDRIOS,35333004,LITRO,720.0,7200.0,720.0,7200.0
5428154.0,LIMPIA VIDRIOS CON ATOMIZADOR,35333004,UNIDAD,288.0,2448.0,288.0,2448.0
5428154.0,LUSTRA MUEBLES,35333005,LITRO,192.0,1680.0,192.0,1680.0
5428154.0,CERA BLANCA,35333009,LITRO,1440.0,23040.0,1440.0,23040.0
5428154.0,GUANTE  LÁTEX,36260001,PAR,36000.0,28800.0,36000.0,28800.0
5428154.0,GUANTES DE GOMA,36260001,PAR,2880.0,22800.0,2880.0,22800.0
5428154.0,GOMA DOBLE CON PALO,36270030,UNIDAD,288.0,4896.0,288.0,4896.0
5428154.0,BOLSA ROJA CHINA,36410001,UNIDAD,144000.0,72000.0,144000.0,72000.0
5428154.0,BOLSA NEGRA CHINA,36410001,UNIDAD,144000.0,67680.0,144000.0,67680.0
5428154.0,BOLSA ROJA,36410001,UNIDAD,72000.0,21600.0,72000.0,21600.0
5428154.0,BOLSA AZUL,36410001,UNIDAD,144000.0,21600.0,144000.0,21600.0
5428154.0,BOLSA DE 140 LTS,36410001,UNIDAD,96000.0,16320.0,96000.0,16320.0
5428154.0,BOLSA NEGRA,36410001,UNIDAD,72000.0,14400.0,72000.0,14400.0
5428154.0,BOLSA ROJA 3MM PARA RESIDUOS BIOLOGICOS,36410001,KILOGRAMO,384.0,13440.0,384.0,13440.0
5428154.0,BALDE CON EXPRIMIDOR,36490013,UNIDAD,288.0,10080.0,288.0,10080.0
5428154.0,ALZA BASURA,36940018,UNIDAD,288.0,4320.0,288.0,4320.0
5428154.0,ESCOBILLON CON PALO LARGO,38993001,UNIDAD,288.0,8640.0,288.0,8640.0
5428154.0,ESCOBA CON PALO,38993001,UNIDAD,288.0,6624.0,288.0,6624.0
5428154.0,MOPA CON PALO,38993014,UNIDAD,576.0,15840.0,576.0,15840.0
5428154.0,MOPA SIN PALO,38993014,UNIDAD,576.0,15840.0,576.0,15840.0
5428154.0,PLUMEROS,38993999,UNIDAD,288.0,7200.0,288.0,7200.0
5428154.0,LIMPIA BAÑO,99999994,LITRO,576.0,5760.0,576.0,5760.0
5430204.0,PRECINTOS DE SEGURIDAD,36490999,PIEZA,60000.0,5880.0,58000.0,5684.0
5441356.0,INSUMOS VARIOS,99999994,VALOR,0.0,12765702.0,0.0,11965702.0
5444841.0,ACETILENO,34110003,KILOGRAMO,48.0,32400.0,49.548135520892316,33444.991476602314
5444841.0,OXIGENO,34210003,METRO CÚBICO,150.0,15000.0,154.8379235027885,15483.792350278849
5444841.0,PINTURA,35110,LITRO,1900.0,19950.0,1961.280364368654,20593.44382587087
5444841.0,CEMENTO,37440001,QUINTAL,3000.0,166500.0,3096.75847005577,171870.09508809523
5444841.0,DISCOS DE DESBASTE,37910001,PIEZA,280.0,8650.0,289.0307905385385,8928.986921994136
5444841.0,HIERRO,412,BARRA,10500.0,651000.0,10838.654645195193,671996.588002102
5444841.0,PLANCHAS,41212001,METRO CUADRADO,1400.0,421400.0,1445.1539526926927,434991.3397605005
5444841.0,ANGULARES,41262001,BARRA,350.0,73500.0,361.2884881731731,75870.58251636635
5444841.0,PERFILES,41262002,BARRA,500.0,455000.0,516.1264116759615,469675.03462512506
5444841.0,TUBOS,41283002,BARRA,6000.0,270000.0,6193.51694011154,278708.2623050193
5444841.0,CAÑERÍAS,41283005,BARRA,200.0,72200.0,206.45056467038467,74528.65384600886
5444841.0,PLATINO,41330003,BARRA,3000.0,75000.0,3096.75847005577,77418.96175139425
5444841.0,ALAMBRE DE AMARRE,42946002,QUINTAL,200.0,82000.0,206.45056467038464,84644.7315148577
5444841.0,ELECTRODOS,42950001,KILOGRAMO,3800.0,81598.0,3922.560728737308,84229.76587987023
5444841.0,RODAMIENTOS,43310001,PIEZA,700.0,73500.0,722.5769763463462,75870.58251636635
5444841.0,EJES,43320003,METRO (LINEAL),250.0,155000.0,258.06320583798083,159999.18761954812
5445620.0,EMBALAJES Y OTROS INSUMOS,99999994,UNIDAD,1304.0,2608.0,1304.0,2608.0
5449720.0,VARIOS,99999994,VALOR,0.0,5486.0,0.0,0.0
5454599.0,VARIOS,99999994,VALOR,0.0,867437.0,0.0,3000.0
5457018.0,ARIDOS,153,METRO CÚBICO,9940.0,1192757.0,9940.0,1192757.0
5457018.0,CEMENTO Y AGLOMERADOS,374,KILOGRAMO,454310.0,454310.0,454310.0,454310.0
5457018.0,CEMENTO ASFALTICO,37440009,KILOGRAMO,9961.0,119527.0,9961.0,119527.0
5457018.0,HORMIGON PREPARADO,37510002,METRO CÚBICO,15631.0,10160229.0,15631.0,10160229.0
5457018.0,ACERO Y ALAMBRE,412,BARRA,8998.0,1349709.0,8998.0,1349709.0
5463373.0,PAPEL BOND,32129001,KILOGRAMO,5399.0,48148.0,5341.0,47295.0
5463373.0,PAPEL SABANA 37CM,32129018,KILOGRAMO,14681.0,95575.0,14514.0,94419.0
5463373.0,PAPEL SABANA DE 74 CM CANADA,32129018,KILOGRAMO,87516.0,571014.0,86783.0,566117.0
5463373.0,SOLVENTE,34400999,LITRO,90.0,2229.0,80.0,1948.0
5463373.0,TINTAS,35130,KILOGRAMO,2425.0,67854.0,1985.0,49646.0
5463373.0,DESINCRUSTANTE,35499027,KILOGRAMO,40.0,1566.0,10.0,391.5
5463373.0,GOMA ARABICA,36920,LITRO,4.0,969.0,2.0,518.0
5463373.0,PLACAS 860*500*0.2,44922001,PIEZA,13417.0,700367.0,13213.0,689719.0
5463373.0,OTROS MATERIALES,99999994,VALOR,0.0,165619.0,0.0,165618.43
5463455.0,"MATERIALES(PAPELES, TINTA, TONNER, ETC)",99999993,VALOR,0.0,7323941.0,0.0,8823941.0
5467514.0,ALGODON,26160001,KILOGRAMO,39435.0,4125780.0,15835.0,1765775.0
5504578.0,CARTON BASE,32151002,VALOR,0.0,438745.0,0.0,438745.0
5504578.0,SEPARADOR PARA FONDO BANANO,32153001,UNIDAD,1.0,12309.0,1.0,12309.0
5504578.0,CARTON TAPAS,32199021,VALOR,0.0,313223.0,0.0,313223.0
5504578.0,CARPICOLA,35420015,VALOR,0.0,10300.0,0.0,10300.0
5504578.0,BOLSA DE EMPAQUE SELLADO,36410005,VALOR,0.0,78097.0,0.0,78097.0
5510236.0,LADRILLO CERAMICO DE 6 HUECOS,37350002,PIEZA,596000.0,596000.0,397400.0,397400.0
5510236.0,LADRILLO PAVIC PEATONAL,37350005,PIEZA,260000.0,327600.0,189700.0,239022.0
5510236.0,CERAMICA PISO IPANEMA GRIS 31*31,37370,METRO CUADRADO,4322.0,162075.0,1387.0,52013.0
5510236.0,CEMENTO ESTANDAR PORTALAND DE 50KG,37440001,PIEZA,8360.0,392920.0,6389.0,300283.0
5510236.0,CEMENTO ESTANDAR FANCESA DE 60KG,37440001,PIEZA,6126.0,300174.0,5179.0,253771.0
5510236.0,"FIERRO CORRUGADO DE 3/4"" 20.00MM",41261005,BARRA,1611.0,328644.0,1248.0,283356.0
5510236.0,"FIERRO CORRUGADO DE 3/8"" 9.50MM",41261005,BARRA,3902.0,180311.0,3522.0,162752.0
5510236.0,"FIERRO CORRUGADO DE 5/8""  16.00MM",41261005,BARRA,1331.0,169064.0,988.0,125496.0
5510236.0,"FIERRO CORRUGADO DE 1/2"" 12.00MM",41261005,BARRA,2339.0,167683.0,1920.0,137645.0
5510236.0,CALAMINA ZINCALUM ONDULADA 0.40MM * M.L.,42190015,METRO (LINEAL),6796.0,220870.0,4359.0,141700.0
5510236.0,OTROS MATERIALES,99999994,VALOR,0.0,9535632.0,0.0,9872029.0
5518764.0,PAPEL BOND,32129001,UNIDAD,4810.0,197210.0,2405.0,98605.0
5518764.0,CARTON GRIS,32136005,KILOGRAMO,104345.0,620209.98,62607.0,465157.48
5518764.0,PAPEL COUCHE,32143003,UNIDAD,10217.0,469982.0,7662.75,352486.5
5518764.0,TINTA,35130,UNIDAD,652.0,62754.89,391.2,37652.93
5518764.0,PLACA OFFSET TERMAL 785*1030,36330,UNIDAD,13260.0,415974.0,6630.0,207987.0
5518764.0,GOMA TERMAL DE 20 LTS.,36330,UNIDAD,5.0,522.0,0.0,0.0
5518764.0,ALAMBRE,42946003,KILOGRAMO,16941.0,8013.7,8470.5,6010.27
5518764.0,FILTROS DE PROCESADORAS,44922003,UNIDAD,0.0,0.0,0.0,0.0
5518764.0,COLA (POLVO 53) POLVO 25KGS BOLSA,99999994,KILOGRAMO,300.0,4175.0,625.0,1795.98
5518764.0,OTRAS MATERIAS PRIMAS,99999994,VALOR,0.0,10518943.3365103,0.0,11286741.7465103
5523438.0,OTROS MATERIALES,99999994,VALOR,0.0,5286399.0,0.0,5118111.0
5526267.0,"MATERIALES DE OBRA FINA (PINTURA, BARNIZ,SELLADOR, MASA CORRIDAY BRILLO)",35110,VALOR,0.0,374467.0,0.0,418379.1765468377
5526267.0,BATERIAS DE BAÑO,36930013,VALOR,0.0,249645.0,0.0,278919.8234531622
5526267.0,TEJAS,37350001,VALOR,0.0,124822.0,0.0,139459.35309367548
5526267.0,CEMENTO,37440001,VALOR,0.0,499290.0,0.0,557839.6469063244
5533360.0,MATERIALES DE CONSTRUCCION,99999994,VALOR,0.0,1965019.0,0.0,1881905.0
5538157.0,CEMENTO Y ESTUCO,374,OTROS,127.0,7002.0,127.0,7002.0
5538157.0,MATERIALES DE AIRE ACONDICIONADOS,43941002,UNIDAD,88.0,440180.0,88.0,440180.0
5538157.0,TRANSFORMADOR ELÉCTRICO,46121,VALOR,0.0,696.0,0.0,696.0
5538157.0,MATERIALES ELÉCTRICOS,99999994,METRO (LINEAL),7110.0,711033.0,7110.0,711033.0
5538157.0,OTROS MATERIALES,99999994,VALOR,0.0,1187133.0,0.0,590036.0
5539100.0,INSUMOS PARA RESTAURANT VERDURAS Y LEGUMBRES,012,VALOR,0.0,2060406.0,0.0,2060406.0
5539100.0,INSUMOS PARA LA HELADERIA,99999994,VALOR,0.0,6868015.0,0.0,6868015.0
5539100.0,INSUMOS PARA RESTAURANT,99999994,VALOR,0.0,3434006.0,0.0,2791798.0
5539100.0,OTROS  ENVASES Y EMBALAJES,99999994,VALOR,0.0,1373603.0,0.0,415443.0
5540084.0,ULEXITA,34270006,TONELADA MÉTRICA,26171.0,11387594.0,14685.0,7512923.0
5553081.0,MATERIAL ELÉCTRICO Y ACCESORIOS,99999994,VALOR,0.0,77213.0,0.0,54481.0
5556525.0,VARIOS,99999994,VALOR,0.0,0.0,0.0,795819.0
5573130.0,SOYA,01412000,KILOGRAMO,180000.0,835200.0,135000.0,626400.0
5573130.0,GRANILLO DE ARROZ,23161003,KILOGRAMO,16000.0,75840.0,12000.0,56880.0
5573130.0,CAJAS,32153004,UNIDAD,10000.0,32000.0,8000.0,25600.0
5573130.0,OTROS MATERIALES,99999994,VALOR,0.0,10890353.0919137,0.0,10453430.0919137
5583093.0,CARGAS MINERALES,16390,UNIDAD,27767.0,1246427.0,29718.0,1197105.0
5583093.0,PIGMENTOS,35110020,UNIDAD,2517.0,1366366.0,2564.0,1287699.0
5583093.0,EMBALAJES Y ACCESORIOS,99999993,UNIDAD,3038822.0,1562953.0,3902570.0,1099227.0
5583093.0,RESINAS Y ADITIVOS,99999993,UNIDAD,938.0,3875395.0,854.0,3427760.0
5583995.0,VARIOS,99999994,VALOR,0.0,2415.0,0.0,2415.0
5587972.0,HARINA,23110001,QUINTAL,21200.0,2858820.0,18644.0,2514143.0
5587972.0,EMBALAJES Y OTRAS MATERIAS PRIMAS,99999994,VALOR,0.0,7612.0,0.0,283539.0
5592687.0,VERDURAS,012,KILOGRAMO,79035.0,970734.0,74537.0,791164.0
5592687.0,POLLOS,21121000,PIEZA,181747.0,337402.0,181223.0,314061.0
5592687.0,FIAMBRES,21184,PIEZA,354883.0,133818.0,389045.0,695878.0
5592687.0,HAMBURGUESAS,21189002,PIEZA,666491.0,1765132.0,678003.0,1556940.0
5592687.0,PAN,23490001,PIEZA,496596.0,485040.0,496156.0,417068.0
5592687.0,GASEOSAS,24490001,LITRO,211946.0,1057005.0,210660.0,929338.0
5592687.0,ENVASES,99999994,PIEZA,1351108.0,401025.0,1242430.0,332397.0
5592687.0,INSUMOS,99999994,PIEZA,38170.0,162679.0,39446.0,162806.0
5592687.0,INSUMOS CAFETERIA,99999994,PIEZA,243820.0,152470.0,256671.0,146302.0
5592687.0,INSUMOS PARA HELADOS,99999994,LITRO,6245.0,98988.0,7211.0,97647.0
5592687.0,OTROS MATERIALES,99999994,VALOR,0.0,1236471.0,0.0,1353717.0
5593507.0,LLANTAS Y NEUMATICOS,36111000,VALOR,0.0,94524.0,0.0,215387.51884979475
5593507.0,ACCESORIOS Y REPUESTOS,4912,VALOR,0.0,200519.0,0.0,456913.4811502052
5596295.0,MATERIALES DE CONSTRUCCIÓN,99999994,VALOR,0.0,3588157.0,0.0,3588157.0
5600887.0,AGREGADOS,153,METRO CÚBICO,3600.0,540000.0,3600.0,540000.0
5600887.0,MADERA,31330,UNIDAD,1780.0,133500.0,1780.0,133500.0
5600887.0,DIESEL,33360000,LITRO,46000.0,172040.0,46000.0,172040.0
5600887.0,SISTEMA SANITARIO,36320,PIEZA,1396.0,86552.0,1396.0,86552.0
5600887.0,CUBIERTA TEJA,37350001,METRO CUADRADO,1800.0,180000.0,1800.0,180000.0
5600887.0,CERAMICA,37370,METRO CUADRADO,4024.0,120720.0,4024.0,120720.0
5600887.0,CEMENTO,37440001,UNIDAD,18750.0,897839.0,18750.0,897839.0
5600887.0,FIERRO ESTRIADO,41261005,BARRA,8050.0,1127000.0,8050.0,1127000.0
5600887.0,CUBIERTA CALAMINA,42190015,METRO CUADRADO,850.0,144500.0,850.0,144500.0
5600887.0,MATERIAL ELECTRICO,4621,PIEZA,1985.0,99250.0,1985.0,99250.0
5600887.0,OTROS,99999994,VALOR,0.0,868885.0,0.0,761090.0
5609538.0,RON BLANCO,24131008,UNIDAD,1920.0,109440.0,1200.0,68400.0
5609538.0,PACEÑA 1 LITRO,24310,UNIDAD,6600.0,93522.0,5500.0,77935.0
5609538.0,HUARI 620,24310001,UNIDAD,5400.0,65718.0,5000.0,60850.0
5609538.0,OTROS MATERIALES,99999994,VALOR,0.0,1136426.0,0.0,1113801.02
5616877.0,QUINUA REAL,01194002,KILOGRAMO,7886544.0,72324674.0,6891004.0,62785933.0
5616877.0,PALLETS,01913000,PIEZA,3609.0,533468.0,3325.0,493411.0
5616877.0,BIG BAGS,27150001,PIEZA,3541.0,434231.0,2504.0,371285.0
5616877.0,BOLSA DE PAPEL KRAFT,32152002,PIEZA,245525.0,1296308.0,242685.0,1295874.0
5616877.0,BOLSAS DE POLIPROPILENO,36410,PIEZA,60000.0,118000.0,45000.0,89800.0
5616877.0,OTROS,99999994,PIEZA,77066.0,754636.0,75106.0,703321.0
5620854.0,VARIOS,99999994,VALOR,0.0,2016135.5881195613,0.0,1531372.9881195612
5630202.0,VARIOS,99999994,VALOR,0.0,4837888.0,0.0,4348725.0
5631801.0,REPUESTOS VARIOS PARA MAQUINARIA,44461,VALOR,0.0,11319277.0,0.0,11319277.0
5636065.0,ULEXITA,34270006,TONELADA MÉTRICA,9229.0,3532890.0,9229.0,3532890.0
5637008.0,ARENILLA,15310002,PIE CÚBICO,2080.0,291200.0,2080.0,291200.0
5637008.0,RIPIO,15320,PIE CÚBICO,2773.0,720980.0,2773.0,720980.0
5637008.0,CEMENTO,37440001,KILOGRAMO,1213040.0,1213040.0,1213040.0,1213040.0
5637008.0,FIERRO,41261005,BARRA,3600.0,172800.0,3600.0,172800.0
5637008.0,OTROS MATERIALES,99999994,VALOR,0.0,3768087.0,0.0,4171930.0
5639181.0,VARIOS,99999994,VALOR,0.0,6721316.649848043,0.0,6721316.649848043
5642256.0,VARIOS,99999994,VALOR,0.0,100964.0,0.0,100964.0
5642338.0,BANDEJAS BLANCAS,42912021,OTROS,24000.0,34056.0,24000.0,34056.0
5646971.0,"COMPRA DE MATERIA PRIMARIA ( ALAMBRON, FILTRO DE VIDRIO, RECINA)",99999993,VALOR,0.0,6421596.0913268775,0.0,6421596.0913268775
5650702.0,VARIOS,99999994,VALOR,0.0,7864696.0,0.0,7864696.0
5671612.0,ESTUCO,37420004,UNIDAD,4.0,64.0,4.0,64.0
5671612.0,CEMENTO,37440001,UNIDAD,161.0,8364.0,161.0,8364.0
5671612.0,VIGUETAS PREFABRICADAS,37550004,PIEZA,543.0,81427.0,543.0,81427.0
5671612.0,FIERRO CORRUGADO,41261005,PIEZA,475.0,16616.0,475.0,16616.0
5671612.0,OTROS,99999994,VALOR,0.0,290055.0,0.0,290055.0
5692030.0,CABLE MODEMS,46320001,PIEZA,3500.0,365400.0,2275.0,237510.0
5692030.0,CABLE RG6,46320999,METRO (LINEAL),15675.0,339990.75,10189.0,220993.99
5692030.0,OLT,46360001,PIEZA,320.0,42806.4,208.0,27824.16
5692030.0,CABLE OPTICO FIBRA DROP,46360001,METRO (LINEAL),12500.0,635625.0,8125.0,413156.25
5692030.0,ONU,46360001,PIEZA,1557.0,208279.89,1012.0,135381.93
5692030.0,XFO EDFAS W1DBM 16WDM EDFA 16 SALIDAS,47223999,PIEZA,3000.0,327000.0,1950.0,212550.0
5692030.0,OPTICAL AMPLIFIER,47223999,PIEZA,3000.0,62640.0,1950.0,40716.0
5692030.0,OTROS INSUMOS,99999994,VALOR,0.0,1064957.33,0.0,692222.26
5694285.0,METAL O ACERO EN BARRA O PLANCHAS,41261004,KILOGRAMO,54.0,7494120.0,50.0,6902082.0
5701173.0,GRANOS,01,VALOR,0.0,4693259.0,0.0,4161984.6688056183
5701173.0,VERDURAS,012,VALOR,0.0,4693259.0,0.0,4161984.6688056183
5701173.0,FRUTAS,013,VALOR,0.0,4693259.0,0.0,4161984.6688056183
5701173.0,CARNES,211,KILOGRAMO,164675.0,6257678.0,146033.88079276367,5549312.300540457
5701173.0,ACEITES,21691009,VALOR,0.0,1564420.0,0.0,1387328.5185353898
5701173.0,LACTEOS,22,VALOR,0.0,3128839.0,0.0,2774656.1502702283
5701173.0,DETERGENTES,35322,VALOR,0.0,1564420.0,0.0,1387328.5185353898
5701173.0,"SERVICIOS (VASOS DESECHABLES, CUBIERTOS DESECHABLES, SERVILLETAS)",99999993,VALOR,0.0,4693259.0,0.0,4161984.6688056183
5701173.0,OTROS MATERIALES,99999994,VALOR,0.0,762673.0,0.0,676338.8368960646
5701911.0,LADILLO 18 HUECOS,37350002,UNIDAD,53000.0,48677.0,62799.61495391558,57677.299190787715
5701911.0,CEMENTO,37440001,UNIDAD,7553.0,363248.0,8987.281693501876,432227.20781162055
5701911.0,FIERRO ESTRIADO,41261005,BARRA,4401.0,190893.0,3343.3294253649583,145016.62894710133
5701911.0,CLAVO BELGO,42944001,KILOGRAMO,814.0,7735.0,601.1371762765995,5712.280170146802
5701911.0,ALAMBRE DE AMARRE,42946002,KILOGRAMO,1155.0,7533.0,1064.0142548515698,6939.583880343615
5709947.0,TRUCHA,04211001,UNIDAD,3116.0,119371.0,3136.0,119903.0
5709947.0,LANGOSTINOS,04351000,KILOGRAMO,205.0,24880.0,209.0,25407.0
5709947.0,OSTIONES,04421000,KILOGRAMO,126.0,47984.0,125.0,14657.0
5709947.0,CALAMAR PELADO,04461000,KILOGRAMO,63.0,3888.0,57.0,3517.0
5709947.0,CHURRASCO,211,KILOGRAMO,2496.0,128006.0,2636.0,134563.0
5709947.0,FILETE,211,KILOGRAMO,8376.0,482277.0,8671.0,499343.0
5709947.0,CABEZA DE LOMO,21111002,KILOGRAMO,531.0,23912.0,531.0,23912.0
5709947.0,CARNE MOLIDA,21111002,KILOGRAMO,416.0,13988.0,432.0,14541.0
5709947.0,CHULETA DE RES,21111002,KILOGRAMO,205.0,7387.0,205.0,7387.0
5709947.0,COSTILLA DE RES,21111002,KILOGRAMO,185.0,4719.0,186.0,4719.0
5709947.0,CHULETA DE CERDO,21113001,KILOGRAMO,780.0,23268.0,773.0,23159.0
5709947.0,ESPALDAR DE CORDERO,21115000,KILOGRAMO,100.0,3440.0,93.0,3190.0
5709947.0,FILETE DE LLAMA,21117000,KILOGRAMO,565.0,41571.0,540.0,39906.0
5709947.0,PECHUGA DE POLLO,21121000,KILOGRAMO,2061.0,53877.0,2060.0,53842.0
5709947.0,POLLO PARRILLERO,21121000,KILOGRAMO,1748.0,74978.0,1785.0,43985.0
5709947.0,RIÑONES,2115,KILOGRAMO,341.0,9015.0,356.0,9374.0
5709947.0,TRIPA,2115,KILOGRAMO,354.0,5793.0,367.0,6034.0
5709947.0,UBRE,21151011,KILOGRAMO,302.0,5552.0,313.0,5748.0
5709947.0,CHALONA,21182,KILOGRAMO,28.0,2617.0,26.0,2529.0
5709947.0,OTROS MATERIALES,99999994,VALOR,0.0,2381062.0,0.0,1978169.48
5717040.0,VERDURAS,012,KILOGRAMO,108030.87,1197734.87,118236.0,1310878.8264809866
5717040.0,POLLOS,21121000,PIEZA,156953.92,341912.27,63126.0,138793.0
5717040.0,FIAMBRES,21184,PIEZA,692937.85,216073.2,721611.0,182141.0
5717040.0,HAMBURGUESAS,21189002,PIEZA,1236240.3,3374490.62,1077931.0,2942363.2674870896
5717040.0,PAN,23490001,PIEZA,925904.0,629992.36,785565.0,534504.6012150288
5717040.0,GASEOSAS,24490001,LITRO,184811.06,976189.3,182449.0,963712.6782114663
5717040.0,ENVASES,32153007,PIEZA,2602759.0,645229.72,1956934.0,487851.0
5717040.0,INSUMOS,99999994,PIEZA,174398.62,1133284.76,159442.0,1036092.9960565056
5717040.0,INSUMOS CAFETERIA,99999994,PIEZA,57748.23,47124.97,19716.0,26303.0
5717040.0,INSUMOS PARA HELADOS,99999994,LITRO,3602.0,59760.0,2670.0,44297.39033870072
5717040.0,OTROS MATERIALES,99999994,VALOR,0.0,991595.0,0.0,2257962.0
5734506.0,CARNE,211,KILOGRAMO,30605.0,1530247.7,30605.0,1530247.7
5734506.0,CREMA DE LECHE,22120001,LITRO,33691.0,765123.85,33691.0,765123.85
5734506.0,HARINA,23110001,KILOGRAMO,637603.0,1912809.63,637603.0,1912809.63
5734506.0,AZUCAR,23520001,KILOGRAMO,604045.0,2295371.55,604045.0,2295371.55
5734506.0,CHOCOLATE GRANULADO,23650006,KILOGRAMO,57384.0,1147685.78,57384.0,1147685.78
5734506.0,OTROS MATERIALES,99999994,VALOR,0.0,7651238.49,0.0,7999181.49
5742337.0,CINTA DE EMBALAJE,36920007,UNIDAD,20.0,200.0,20.0,200.0
5762058.0,FRUTAS Y VERDURAS,01,VALOR,0.0,107196.0,0.0,107196.0
5762058.0,CARNES,211,VALOR,0.0,1166318.0,0.0,1166318.0
5762058.0,"ACEITE (OLIVA, FINO, HIDROGENADO)",21691009,VALOR,0.0,74463.0,0.0,74463.0
5762058.0,AZUCAR,23520001,KILOGRAMO,6773.0,34940.0,6773.0,34940.0
5762058.0,CHOCOLATE,236,VALOR,0.0,3527.0,0.0,3527.0
5762058.0,LICORES EN BOTELLA,24131015,OTROS,113466.0,564838.0,113466.0,564838.0
5762058.0,EMBASES Y EMBALAJES,99999994,VALOR,0.0,696862.0,0.0,696862.0
5762058.0,OTROS MATERIALES,99999994,VALOR,0.0,1348431.0,0.0,1348431.0
5775260.0,VARIOS,99999994,VALOR,0.0,30235147.0,0.0,31566522.0
5788052.0,HUEVOS,02311000,VALOR,0.0,204466.0,0.0,181741.0
5788052.0,POLLO/CARNE,211,VALOR,0.0,583070.0,0.0,518266.0
5788052.0,ACEITE,21691009,VALOR,0.0,2532473.0,0.0,2251007.0
5788052.0,LACTEOS,22,VALOR,0.0,6818903.0,0.0,6061031.0
5788052.0,HELADO,22270,VALOR,0.0,205333.0,0.0,182512.0
5788052.0,HARINA,23110001,VALOR,0.0,4114754.0,0.0,3657429.0
5788052.0,AZUCAR,23520001,VALOR,0.0,2455922.0,0.0,2182964.0
5788052.0,CAFÉ/CHOCOLATE,2391,VALOR,0.0,228667.0,0.0,203252.0
5788052.0,OTROS INSUMOS,99999994,VALOR,0.0,6147375.0,0.0,5464139.0
5788093.0,ARCILLA AMARILLA,15400999,METRO CÚBICO,16710.0,486784.0,16292.0,454593.0
5788093.0,ARCILLA PLOMA,15400999,METRO CÚBICO,23145.0,740590.0,14812.0,486391.0
5788093.0,ARCILLA NEGRA,15400999,METRO CÚBICO,0.0,0.0,1149.0,31991.0
5788093.0,ARCILLA USPHA,15400999,METRO CÚBICO,5190.0,175705.0,5155.0,174502.0
5788093.0,ARCILLA RECICLADA,15400999,METRO CÚBICO,590.0,307.0,0.0,0.0
5799286.0,"ENVASES, EMBALAJES y OTROS INSUMOS",99999994,VALOR,0.0,1366.0,0.0,1366.0
5813472.0,ARENA,15310,METRO CÚBICO,6103.0,671424.0,6103.0,671424.0
5813472.0,MADERA,31330,PIE CUADRADO,112037.0,358519.58,112037.0,358519.58
5813472.0,PLASTOFORMO,36950021,UNIDAD,5928.0,681664.39,5928.0,681664.39
5813472.0,LADRILLO,37350002,UNIDAD,714011.0,642610.59,714011.0,642610.59
5813472.0,CERAMICA,37370,METRO CUADRADO,20523.0,861986.2,20523.0,861986.2
5813472.0,YESO,37410,QUINTAL,5260.0,210415.0,5260.0,210415.0
5813472.0,CEMENTO,37440001,UNIDAD,28950.0,1520084.0,28950.0,1520084.0
5813472.0,CEMENTO COLA,37440010,QUINTAL,5258.0,115667.0,5258.0,115667.0
5813472.0,HORMIGON,37510002,METRO CÚBICO,8512.0,6299145.0,8512.0,6299145.0
5813472.0,FIERRO,41261005,TONELADA MÉTRICA,531.0,3032966.67,531.0,3032966.67
5813472.0,TUBOS,41283002,TONELADA MÉTRICA,13.75,78469.21,13.75,78469.21
5813472.0,OTROS MATERIALES,99999994,VALOR,0.0,6077048.359999999,0.0,6077048.359999999
5814456.0,AGREGADOS,153,TONELADA MÉTRICA,2718.0,109469.2,3321.7,120410.8
5814456.0,ARCILLA,15400,TONELADA MÉTRICA,24462.0,985222.8,29895.3,1083697.2
5814456.0,CAOLIN,15400003,KILOGRAMO,243506.34,2240946.84,240084.9,2208781.3
5814456.0,FELDESPATO,16390012,KILOGRAMO,110684.7,1018612.2,109129.5,1003991.5
5814456.0,CAJAS,32153004,PIEZA,1019096.0,11310544.0,901855.0,9788112.0
5814456.0,ESMALTES,35110003,KILOGRAMO,276711.75,2546530.5,272823.75,2509978.75
5814456.0,COLA,35420015,OTROS,391.0,391220.0,630.0,735649.4
5814456.0,ABSORBENTES,35499026,KILOGRAMO,116218.94,1069542.81,114585.98,1054191.08
5814456.0,SUNCHO,36490023,OTROS,3912.0,1369270.0,7356.0,2574772.9
5814456.0,GRAMPAS,42995004,OTROS,558.0,195610.0,1226.0,367824.7
5814456.0,FRITAS,99999994,KILOGRAMO,221369.4,2037224.4,218259.0,2007983.0
5814456.0,DEFLIX,99999994,KILOGRAMO,138355.88,1273265.25,136411.88,1254989.38
5824255.0,VARIOS,99999994,VALOR,0.0,3642831.8345963205,0.0,3642831.8345963205
5833234.0,"MEDICAMENTOS,SUMINISTROS Y ACCESORIOS",99999994,VALOR,0.0,578859.0,0.0,578859.0
5838277.0,PRODUCTOS CARNICOS,211,KILOGRAMO,21200.0,1060799.0,21200.0,1060799.0
5838277.0,CERDO CRECIMIENTO,21113001,QUINTAL,243.0,24262.0,241.0,24051.0
5838277.0,ACEITE,21691009,OTROS,3882.0,679347.0,3848.0,673442.0
5838277.0,ACEITE ENVASES CHICOS,21691009,OTROS,6066.0,515576.0,6013.0,511094.0
5838277.0,ACEITE DE 2LTS,21691009,OTROS,1456.0,141207.0,1443.0,139980.0
5838277.0,LATA MANTECA PAMAL,21700003,OTROS,970.0,121312.0,962.0,120257.0
5838277.0,FIDEOS - HARINAS,23,OTROS,5144.0,257181.0,5099.0,254946.0
5838277.0,ARROZ BRILLANTE 30*1KG,23161004,KILOGRAMO,393.0,78610.0,390.0,77927.0
5838277.0,GALLETA REX,23410001,UNIDAD,267.0,55779.0,265.0,55294.0
5838277.0,GALLETA CHOCOSODA,23410015,UNIDAD,121.0,26689.0,120.0,26457.0
5838277.0,WAFER MABEL CHOCOLATE,23420008,UNIDAD,485.0,33482.0,481.0,33191.0
5838277.0,AZUCAR,23520001,QUINTAL,6573.0,1150195.0,6515.0,1140197.0
5838277.0,AZUCAR FRACCIONADA,23520001,KILOGRAMO,485.0,11161.0,481.0,11064.0
5838277.0,QQ AZUAR AGRANEL SAN AURELIO,23520001,QUINTAL,364.0,69148.0,361.0,68547.0
5838277.0,CAFE CORRIENTE 1/4,2391,UNIDAD,728.0,26931.0,722.0,26697.0
5838277.0,PAQUETES DE TE,23913002,UNIDAD,19.0,1106.0,18.0,1097.0
5838277.0,CAMPESINO YERBA MATE HIERBAS NATURALES 10*500G,23914001,UNIDAD,534.0,8514.0,529.0,8440.0
5838277.0,CAMPESINO YERBA MATE/BOLDO 10*500G,23914004,UNIDAD,485.0,7740.0,481.0,7672.0
5838277.0,CAMPESINO YERBA MATE/LIMON 10*500G,23914999,UNIDAD,485.0,7740.0,481.0,7672.0
5838277.0,CAMPESINO YERBA MATE REFRESCANTE 10*500G,23914999,UNIDAD,534.0,8514.0,529.0,8440.0
5838277.0,CAMPESINO YERBA MATE ADELGAANTE 10*500G,23914999,UNIDAD,534.0,8514.0,529.0,8440.0
5838277.0,KETCHUP KRIS 410G,23995002,GRAMO,1669.0,11685.0,1655.0,11583.0
5838277.0,MOSTAZA KRIS 400G,23995003,GRAMO,970.0,6793.0,962.0,6734.0
5838277.0,MAYONESA KRIS 380 ML,23995004,MILILITRO,1669.0,15858.0,1655.0,15720.0
5838277.0,AGUA VILLA SANTA DE 20 LTS,24410003,UNIDAD,252.0,3533.0,250.0,3502.0
5838277.0,OLA JABON LIMP TOT MIX 50*220G,35321,UNIDAD,1553.0,198757.0,1539.0,197030.0
5838277.0,OLA LAVA VAJILLAS BRILLO  12*1050ML,35322002,UNIDAD,1698.0,263247.0,1684.0,260959.0
5838277.0,OLA MAXIMUS ANTIGRASA ORIG 12*850ML,35322002,UNIDAD,1068.0,208171.0,1058.0,206362.0
5838277.0,LAVANDINA 1LTS,35322007,LITRO,728.0,5095.0,722.0,5051.0
5838277.0,BOLSA11*23VERDE BELEN,36410001,UNIDAD,485.0,70361.0,481.0,69749.0
5838277.0,SALVADO NATURAL P6*100G,39120002,KILOGRAMO,121.0,13951.0,120.0,13830.0
5839548.0,VARIOS,99999994,VALOR,0.0,824104.0920787463,0.0,767325.0920787463
5854472.0,"ACCESORIOS, MATERIAL DE FERRETERIA, ELECTRICO, MOTORES, NEUMATICA, INSUMOS",99999993,PIEZA,11645.0,284460.0,11645.0,284460.0
5857342.0,INSUMOS VARIOS PARA LA CONSTRUCCIÓN,99999994,VALOR,0.0,285828.0,0.0,3036560.0
5862631.0,PINTURA,35110,UNIDAD,4.0,10000.0,4.0,10000.0
5862631.0,CERAMICA,37370,UNIDAD,15000.0,19500.0,15000.0,19500.0
5862631.0,CEMENTO,37440001,UNIDAD,2500.0,125000.0,2500.0,125000.0
5862631.0,FIERRO DE CONSTRUCCION,41261005,TONELADA MÉTRICA,30.0,167040.0,30.0,167040.0
5862631.0,PERFIL DE ALUMINIO,41532003,METRO (LINEAL),600.0,15000.0,600.0,15000.0
5866895.0,ACEITE CRUDO DE SOYA,21611000,LITRO,10456122.58,56421342.0,8754171.69,47237598.0
5866895.0,OTROS MATERIALES,99999994,VALOR,0.0,5208361.0,0.0,4360592.187914955
5870626.0,RIPIO,15320,METRO CÚBICO,1160.0,253412.0,986.0,215400.0
5870626.0,TUBERIAS,36320001,UNIDAD,6788.0,1524476.0,5770.0,1295805.0
5870626.0,ACCESORIO PVC,36320017,UNIDAD,3400.0,210296.0,2788.0,172443.0
5870626.0,CEMENTO,37440001,UNIDAD,12400.0,485460.0,10788.0,422350.0
5870626.0,OTROS MATERIALES,99999994,PIEZA,720.0,824548.0,432.0,420059.0
5872430.0,JUGO DEL VALLE 250 ML,21439001,UNIDAD,113.0,692.0,111.0,679.0
5872430.0,CERVEZA HUARITA,24310001,UNIDAD,380.0,3367.0,285.0,2525.0
5872430.0,COCA COLA 500 ML,24490001,UNIDAD,290.0,1212.0,218.0,911.0
5872430.0,TOHALLAS DE MANO,27120007,UNIDAD,330.0,54450.0,215.0,35393.0
5872430.0,AMENITIES,3532,UNIDAD,930.0,24341.0,791.0,20703.0
5872430.0,OTROS,99999994,VALOR,0.0,1604612.0,0.0,1628463.0
5876981.0,METERIA,99999994,VALOR,0.0,3408459.7341686576,0.0,3408459.7341686576
5878334.0,"ENVASES, EMBALAJES y OTROS INSUMOS",99999994,VALOR,0.0,11087.0,0.0,11087.0
5879154.0,INSUMOS VARIOS PARA LA CONSTRUCCIÓN,99999994,VALOR,0.0,11428348.0,0.0,11428348.0
5885017.0,VARIOS,99999994,VALOR,0.0,2519546.881648484,0.0,2519546.881648484
5892930.0,PAPELERIA DE LA EMPRESA,32129001,VALOR,0.0,16539.0,0.0,16539.0
5899039.0,OTROS MATERIALES,99999994,VALOR,0.0,4758165.0,0.0,4404307.0
5903344.0,CUEROS,02951,PIE CUADRADO,25833.0,6070790.0,19392.0,4557091.0
5904164.0,OTROS MATERIALES,99999994,VALOR,0.0,1604384.842792709,0.0,1475055.842792709
5910888.0,ARENA,15310,METRO CÚBICO,50.0,3750.0,50.0,3750.0
5910888.0,ASFALTO FRIO EMBOLSADO,15330000,TONELADA MÉTRICA,95.0,171000.0,95.0,171000.0
5910888.0,CEMENTO ESTANDAR,37440001,UNIDAD,92.0,4922.0,92.0,4922.0
5910888.0,CEMENTO ASFALTICO PEN 85/100,37440009,TONELADA MÉTRICA,30.0,187920.0,30.0,187920.0
5910888.0,MEZCLA ASFALTICA CALIENTE,37940001,METRO CÚBICO,150.0,352500.0,150.0,352500.0
5910888.0,BARRAS FIERRO 3/8,41261004,PIEZA,95.0,3895.0,95.0,3805.0
5910888.0,BARRA FIERRO 1/4,41261004,PIEZA,115.0,1897.0,115.0,1897.0
5910888.0,FIERRO CORRUGADO 3/8,41261005,BARRA,540.0,3121.0,540.0,3121.0
5910888.0,TUBOS 5/8,41283002,PIEZA,50.0,157.0,50.0,157.0
5910888.0,GUARDAVIAS Y ACCESORIOS,42190999,PIEZA,30.0,8145.0,20.0,5430.0
5910888.0,BARRENOS,42921001,PIEZA,9.0,13482.0,9.0,13482.0
5910888.0,OTROS MATERIALES,99999994,VALOR,0.0,0.0,0.0,363764.0
5912897.0,VARIOS,99999994,VALOR,0.0,3102981.17790386,0.0,3102981.17790386
5915685.0,ARENILLA,15310002,METRO CÚBICO,11206.193969030155,1008557.457212714,11206.193969030155,1008557.457212714
5915685.0,RIPIO,15320,METRO CÚBICO,9636.477859277371,1782803.5859820703,9636.477859277371,1782803.5859820703
5915685.0,SIKA,35499026,KILOGRAMO,55012.22493887531,38508.557457212715,55012.22493887531,38508.557457212715
5915685.0,CEMENTO,37440001,KILOGRAMO,5170130.399348004,5170130.399348004,5170130.399348004,5170130.399348004
5935160.0,VARIOS,99999994,VALOR,0.0,0.0,0.0,96642.0
5935570.0,ETIQUETAS,32197002,UNIDAD,38000.0,9500.0,38000.0,9500.0
5935570.0,ENVASES,36490001,UNIDAD,10000.0,240000.0,10000.0,240000.0
5935570.0,TAPA PLASTICAS,36490006,UNIDAD,38000.0,11400.0,38000.0,11400.0
5935570.0,OTROS,99999994,VALOR,0.0,684.0,0.0,684.0
5937169.0,"ENVASES, EMBALAJES y OTROS INSUMOS",99999994,VALOR,0.0,500.0,0.0,500.0
5939875.0,VARIOS,99999994,VALOR,0.0,1435850.1901136518,0.0,1435850.1901136518
5949428.0,MATERIALES DE CONSTRUCCION,99999994,VALOR,0.0,4029664.0,0.0,4029664.0
5949428.0,MATERIALES DE INSTALACION,99999994,VALOR,0.0,638097.0,0.0,638097.0
5952134.0,FRUTAS VARIAS,013,VALOR,0.0,27340.0,0.0,27340.0
5952134.0,JAMON,21181003,UNIDAD,17808.0,9267.0,17808.0,9267.0
5952134.0,QUESO,22251001,UNIDAD,4032.0,22166.0,4032.0,22166.0
5952134.0,PAN,23490001,UNIDAD,9600.0,3924.0,9600.0,3924.0
5952134.0,JABONCILLO,35321005,UNIDAD,14325.0,17200.0,14325.0,17200.0
5952134.0,SHAMPOO,35323001,UNIDAD,14325.0,17200.0,14325.0,17200.0
5958325.0,VARIOS,99999994,VALOR,0.0,0.0,0.0,1522161.0
5962589.0,"ENVASES, EMBALAJES y OTROS INSUMOS",99999994,VALOR,0.0,808.0,0.0,808.0
5963614.0,MADERA ASERRADA,3110,OTROS,861253.0,5994323.0,935253.6922191213,6509368.0
5968616.0,VARIOS,99999994,VALOR,0.0,4597562.0,0.0,4597562.0
5970625.0,LUBRICANTES,33380000,LITRO,8659.0,476239.0,8659.0,476239.0
5970625.0,REPUESTOS Y ACCESORIOS,4912,PIEZA,2424.0,727074.0,2424.0,727074.0
5970707.0,ENVASES  PLASTICOS,36490001,VALOR,0.0,91605.0,0.0,91605.0
5975914.0,VARIOS,99999994,VALOR,0.0,4404606.0,0.0,4404606.0
5978415.0,INVENTARIO DE BEBIDAS ALCOHÓLICAS,241,LITRO,4350.0,89985.0,5075.0,101500.0
5978415.0,INVENTARIO DE BEBIDAS NO ALCOHÓLICAS,244,LITRO,7460.0,112015.0,10251.0,174821.0
5978415.0,INVENTARIO DE PRODUCTOS COCINA,99999994,KILOGRAMO,15251.0,410092.0,15899.022090165134,427517.0
6000063.0,VARIOS,99999994,VALOR,0.0,11505394.563903593,0.0,11505394.563903593
6013470.0,AGREGADOS,153,METRO CÚBICO,6014.0,709653.0,6014.0,6014.0
6013470.0,LADRILLOS,37350002,UNIDAD,295689.0,354826.0,295689.0,354826.0
6013470.0,CERAMICA,37370,METRO CUADRADO,2534.0,177413.0,2534.0,177413.0
6013470.0,CEMENTO,37440001,UNIDAD,16128.0,887067.0,16128.0,887067.0
6013470.0,FIERRO,41261005,VALOR,0.0,1064480.0,0.0,1450867.0
6013470.0,VARIOS,99999994,VALOR,0.0,354826.0,0.0,354826.0
6018759.0,TINNER A GRANEL PARA LAVADO,33390001,LITRO,74.0,863.04,66.0,769.74
6018759.0,PINTURA SPRAY VARIOS COLORES,35110,PIEZA,138.0,2149.32,132.0,2055.87
6018759.0,PINTURA EPOXI ALUMINIO,35110004,LITRO,0.0,0.0,26.0,1885.26
6018759.0,ADHESIVO 14 KILOGRAMOS,36920,KILOGRAMO,168.0,5950.8,144.0,5100.69
6018759.0,CINTA PARA EMBALAJE,36920007,PIEZA,975.0,6495.21,941.0,6268.71
6018759.0,TUBO 30 X 60 X 1.6,41283002,METRO CÚBICO,600.0,8427.45,300.0,4213.72
6018759.0,TUBO 30 X 60 X 2,41283004,METRO (LINEAL),300.0,6525.0,300.0,6525.0
6018759.0,TORNILLO CHIP BOARD PUP ATL,42944006,PIEZA,0.0,0.0,25.0,21.71
6018759.0,GRAMPA METALICA 84/13,42995004,PIEZA,68.0,5829.0,85.0,7286.25
6018759.0,GRAMPA METALICA 80/11,42995004,PIEZA,41.0,3693.18,36.0,3242.79
6028845.0,PAI-PLIEGOS,32142005,OTROS,5000.0,89230.0,3980.0,56231.0
6028845.0,PAPEL COUCHE -PLIEGO,32143003,OTROS,601000.0,906662.0,366800.0,553351.0
6028845.0,TINTA,35130,KILOGRAMO,230.0,12554.0,156.0,8928.0
6028845.0,OTROS MATERIALES,99999994,VALOR,0.0,62821.0,0.0,38529.99239423826
6028927.0,VARIOS,99999994,VALOR,0.0,12431777.0,0.0,9988608.0
6032699.0,MADERA EN TROZAS DIFERENTES ESPECIES,031,METRO CÚBICO,20923.0,4631948.0,16254.0,3520368.0
6033396.0,MADERA,31330,PIE CÚBICO,10474.0,136160.0,10474.0,136160.0
6033396.0,TANQUES,36950001,PIEZA,136.0,81695.0,136.0,81695.0
6033396.0,JUEGOS DE BAÑO,37210,PIEZA,163.0,81696.0,163.0,81696.0
6033396.0,LADRILLO,37350002,PIEZA,204240.0,408480.0,204240.0,408480.0
6033396.0,CERAMICA,37370,METRO CUADRADO,6052.0,272320.0,6052.0,272320.0
6033396.0,ESTUCO,37420004,KILOGRAMO,272320.0,217856.0,272320.0,217856.0
6033396.0,CEMENTO,37440001,UNIDAD,13616.0,816959.0,13616.0,816959.0
6033396.0,FIERRO DE CONSTRUCCION,41261005,KILOGRAMO,24206.0,217856.0,24206.0,217856.0
6033396.0,CALAMINA,42190015,METRO (LINEAL),3404.0,136160.0,3404.0,136160.0
6033396.0,MALLAS,42943005,METRO CÚBICO,5446.0,54464.0,5446.0,54464.0
6033396.0,CLAVOS,42944001,KILOGRAMO,4190.0,54464.0,4190.0,54464.0
6033396.0,OTROS,99999994,VALOR,0.0,245088.0,0.0,245088.0
6053322.0,VARIOS,99999994,VALOR,0.0,2524704.0,0.0,2454119.0
6057832.0,ARCILLA,15400,TONELADA MÉTRICA,93020.0,539516.0,80927.4,420822.48
6067918.0,CABLE DE FIBRA OPTICA 24 HILO,46360001,METRO (LINEAL),19000.0,219241.0,77939.58820359867,899344.908281325
6067918.0,CABLE DE FIBRA OPTICA 6 HILOS,46360001,METRO (LINEAL),35000.0,182700.0,143572.92563820808,749450.6718314461
6067918.0,CABLE DE RED STP,46360003,UNIDAD,356.0,69457.0,1460.3417579200593,284918.4198872291
6071895.0,INSUMOS MÉDICOS,99999994,VALOR,0.0,6918336.0,0.0,6018923.0
6079685.0,VARIOS,99999994,VALOR,0.0,2173063.522339355,0.0,2173063.522339355
6107442.0,CIRUELA,01346001,KILOGRAMO,1410.0,47636.85,1204.0,40823.55
6107442.0,HARINA FAMOSA,23110001,KILOGRAMO,5000.0,17478.3,3961.28,13815.84
6107442.0,OTRAS MATERIAS PRIMAS,99999994,VALOR,0.0,4360106.85,0.0,4370582.61
6108057.0,RADIO ISOTOS (RADIACTIVOS),33690002,UNIDAD,36.0,180000.0,36.0,180000.0
6108057.0,MEDICAMENTOS VARIOS,352,UNIDAD,5435.0,271780.0,5435.0,271780.0
6108057.0,REACTIVOS PARA GASOMETRIA Y OTROS ANALISIS CLINICOS,35440999,UNIDAD,1210.0,112500.0,1210.0,112500.0
6108057.0,PLACAS PARA RAYOS X,48341999,OTROS,360.0,145200.0,360.0,145200.0
6108057.0,"GASAS, GUANTES Y BARBIJOS",99999993,OTROS,1440.0,175000.0,1440.0,175000.0
6115191.0,BARNICES,35110002,KILOGRAMO,13927.0,625699.0,14164.0,637456.0
6115191.0,HOJALATA,41231003,UNIDAD,376151.0,3040465.0,350720.0,2852010.0
6123637.0,VARIOS,99999994,VALOR,0.0,0.0,0.0,732312.0
6137741.0,AGREGADOS,153,METRO CÚBICO,9605.0,864492.0,9605.0,864492.0
6137741.0,CEMENTO,37440001,UNIDAD,9686.0,493995.0,9686.0,493995.0
6137741.0,FIERROS DE DISTINTAS MEDIDAS,41261005,VALOR,0.0,1111489.0,0.0,1111489.0
6140447.0,VARIOS,99999994,VALOR,0.0,0.0,0.0,53455.0
6146597.0,MATERIAL DE EMBALAJES,99999994,PIEZA,9102.0,18204.0,9102.0,18204.0
6155002.0,EQUIPOS EN EXISTENCIA,99999994,UNIDAD,115062.0,4304131.0,90496.0,3402022.0
6155002.0,ARTICULOS,99999994,UNIDAD,83425.0,766559.0,48683.0,447329.0
6156519.0,VARIOS,99999994,VALOR,0.0,6085001.982971051,0.0,6085001.982971051
6192640.0,PLASTICOS,99999994,VALOR,0.0,317625.30568807496,0.0,317625.30568807496
6197683.0,"AGUA DESTILADA, INYECTABLE INDOLORID,OXIGENADA",34250007,VALOR,0.0,14015.0,0.0,16793.647756738206
6197683.0,MEDICAMENTOS,352,VALOR,0.0,476505.0,0.0,570978.0324170203
6197683.0,"VITAMINA C,A Y E,B,B1,6,12,MINERALES,CAROTENO,SULFATO COBRE,RETINOL ERGOCALCIFEROL",35250,VALOR,0.0,140149.0,0.0,167935.2793049663
6197683.0,"CATETER EPIDURAL,SUBCLAVIA SIMPLE PERIDURAL,ETC",48150,VALOR,0.0,98104.0,0.0,117554.3360347517
6197683.0,"ELECTROBISTURI, ELECTRODO PARA MONITORES",48150,VALOR,0.0,70074.0,0.0,83967.04052127528
6197683.0,"SONDA RENAL,RECTAL - GOMA,TRANPILORICA,URETRAL,CLAVICULAR,NELATON - PLASTICO,NELATON - GOMA,NASOGASTRICO,ASPIRACION,ETC",48150,VALOR,0.0,56059.0,0.0,67173.39276453707
6197683.0,"AGUJA SUELTOS PARA SUTURAS,TOUHY PERIDURAL,ESPEINAL,BIOPSIA",48150,VALOR,0.0,42045.0,0.0,50380.94327021462
6197683.0,"TUBO ENDOTRACHEAL - CON BALON,SIN BALON,LATEX,Y INSUFLACION,DIALISIS PREITONEL",48150,VALOR,0.0,84089.0,0.0,100760.68827801349
6197683.0,"CANULA DE MAYO,NASAL 7"" ADULTO,ENEMAS,SUBCLAVIA CANAL TRIPLE",48150,VALOR,0.0,28030.0,0.0,33587.29551347641
6197683.0,OTROS MATERIAES,99999994,VALOR,0.0,392416.0,0.0,470217.3441390068
6205883.0,INSUMOS VARIOS PARA LA CONSTRUCCIÓN Y OTROS,99999994,VALOR,0.0,387611.0,0.0,338039.0
6206744.0,VERDURAS,012,VALOR,0.0,355000.0,0.0,355000.0
6206744.0,CARNES VARIAS,211,VALOR,0.0,7707042.0,0.0,7707042.0
6206744.0,ACEITES,21691009,VALOR,0.0,452200.0,0.0,452200.0
6206744.0,QUESOS,22251001,VALOR,0.0,793396.0,0.0,793396.0
6206744.0,BEBIDAS ALCOHOLICAS VARIAS,24131,VALOR,0.0,479700.0,0.0,479700.0
6206744.0,BEBIDAS GASEOSAS,24490001,VALOR,0.0,1813786.0,0.0,1813786.0
6206744.0,ENVASES VARIOS,37191004,VALOR,0.0,763446.0,0.0,763446.0
6206744.0,OTROS MATERIALES,99999994,VALOR,0.0,4464832.0,0.0,3796156.0
6221012.0,BROCOLI,01213002,VALOR,0.0,102494.0,0.0,111975.98186028325
6221012.0,ARVEJA,01242000,VALOR,0.0,409977.0,0.0,447905.0199536885
6221012.0,ZANAHORIA,01251001,VALOR,0.0,307483.0,0.0,335929.03809340525
6221012.0,PAPA,01510001,VALOR,0.0,4099767.0,0.0,4479046.921999218
6221012.0,ACEITE,21691009,VALOR,0.0,307483.0,0.0,335929.03809340525
6223267.0,VARIOS,99999994,VALOR,0.0,12254.0,0.0,12254.0
6228351.0,BOLSAS PLÁSTICAS Y EMBALAJE,36410001,UNIDAD,35620.0,49477.0,35620.0,49477.0
6228351.0,MATERIAS PRIMAS VARIAS,99999994,VALOR,0.0,3354760.33521112,0.0,3354760.33521112
6230442.0,VARIOS,99999994,VALOR,0.0,1824366.8596206943,0.0,1824366.8596206943
6233189.0,INSUMOS VARIOS PARA LA CONSTRUCCIÓN,99999994,VALOR,0.0,3599380.0,0.0,3575840.0
6233230.0,INSUMOS VARIOS PARA LA CONSTRUCCIÓN,99999994,VALOR,0.0,6811846.0,0.0,6608394.4
6234337.0,VARIOS,99999994,VALOR,0.0,25214.0,0.0,25214.0
6236182.0,VARIOS,99999994,VALOR,0.0,11992613.90373549,0.0,11992613.90373549
6251106.0,MATERIA PRIMA METAL Y ACERO,412,KILOGRAMO,360.0,6930804.0,360.0,6930804.0
6252828.0,TOMATE FRESCO,01234001,KILOGRAMO,84320.0,252960.0,84320.0,252960.0
6252828.0,CEBOLLA BLANCA,01253004,KILOGRAMO,5040.0,22680.0,5040.0,22680.0
6252828.0,SAL YODADA EN POLVO,16200005,KILOGRAMO,320.0,480.0,290.0,435.0
6252828.0,FRASCOS DE VIDRIO,37191001,UNIDAD,261527.0,313832.0,253469.0,304162.0
6252828.0,TAPAS DE METAL,42932002,UNIDAD,200000.0,80000.0,96050.0,38420.0
6252828.0,OTROS MATERIALES,99999994,VALOR,0.0,899210.0,0.0,948440.818413857
6257297.0,TELA DE POLIPROPILENO,26710006,VALOR,0.0,6817727.0,0.0,4813728.0
6257297.0,OTROS MATERIALES,99999994,VALOR,0.0,1050096.0,0.0,1050096.0
6277715.0,VARIOS,99999994,VALOR,0.0,8759025.078599758,0.0,6446846.078599758
6286489.0,OTROS MATERIALES,99999994,VALOR,0.0,52874.0,0.0,52874.0
6295796.0,OTROS MATERIALES,99999994,VALOR,0.0,630738.0,0.0,630738.0
6298502.0,VERDURAS Y FRUTAS,01,UNIDAD,298764.0,298764.0,298764.0,298764.0
6298502.0,PESCADO,04211,UNIDAD,1521.0,45615.0,1521.0,45615.0
6298502.0,AGUA SIFON,24410,UNIDAD,3861.0,54054.0,3861.0,54054.0
6298502.0,JUGOS Y GASEOSAS,24490,UNIDAD,19426.0,67992.0,19426.0,67992.0
6298502.0,ACEITES Y CONDIMENTOS,99999993,UNIDAD,1680.0,11761.0,1680.0,11761.0
6298502.0,ALIMENTOS VARIOS,99999994,UNIDAD,56964.0,56964.0,56964.0,56964.0
6298502.0,OTROS,99999994,UNIDAD,14161.0,14161.0,14161.0,14161.0
6298502.0,OTROS MATERIALES,99999994,VALOR,0.0,437174.0,0.0,437174.0
6300798.0,VARIOS,99999994,VALOR,0.0,0.0,0.0,32255.0
6301495.0,VARIOS,99999994,VALOR,0.0,2195798.0,0.0,2195798.0
6306866.0,HARDWARE,452,OTROS,32.0,3178861.0,30.0,3023072.841014155
6306866.0,SOFWARE,478,OTROS,7.0,8588369.0,7.0,8167474.158985844
6307071.0,VARIOS,99999994,VALOR,0.0,0.0,0.0,1531606.0
6330687.0,MATERIALES DE CONSTRUCCIÓN EN GENERAL,99999994,VALOR,0.0,3702658.0,0.0,3702658.0
6334992.0,AGREGADOS,153,VALOR,0.0,382821.0,0.0,275933.5270581788
6334992.0,PRODUCTOS DE MADERA,31330,VALOR,0.0,56880.0,0.0,40998.53200077637
6334992.0,COMBUSTIBLE,33311000,VALOR,0.0,205957.0,0.0,148451.73444591946
6334992.0,PLASTOFORMO,36950021,VALOR,0.0,48550.0,0.0,34994.351769298395
6334992.0,CERAMICA,37370,VALOR,0.0,388717.0,0.0,280183.30456655746
6334992.0,CEMENTO,37440001,VALOR,0.0,782107.0,0.0,563734.8605402814
6334992.0,HORMIGON,37510002,UNIDAD,1.0,322013.0,1.0,232103.73215833335
6334992.0,PRODUCTOS EN FIERRO Y ALAMBRES,412,VALOR,0.0,40353.0,0.0,29086.03660033982
6334992.0,"PLANCHAS, PERFILES Y PLACAS",412,VALOR,0.0,296012.0,0.0,213362.47283076326
6334992.0,FIERRO,41261005,VALOR,0.0,723365.0,0.0,521394.21766423347
6334992.0,CALAMINAS,42190015,VALOR,0.0,129596.0,0.0,93411.49355085469
6334992.0,LADRILLO TEJA Y CUMBRERAS,99999993,VALOR,0.0,67382.0,0.0,48568.267990089895
6334992.0,METERIAL DE PLOMERIA,99999994,VALOR,0.0,410091.0,0.0,295589.4688243738
6335320.0,INHIBIDOR DE INCRUSTACIONES,35499027,KILOGRAMO,7758.0,37529.0,1367.0,12658.0
6335320.0,INHIBIDOR ANTICORROSIVO,35499027,KILOGRAMO,20880.0,240907.0,9323.0,56569.0
6335320.0,OTROS MATERIALES,99999994,VALOR,0.0,6131401.0,0.0,7819429.0
6345734.0,VARIOS,99999994,VALOR,0.0,82561.0,0.0,82561.0
6349793.0,PRODUCTOS CARNICOS,211,KILOGRAMO,15068.0,150934.0,14400.0,144249.0
6349793.0,ACEITE COMESTIBLE,21691009,LITRO,71230.0,712297.0,65557.0,655573.0
6349793.0,JUGOS GASEOSAS,244,UNIDAD,12685.0,1826603.0,12983.0,1869524.0
6349793.0,ENVASES,36490024,OTROS,124115.0,3599345.0,114089.0,3308574.0
6349793.0,INSUMOS Y ABARROTES,99999993,ARROBA,34737.0,382103.0,31930.0,351229.0
6349793.0,VIVERES,99999994,ARROBA,2439.0,1585593.0,2427.0,1577726.0
6353483.0,VARIOS,99999994,VALOR,0.0,103550.0,0.0,103550.0
6359961.0,MADERA,31330,PIEZA,2200.0,187000.0,2200.0,187000.0
6359961.0,CEMENTO,37440001,UNIDAD,4500.0,252000.0,4500.0,252000.0
6359961.0,HORMIGON,37510002,METRO CÚBICO,3000.0,2700000.0,3000.0,2700000.0
6359961.0,CHAPAS METALICAS,41211001,PIEZA,350.0,227500.0,350.0,227500.0
6359961.0,FIERRO,41261005,TONELADA MÉTRICA,100.0,591600.0,100.0,591600.0
6359961.0,HERRAMIENTAS,42921039,PIEZA,16.0,141000.0,16.0,141000.0
6359961.0,OTROS,99999994,UNIDAD,400900.0,400900.0,400900.0,400900.0
6364512.0,MATERIALES DE CONSTRUCCION EN GENERAL,99999994,VALOR,0.0,1179607.0,0.0,1179607.0
6378739.0,INSUMOS VARIOS,99999994,VALOR,0.0,5079286.0,0.0,5079286.0
6386570.0,AGREGADOS,153,OTROS,509.0,119846.0,509.0,119846.0
6386570.0,MADERA,31330,PIEZA,7375.0,191754.0,7375.0,191754.0
6386570.0,LADRILLOS,37350002,UNIDAD,95332.0,167785.0,95332.0,167785.0
6386570.0,CERAMICA,37370,PIEZA,10653.0,191754.0,10653.0,191754.0
6386570.0,CEMENTO,37440001,OTROS,6478.0,359539.0,6478.0,359539.0
6386570.0,VIGUETAS,37550004,PIEZA,175.0,287631.0,175.0,287631.0
6386570.0,FIERRO,41261005,BARRA,13483.0,431446.0,13483.0,431446.0
6398296.0,ABARROTES,2,UNIDAD,102562.0,4047733.0,100900.0,3982140.0
6398296.0,FILETE DE POLLO,21121000,KILOGRAMO,27282.0,654779.0,25000.0,600010.0
6398296.0,LECHE,22110001,LITRO,240925.0,1300996.0,234758.46287048282,1267696.673905351
6404446.0,PLANCHA DE ACERO,41212001,PIEZA,469499.99,767575.78,469499.99,767575.78
6404446.0,ANGULAR,41262001,METRO (LINEAL),10000.0,10099.68,10000.0,10099.68
6404446.0,"TUBOS,PERFILES, PLATINOS",41291,METRO (LINEAL),187799.99,201993.63,187799.99,201993.63
6404446.0,PLATINO,41330003,METRO (LINEAL),5860.0,8079.76,5860.0,8079.76
6404446.0,REPUESTOS Y ACCESORIOS,99999994,UNIDAD,140849.99,22219.28,140849.99,22219.28
6404446.0,OTROS MATERIALES,99999994,VALOR,0.0,1793230.8699999999,0.0,1934076.87
6408095.0,VARIOS,99999994,VALOR,0.0,0.0,0.0,3545.0
6418468.0,MATERIAL PÉTREO,151,OTROS,10000.0,2852731.72,10000.0,2852731.72
6418468.0,MADERAS Y TABLEROS,31330,OTROS,10000.0,59375.59,10000.0,59375.59
6418468.0,MATERIAL DE SOLDADURA,415,OTROS,10000.0,226993.75,10000.0,226993.75
6418468.0,IMPLEMENTOS DE CORTE Y PINTURA,44221,OTROS,10000.0,253278.3,10000.0,253278.3
6418468.0,VARIOS (961028.53),99999994,VALOR,0.0,961028.53,0.0,961028.53
6418468.0,MATERIAL ELÉCTRICO,99999994,VALOR,0.0,183008.95,0.0,183008.95
6418468.0,VARIOS (6984173.24),99999994,VALOR,0.0,6984173.24,0.0,6984173.24
6418468.0,VARIOS (1255181.67),99999994,VALOR,0.0,1255181.67,0.0,1255181.67
6418468.0,MATERIALES DIVERSOS,99999994,VALOR,0.0,205594.41,0.0,205594.41
6420518.0,TOALLAS,27120007,UNIDAD,72.0,3798.0,72.0,3798.0
6420518.0,MEDICAMENTOS,35260020,PIEZA,122.0,33408.0,122.0,33408.0
6420518.0,ALGODON,35270006,ROLLO,33.0,5220.0,33.0,5220.0
6420518.0,SHAMPOO PARA MASCOTAS,35323001,LITRO,19200.0,205440.0,19200.0,204833.0
6420518.0,"JERINGAS,MARIPOSAS Y OTROS",48150,PIEZA,3224.0,12625.0,3224.0,12625.0
6433269.0,FUJI PLUS,35290003,PIEZA,7.0,1949.0,7.0,1949.0
6433269.0,GUANTES XSMOLL,36260004,OTROS,140.0,4141.0,140.0,4141.0
6433269.0,GUANTES SMOLL,36260004,OTROS,80.0,2366.0,80.0,2366.0
6433269.0,PEL DRY VIEW DAYLIGHT 25X30X100,48130001,OTROS,96.0,157018.0,96.0,157018.0
6433269.0,AGUJA DENTAL X CAJA 30G CORTA,48150004,UNIDAD,24.0,1037.0,24.0,1037.0
6433269.0,IVOSTAR,48171009,PIEZA,7.0,298.0,7.0,298.0
6433269.0,GNATHOSTAR,48171009,PIEZA,6.0,255.0,6.0,255.0
6433269.0,BRACKET GEMINIROTH,48171999,PIEZA,20.0,6960.0,20.0,6960.0
6433269.0,INSUMOS ODONTOLOGICOS,99999994,VALOR,0.0,151858.0,0.0,151858.0
6444995.0,TEJIDO PP,26710999,KILOGRAMO,21297.0,370344.73,2176.11,32944.35267289224
6444995.0,TEJIDO PP,26710999,METRO CUADRADO,1431022.0,2455588.42,900090.28,1407163.84805552
6444995.0,POLIPROPILENO,34790011,KILOGRAMO,3313150.0,33047919.82,3174892.75,27311274.738748316
6444995.0,MASTERBACH,35110023,KILOGRAMO,181250.0,2129432.94,188547.0,1757019.060523272
6450407.0,INSUMOS VARIOS,99999994,VALOR,0.0,44766085.0,0.0,44766085.0
6451719.0,VARIOS,99999994,VALOR,0.0,19796397.151149612,0.0,19721972.151149612
6479886.0,VACUNAS,35270003,UNIDAD,150.0,67244.0,150.0,67244.0
6479886.0,REATIVOS VARIOS,35440999,VALOR,0.0,20030.0,0.0,20030.0
6482674.0,"ENVASES, EMBALAJES y OTROS INSUMOS",99999994,VALOR,0.0,23000.0,0.0,23000.0
6483658.0,MATERIALES DE CONSTRUCCION,99999994,VALOR,0.0,879862.0,0.0,732117.0
6491899.0,HARINA DE PLUMAS Y VICSCERA DE POLLO,21160001,KILOGRAMO,70061.0,316680.0,69084.0,312260.0
6491899.0,SOYA SOLVENTE,21920001,KILOGRAMO,598839.0,1479133.0,548551.0,1354920.0
6491899.0,METIONINA (VITAMINAS),34160001,KILOGRAMO,40066.0,167479.0,38927.0,162715.0
6491899.0,FOSFATO DICALCICO,34240055,KILOGRAMO,1229946.0,4636900.0,800544.0,3018051.0
6491899.0,FOSFATO BICALCICO,34240996,KILOGRAMO,173901.0,608653.0,165482.0,579187.0
6491899.0,ASTRABEN (VITAMINAS),35250,KILOGRAMO,202514.0,167479.0,201012.0,166237.0
6491899.0,BONAGGROX(VITAMINA),35250,KILOGRAMO,51532.0,167479.0,50814.0,165145.0
6491899.0,MOLD ZAP CITRUS POLVO,35260020,KILOGRAMO,31317.0,730021.0,25915.0,604079.0
6491899.0,BOLSA PEBD TRANS SIN IMP (ENBASE),36410001,UNIDAD,90832.0,104468.0,103288.0,118781.0
6491899.0,VTA. MAT. PRIMAS MATERIALES Y OTROS,99999994,KILOGRAMO,184000.0,1545600.0,150020.0,1260168.0
6491899.0,OTROS,99999994,UNIDAD,15500.0,38898.0,14299.0,35747.5
6494482.0,INSUMOS VARIOS PARA LA CONSTRUCCIÓN,99999994,VALOR,0.0,3777560.720965019,0.0,3777560.720965019
6500140.0,MATERIALES VARIOS,99999994,VALOR,0.0,3756340.2021058314,0.0,3756340.2021058314
6502600.0,POLLITO BEBE,02151004,PIEZA,42000.0,126452.0,42000.0,126452.0
6502600.0,MATERIAS PRIMAS INSUMOS VETERINARIOS DE PRODUCCION,23319,KILOGRAMO,11690.0,647742.0,30430.0,1686123.9572284005
6502600.0,CLORO GRANULADO,34231005,KILOGRAMO,450.0,12528.0,450.0,12528.0
6502600.0,SODA CAUSTICA,34231022,KILOGRAMO,700.0,7308.0,578.0,6034.0
6520722.0,ULEXITA,34270006,TONELADA MÉTRICA,9857.0,4658266.0,9531.0,4504203.433701938
6521173.0,ARENA,15310,METRO CÚBICO,2813.0,318943.0,2813.0,318943.0
6521173.0,GRAVILLA,15320003,METRO CÚBICO,1953.0,219982.0,1953.0,219982.0
6521173.0,GRAVA,15320004,METRO CÚBICO,3227.0,365313.0,3227.0,365313.0
6521173.0,AGUA,18000000,METRO CÚBICO,21265.0,531577.0,21265.0,531577.0
6521173.0,LADRILLO,37350002,PIEZA,434039.0,347225.0,434039.0,347225.0
6521173.0,CEMENTO,37440001,UNIDAD,19130.0,832152.0,19130.0,832152.0
6521173.0,FIERRO,41261005,BARRA,12296.0,2033190.0,12296.0,2033190.0
6521173.0,OTROS ITEMS,99999994,VALOR,0.0,860897.0,0.0,740146.0
6539008.0,OTROS MATERIALES,99999994,VALOR,0.0,18794.0,0.0,18794.0
6549504.0,"GRANOS, ADJUNTOS CERVECEROS",01152001,KILOGRAMO,3451360.0,15879744.0,3181793.0,14109898.0
6549504.0,SABORIZANTES,23999997,KILOGRAMO,5757689.0,24952339.0,5706041.0,24638051.0
6549504.0,CONCENTRADOS,24131998,KILOGRAMO,44748.0,4572600.0,51370.0,5092445.0
6549504.0,CAJAS DE CARTON,32153004,UNIDAD,1426348.0,3807914.0,1507655.0,3997440.0
6549504.0,ETIQUETAS,32197002,UNIDAD,91515510.0,3995658.0,92355128.0,4176169.0
6549504.0,TERMOCONTRAIBLES,36410007,KILOGRAMO,123265.0,2015411.0,110105.0,1869441.0
6549504.0,TAPAS,36490007,UNIDAD,89037958.0,11412503.0,79264980.0,10388956.0
6549504.0,PREFORMAS,36490998,UNIDAD,11139593.0,4572671.0,9262575.0,3995318.0
6549504.0,LATAS,42931002,UNIDAD,33680625.0,26520693.0,33549419.0,26135587.0
6549504.0,OTROS INSUMOS,99999994,VALOR,0.0,5118969.0,0.0,4938634.0
6561640.0,BOLSAS PLASTICAS DIFERENTES MEDIDAS,36410001,KILOGRAMO,389775.0,6624109.0,261802.0,4449246.320102624
6583001.0,MAIZ,01122001,KILOGRAMO,419060.0,577994.0,322337.0,487065.0
6583001.0,SORGO,01142000,KILOGRAMO,1501280.0,1574532.0,1397315.0,1640085.0
6583001.0,SAL BLANCA,16200005,KILOGRAMO,993600.0,703071.0,668751.0,482926.0
6583001.0,HARINA DE SOYA,21920001,KILOGRAMO,380000.0,856600.0,279211.0,648328.0
6583001.0,GERMEN DE MAIZ,23140020,KILOGRAMO,727990.0,753782.0,697590.0,856547.0
6583001.0,FOSFATO MOSAIC,34240,KILOGRAMO,351000.0,1444291.0,138951.0,600159.0
6583001.0,CARBONATO DE CALCIO,34240073,KILOGRAMO,1470000.0,584966.0,1022636.0,422604.0
6583001.0,FOSFATO BICALCICO,34240996,KILOGRAMO,280000.0,1446924.0,190761.0,998006.0
6583001.0,AFRECHO DE TRIGO,39120009,KILOGRAMO,592500.0,806209.0,288929.0,399508.0
6583001.0,OTROS,99999994,KILOGRAMO,1051437.0,3622072.0,802975.0,1654823.0
6591201.0,OTROS MATERIALES,99999994,VALOR,0.0,32971894.0,0.0,44176385.0
6614161.0,AGREGADOS,153,METRO CÚBICO,6618.0,382832.0,6618.0,382832.0
6614161.0,PISO GRAMERO,31219,PIEZA,13200.0,206910.0,13200.0,206910.0
6614161.0,MADERA,31330,PIE CUADRADO,27680.0,280597.0,27680.0,280597.0
6614161.0,MATERIAL DE PVC,36320,PIEZA,41930.0,506461.0,41930.0,506461.0
6614161.0,TEJAS CERAMICA,37350001,PIEZA,59350.0,177450.0,59350.0,177450.0
6614161.0,PISO PORCELANATO 60X60,37370006,METRO CUADRADO,13824.0,910839.0,13824.0,910839.0
6614161.0,CEMENTO,37440001,QUINTAL,29218.0,1465159.0,29218.0,1465159.0
6614161.0,HORMIGON,37510002,METRO CÚBICO,1567.0,1189536.0,1567.0,1189536.0
6614161.0,COMPLEMENTOS - CASETONES,37560999,PIEZA,5066.0,102604.0,5066.0,102604.0
6614161.0,FIERRO CORRUGADO,41261005,PIEZA,23868.0,895259.0,23868.0,895259.0
6614161.0,CLAVOS,42944001,KILOGRAMO,3320.0,30661.0,3320.0,30661.0
6614161.0,OTROS MATERIALES,99999994,VALOR,0.0,2871235.0,0.0,2871235.0
6616375.0,POLICARBONATOS,34740001,VALOR,0.0,30100.0,0.0,30100.0
6616375.0,PINTURAS Y ACCESORIOS,35110,VALOR,0.0,35594.0,0.0,35594.0
6616375.0,MASA CORRIDA,35110034,VALOR,0.0,4850.0,0.0,4850.0
6616375.0,RECUPLAST Y TECHO,36950011,UNIDAD,37.0,3060.0,37.0,3060.0
6616375.0,LAMINAS DE VIDRIO,37112001,PIEZA,20.0,9512.0,20.0,9512.0
6616375.0,LAMINAS DE VIDRIO,37112001,VALOR,0.0,25300.0,0.0,25300.0
6616375.0,VIDRIO TEMPLADO,37113001,VALOR,0.0,10005.4,0.0,10005.4
6616375.0,INODORO Y LAVAMANOS,37210,VALOR,0.0,30435.0,0.0,30435.0
6616375.0,TEJAS,37350001,UNIDAD,8000.0,23770.0,8000.0,23770.0
6616375.0,LADRILLOS,37350002,VALOR,0.0,36850.0,0.0,36850.0
6616375.0,CERAMICA,37370,METRO CUADRADO,1227.0,36810.0,1227.0,36810.0
6616375.0,CERAMICA PARA REVESTIMIENTO,37370,METRO CUADRADO,116.0,189488.6000000001,116.0,189488.6000000001
6616375.0,YESOS,37410,VALOR,0.0,22543.0,0.0,22543.0
6616375.0,CEMENTO,37440001,UNIDAD,7800.0,444600.0,7800.0,444600.0
6616375.0,CEMENTO BLANCO,37440003,VALOR,0.0,33500.0,0.0,33500.0
6616375.0,CEMENTO COLA,37440010,VALOR,0.0,30860.0,0.0,30860.0
6616375.0,CODOS Y TUBOS,412,VALOR,0.0,1415.0,0.0,1415.0
6616375.0,PLANCHA DE ACERO,41212001,UNIDAD,40.0,5520.0,40.0,5520.0
6616375.0,FIERROS Y PERFILES,4126,BARRA,5809.0,199556.0,5809.0,199556.0
6616375.0,ENSAMBLES GALVANIZADOS,41293001,VALOR,0.0,32684.0,0.0,32684.0
6616375.0,TUBOS DE ALUMINIO,41536001,VALOR,0.0,38200.0,0.0,38200.0
6616375.0,MALLA OLIMPICA,42943005,VALOR,0.0,22315.0,0.0,22315.0
6616375.0,PERNOS Y GANCHOS,42944,VALOR,0.0,11989.0,0.0,11989.0
6616375.0,ALAMBRE,42946002,ROLLO,38.0,14210.0,38.0,14210.0
6616375.0,CARBURADOS DE COMPACTADORA,42950003,VALOR,0.0,1600.0,0.0,1600.0
6616375.0,QUINCALLERIA,4299,UNIDAD,93.0,17635.0,1.0,17635.0
6616375.0,PLACAS Y PANTALLAS,99999993,VALOR,0.0,25286.0,0.0,25286.0
6616375.0,MATERIAL ELECTRICO,99999994,VALOR,0.0,15398.0,0.0,15398.0
6616375.0,MATERIAL DE PLOMERIA,99999994,UNIDAD,22.0,20772.0,22.0,20772.0
6616375.0,HERAMMIENTAS MENORES,99999994,VALOR,0.0,18690.0,0.0,18690.0
6616375.0,MATERIA DE CERRAJERIA,99999994,VALOR,0.0,19137.0,0.0,19137.0
6621418.0,PAPAS,01510001,KILOGRAMO,489911.0,2983571.0,485854.0,2958864.0
6621418.0,POLLOS,21121000,UNIDAD,263882.0,5292071.0,260827.0,5229557.0
6621418.0,ACEITE,21691009,LITRO,80000.0,538695.0,77320.0,519750.0
6621418.0,ARROZ,23161002,KILOGRAMO,82560.0,615475.0,78305.0,583988.0
6621418.0,ENVASES CT1,36490024,UNIDAD,50700.0,49379.0,46996.0,45770.0
6621418.0,ENVASES CT3,36490024,UNIDAD,147000.0,102108.0,139169.0,96658.0
6621418.0,ENVASES CT4,36490024,UNIDAD,29400.0,14181.0,17567.0,8416.0
6621418.0,ENVASES CT5,36490024,UNIDAD,350800.0,212531.0,326875.0,197960.0
6621418.0,ENVASES CT6,36490024,UNIDAD,312250.0,130833.0,283178.0,118628.0
6621418.0,OTROS,99999994,VALOR,0.0,3069070.0,0.0,3114161.0
6625108.0,"MATERIALES DE CONSTRUCCION: FIERROS DE DIFERENTES MEDIDAS, CEMENTO, LADRILLOS ADOVITOS Y CERMANICOS,  PINTURAS, ETC.",99999994,VALOR,0.0,5642890.0,0.0,5753376.0
6642820.0,"RIPIO,ARENILLA,PIEDRA",153,METRO CÚBICO,9053.0,1674885.0,9053.0,1674885.0
6642820.0,MADERA,31330,PIE CUADRADO,32392.0,161962.0,32392.0,161962.0
6642820.0,PINTURA,35110,OTROS,987.0,291150.0,987.0,291150.0
6642820.0,LADRILLO,37350002,PIEZA,196100.0,137270.0,196100.0,137270.0
6642820.0,"CERAMICA.PISOS, PORCELANATO",37370,METRO CUADRADO,24863.0,1690673.0,24863.0,1690673.0
6642820.0,CEMENTO,37440001,KILOGRAMO,3718812.0,929703.0,3718812.0,929703.0
6642820.0,HORMIGON,37510002,METRO CÚBICO,357.0,295583.0,357.0,295583.0
6642820.0,TUBOS Y CANERIAS,37560001,VALOR,0.0,88725.0,0.0,88725.0
6642820.0,FIERRO,41261005,TONELADA MÉTRICA,80.0,474564.0,80.0,474564.0
6642820.0,CALAMINA,42190015,VALOR,0.0,120117.0,0.0,120117.0
6642820.0,MALLA OLIMPICA,42943005,VALOR,0.0,35965.0,0.0,35965.0
6642820.0,CLAVO,42944001,KILOGRAMO,3400.0,30592.0,3400.0,30592.0
6642820.0,ALAMBRE,42946003,KILOGRAMO,2686.0,21488.0,2686.0,21488.0
6642820.0,MATERIALES VARIOS,99999994,VALOR,0.0,888205.0,0.0,888205.0
6642820.0,MATERIAL ELECTRICO,99999994,VALOR,0.0,29679.0,0.0,29679.0
6642820.0,MATERIALES VARIOS,99999994,VALOR,0.0,20680.0,0.0,20680.0
6642820.0,MATERIAL ELECTRICO,99999994,VALOR,0.0,109793.0,0.0,109793.0
6642820.0,CORDONES,99999994,PIEZA,82.0,5304.0,82.0,5304.0
6642820.0,FIBRA,99999994,OTROS,76.0,1364.0,76.0,1364.0
6667789.0,OTROS MATERIALES,99999994,VALOR,0.0,173200.0,0.0,146387.0
6669306.0,VARIOS,99999994,VALOR,0.0,5622483.022304996,0.0,5622483.022304996
6678531.0,VARIOS,99999994,VALOR,0.0,141049.0,0.0,186696.0
6678736.0,SORGO,01142000,KILOGRAMO,2806.0,7015.0,3314.0,8286.0
6678736.0,AMARANTO,01199002,KILOGRAMO,3634.0,46920.0,2892.0,37128.0
6678736.0,LINAZA,01441000,KILOGRAMO,128443.0,1116020.0,127604.0,1110886.0
6678736.0,SESAMO,01444000,KILOGRAMO,2086.0,39550.0,2291.0,40371.0
6678736.0,ALMENDRA,21422000,KILOGRAMO,9293.0,239152.0,9534.0,246486.0
6678736.0,OTROS MATERIALES,99999994,VALOR,0.0,9137252.0,0.0,9145176.0
6687797.0,MORADO,03120020,METRO CÚBICO,1510.0,9835809.0,1147.0,7470779.0
6687797.0,ROBLE,03120027,METRO CÚBICO,30.0,217165.0,19.0,140385.0
6687797.0,YESQUERO BLANCO,03120035,METRO CÚBICO,20.0,19363.0,10.0,9716.0
6687797.0,TIPA,03120051,METRO CÚBICO,227.0,626426.0,0.0,0.0
6687797.0,PICANA,03120100,METRO CÚBICO,29.0,96031.0,14.0,48024.0
6687797.0,AJUNAO,03120999,METRO CÚBICO,78.0,142820.0,76.0,137642.0
6687961.0,POLLO,21121000,KILOGRAMO,193776.0,2275896.0,187299.0,2199829.0
6687961.0,PAPA PREFRITA,21394999,KILOGRAMO,56056.0,682769.0,54183.0,659949.0
6687961.0,ACEITE,21691009,LITRO,52982.0,364143.0,51211.0,351973.0
6687961.0,ARROZ,23161002,KILOGRAMO,121456.0,591733.0,117396.0,571956.0
6687961.0,OTROS,99999994,VALOR,0.0,637251.0,0.0,615952.0
6691364.0,TONER Y TINTAS,35130006,UNIDAD,351.0,108624.0,0.0,0.0
6694931.0,POLLO,21121000,VALOR,0.0,548480.0,0.0,585397.1078823123
6694931.0,"ARROZ, AZÚCAR, ACEITE, ADEREZOS, ENVASES DESCARTABLES, MATERIAL DE LIMPIEZA, ETC.",99999993,VALOR,0.0,1030374.0,0.0,988196.8921176879
6696530.0,PAPELERIA,32129015,OTROS,100.0,24518.0,100.0,24518.0
6699687.0,AGREGADOS,153,METRO CÚBICO,3545.0,283532.0,3545.0,283394.4125890924
6699687.0,CEMENTO BOLSA DE 50 KG.,37440001,KILOGRAMO,2400.0,144000.0,2400.0,143930.12221840676
6699687.0,"MATERIAL DE SOLDADURA,  FERRETERIA, Y OTROS",99999994,VALOR,0.0,192751.0,0.0,192657.46519250085
6733348.0,MATERIALES,99999994,UNIDAD,2050.0,2601512.0,1935.0,2455688.0
6737284.0,VARIOS,99999994,VALOR,0.0,2421393.975581334,0.0,2421393.975581334
6765205.0,GRAVA Y ARENA,153,METRO CÚBICO,2400.0,272700.0,2400.0,272700.0
6765205.0,HORMIGÓN PRE MEZCLADO PARA PAVIMENTO RÍGIDO,37510001,METRO CÚBICO,6500.0,4909994.0,6500.0,4909994.0
6765205.0,OTROS,99999994,VALOR,0.0,272856.0,0.0,272856.0
6775578.0,OTROS MATERIALES,99999994,VALOR,0.0,1491212.0,0.0,1491212.0
6777587.0,VARIOS,99999994,VALOR,0.0,2492977.20837446,0.0,2492977.20837446
6778735.0,VARIOS,99999994,VALOR,0.0,1689303.5530617635,0.0,1689303.5530617635
6778776.0,VARIOS,99999994,VALOR,0.0,1526408.7758836506,0.0,1526408.7758836506
6784106.0,MATERIA PRIMA E INSUMOS,99999994,KILOGRAMO,365891.0,4205056.0,298371.0,3611791.0
6784106.0,OTROS MATERIALES,99999994,VALOR,0.0,853316.0,0.0,732926.9928761948
6794766.0,VARIOS,99999994,VALOR,0.0,2486094.834632347,0.0,2486094.834632347
6796406.0,"ENVASES, EMBALAJES y OTROS INSUMOS",99999994,VALOR,0.0,907.0,0.0,907.0
6800998.0,VARIOS,99999994,VALOR,0.0,1349817.0,0.0,1349817.0
6816619.0,HILOS DE ALGODÓN PARA CONFECCIÓN (CONOS),26350000,OTROS,942.0,51148.23,215.0,11673.95907643312
6816619.0,TELA DENIM PARA PANTALONES JEANS,26690001,OTROS,342.19503289210337,12170.0,14400.0,512129.0
6816619.0,TELA DENIM PARA PANTALONES DE MODA,26690001,METRO (LINEAL),14087.0,532500.29,13500.0,519595.51
6816619.0,TELA DRILL PARA PANTALONES CLÁSICOS Y CHUPINES,26690001,METRO (LINEAL),439.0,9979.58,9900.0,321320.21
6816619.0,TELA TOCUYO PARA FORRO DE BOLSILLOS,26690001,METRO (LINEAL),11070.0,200673.73,12098.0,211677.54
6816619.0,ETIQUETAS BORDADAS (JUEGO),27913002,OTROS,79103.0,73304.1,30240.0,52360.02
6816619.0,ETIQUETAS DE CUERO (BADANAS),29290999,UNIDAD,18700.0,17941.11,30240.0,27640.26
6816619.0,ETIQUETAS DE CARTÓN (JUEGO),32197002,OTROS,6025.0,11905.29,30240.0,54502.38
6816619.0,BOLSAS DE PROMOCIÓN,36410001,UNIDAD,107351.0,109653.6,30240.0,29084.33
6816619.0,BOLSAS PLÁSTICAS TRANSPARENTES PARA EMBOLSAR,36410001,VALOR,0.0,2344.92,0.0,11198.65
6816619.0,BOTONES PARA PANTALONES,38923002,PIEZA,15670.0,7629.05,30240.0,14018.15
6816619.0,CIERRES PARA PANTALONES,38923004,UNIDAD,27000.0,57341.02,30240.0,52360.02
6816619.0,REMACHES METALICOS,42944002,UNIDAD,70400.0,16826.58,181440.0,22315.54
6816619.0,PLACAS METÁLICAS,42999999,UNIDAD,12000.0,3358.82,30240.0,10638.5
6832445.0,PLANCHAS DE BRONCE,41514005,VALOR,0.0,369078.0,0.0,450395.50659420586
6832445.0,"CABLES INDUSCABO, CABLES DE FIBRA, CABLE DE CABEZAL",463,VALOR,0.0,1291774.0,0.0,1576385.493405794
6834167.0,COMPRA DE SUMINISTROS MEDICOS,352,VALOR,0.0,577475.0,0.0,577475.0
6835930.0,"COBRE, PVC, SKIN",99999993,ROLLO,200.0,18566777.0,180.0,16710099.3
6866967.0,OTROS MATERIALES,99999994,VALOR,0.0,133718.0,0.0,133718.0
6886155.0,VARIOS,99999994,VALOR,0.0,13278179.103140764,0.0,12634657.103140764
6902186.0,ASFALTO,15330000,METRO CUADRADO,13679.0,740195.0,11549.371183269273,624957.0
6902186.0,SEÑALIZACION VIAL,36990045,MILILITRO,1824.0,329632.0,1691.0,305629.0
6902186.0,LADRILLOS,37350002,PIEZA,452436.0,1153712.0,419490.0,1069700.0
6902186.0,CERAMICAS,37370,METRO CUADRADO,1668.0,66755.0,1668.0,66755.0
6902186.0,REVESTIMIENTOS,37370,LITRO,640.0,39752.0,640.0,39752.0
6902186.0,CEMENTO,37440001,UNIDAD,22219.0,1226484.0,18760.0,1035539.0
6902186.0,VIGUETAS,37550004,MILILITRO,1225.0,43483.0,1225.0,43483.0
6902186.0,FIERRO,41261005,BARRA,10104.0,649776.0,9943.0,639410.0
6902186.0,PERFILES METALICOS,41262002,BARRA,9517.0,202048.0,9508.0,201852.0
6902186.0,CALAMINAS,42190015,METRO CUADRADO,3435.0,185045.0,2900.0,156239.0
6902186.0,CLAVOS,42944001,PIEZA,12175.0,9862.0,12175.0,9862.0
6902186.0,ALAMBRES,42946003,METRO CUADRADO,174.0,4697.0,174.0,4697.0
6902186.0,CABLE,46340001,PIEZA,1832.0,129458.0,1832.0,129458.0
6904195.0,AGREGADOS,153,METRO CÚBICO,865.0,116830.0,865.0,116830.0
6904195.0,LADRILLOS,37350002,PIEZA,151515.0,121212.0,151515.0,121212.0
6904195.0,CEMENTO,37440001,KILOGRAMO,4722.0,252615.0,4722.0,252615.0
6904195.0,ACERO,412,OTROS,8.0,46980.0,8.0,46980.0
6904195.0,OTROS,99999994,VALOR,0.0,2952867.0,0.0,2931147.0
6911616.0,VARIOS,99999994,VALOR,0.0,3178681.0928511703,0.0,3178681.0928511703
6923137.0,INSUMOS,99999994,VALOR,0.0,6971327.0,0.0,6780822.0
6933141.0,INSUMOS GASTRONOMICOS,99999994,VALOR,0.0,1988502.0,0.0,1988502.0
6953395.0,ALITAS DE POLLO,21121000,KILOGRAMO,60.0,1050622.06,40.0,852477.93
6953395.0,MIEL,23540001,LITRO,20.0,262655.52,17.0,213119.48
6953395.0,MOSTAZA,23995003,CUARTILLA,20.0,525311.03,8.0,426238.97
6953395.0,SALSA BARBACOA,23995010,CUARTILLA,20.0,262655.52,18.0,213119.48
6953395.0,CAJAS BIG JOY,32153004,UNIDAD,50.0,131327.76,25.0,106559.74
6953395.0,ENVASES DESCARTABLES,32153007,UNIDAD,70.0,131327.76,50.0,106559.74
6953395.0,BANDEJAS,36940026,UNIDAD,50.0,262655.52,30.0,213119.48
6960160.0,BOLSAS DE DISTRIBUCION,27150001,OTROS,182.0,182.0,182.0,182.0
6966597.0,BOLSAS MONEDERA,27150008,UNIDAD,94950.0,286022.0,52540.0,171485.0
6966597.0,HOJA DE TRANSPORTE CÓDIGO BARRA,32690019,OTROS,2000.0,47780.0,0.0,0.0
6966597.0,HOJA DE TRANSPORTE,32690999,OTROS,2607.0,54888.0,4526.0,94705.0
6966597.0,HOJA SERVICIO DE ABASTECIMIENTO,32700999,OTROS,1310.0,43385.0,1345.0,43904.0
6966597.0,BOLSA MEDIANA,36410001,UNIDAD,101749.0,229539.0,163709.0,373682.0
6966597.0,BOLSA GRANDE,36410001,UNIDAD,60846.0,196535.0,96608.0,312903.0
6966597.0,BOLSA PEQUEÑA,36410001,UNIDAD,93291.0,147738.0,113875.0,183914.0
6966597.0,BOLSAS TERMOCONTRAIBLES,36410007,UNIDAD,90243.0,33760.0,66640.0,24930.0
6979799.0,ENVASES,36490001,OTROS,21000.0,15540.0,21000.0,15540.0
6979799.0,MATERIAS PRIMAS Y OTROS,99999994,VALOR,0.0,10112693.6591786,0.0,10416608.6591786
7007966.0,ALMENDRA EN CASCARA,01371000,KILOGRAMO,34400.0,47948658.0,34400.0,47948658.0
7008089.0,PASTA NEURODIAGNOSTIC ELECTRODOS (EEG-EMG),35270999,GRAMO,1140.0,2392.5,1140.0,2392.5
7008089.0,CONECTORES SIMPLES PARA INYECTOR (TAC),46212008,UNIDAD,50.0,1740.0,50.0,1740.0
7008089.0,LLAVE DE TRES VIAS(TAC),48150001,UNIDAD,300.0,965.7,300.0,965.7
7008089.0,JERINGAS DE PLASTICO DESECHABLES: 50ML(TAC); 20ML(TAC-RESONANCIA),48150005,UNIDAD,1075.0,4784.35,1075.0,4784.35
7008089.0,BRANULA Y/O CATERER I.V. (TAC),48150017,UNIDAD,600.0,2531.7,600.0,2531.7
7008089.0,SERVICIO DE RECARGA DE OXIGENO:,48150999,METRO CÚBICO,60000.0,2383.8,60000.0,2383.8
7008089.0,AGUJAS MARIPOSAS DESECHABLES: 23G(TAC-RESONANCIA); 21G(TAC-RESONANCIA),48150999,UNIDAD,500.0,674.25,500.0,674.25
7008089.0,PLACAS RADIOGRAFICAS: 14X17(TAC); 11X14(RAYOS X); 8X10(RAYOS X),48341999,UNIDAD,13250.0,208737.36,13250.0,208737.36
7008089.0,PAPEL ECOGRAFICO TIPO V SONY (ECOGRAFIA),48341999,ROLLO,20.0,3654.0,20.0,3654.0
7008089.0,MEDIOS DE CONTRASTE: ULTRAVIST(TAC); UROGRAFINA(TAC); MAGNEFIST(RESONANCIA); OPTIMARK(RESONANCIA),99999993,UNIDAD,1615.0,386880.3,1615.0,386880.3
7008089.0,OTROS:TAPONES AUDITIVOS;CONDONES;BARBIJOS;GUANTES LATEX;ALGODON;SUERO FISIOLOGICO; TRANSPORE;MICROPORE,99999993,UNIDAD,1363.0,1985.05,1363.0,1985.05
7021414.0,GAS LICUADO DE PETROLEO,33410001,TONELADA MÉTRICA,10292.0,14372258.0,10280.0,14341634.0
7026744.0,ARENA PIEDRA,153,METRO CÚBICO,6272.0,1567993.0,5160.565888509982,1290135.712567352
7026744.0,CEMENTO,37440001,KILOGRAMO,40019.0,2000950.0,32927.40533996827,1646370.2669984133
7026744.0,FIERRO,41261005,BARRA,47411.0,1137864.0,39009.500851426455,936228.020434235
7036133.0,SAL DE POLIESTIRENO,34720999,KILOGRAMO,185000.0,2500793.84,170638.55,2355066.06
7036133.0,ALAMBRE GALVANIZADO,41263002,KILOGRAMO,248486.0,1847228.49,258473.62,1909096.06
7036133.0,OTROS MATERIALES,99999994,VALOR,0.0,504838.6699999999,0.0,534052.857796848
7038593.0,MATERIAL DE CONSTRUCCION,99999994,UNIDAD,137301.0,6727786.0,100566.0,4927786.0
7061471.0,JAMON,21181003,KILOGRAMO,3600.0,86400.0,3500.0,84000.0
7061471.0,ACEITE,21691009,LITRO,2400.0,20400.0,2300.0,19550.0
7061471.0,QUESO,22251001,KILOGRAMO,9600.0,518400.0,9450.0,510300.0
7061471.0,HARINA,23110001,KILOGRAMO,30000.0,120000.0,29500.0,118000.0
7061471.0,SALSA PIZZA,23995,LITRO,2560.0,35840.0,2480.0,34720.0
7061471.0,GASEOSAS,24490001,VALOR,0.0,559637.0,0.0,549269.0
7061471.0,OTROS MATERIALES,99999994,VALOR,0.0,1830600.0,0.0,1847298.0
7076846.0,ARENILLA-RIPIO,153,METRO CÚBICO,5722.0,480625.0,5722.0,480625.0
7076846.0,CEMENTO,37440001,UNIDAD,42000.0,1890000.0,41959.0,1888155.0
7076846.0,FIERROS,41261005,KILOGRAMO,267509.0,7579436.0,267509.0,7575634.0
7076846.0,TUBOS GALVANIZADOS,41283003,PIEZA,5391.0,754759.0,5391.0,754759.0
7076846.0,ALAMBRE,42946003,KILOGRAMO,31550.0,631008.0,31550.0,631008.0
7088818.0,FRUTAS,013,KILOGRAMO,15619.0,203815.0,15552.0,198998.0
7088818.0,SALSAS Y JALEAS,21494,KILOGRAMO,1753.0,35173.0,1881.0,37760.0
7088818.0,LACTEOS,2221,KILOGRAMO,54115.0,1398695.0,54606.0,1379154.0
7088818.0,DULCE DE LECHE,22290002,KILOGRAMO,4708.0,106699.0,4860.0,117067.0
7088818.0,"CAFE, TODDY, TE Y MATE",23,GRAMO,705332.0,103633.0,714575.0,101573.0
7088818.0,ENDULZANTES,23210,KILOGRAMO,10887.0,56717.0,11028.0,57525.0
7088818.0,CHOCOLATE,236,KILOGRAMO,7317.0,408735.0,7517.0,459214.0
7088818.0,COLORANTES,23999007,GRAMO,395854.0,7117.0,414745.0,7565.0
7088818.0,BASES Y PASTAS,23999017,KILOGRAMO,1968.0,203204.0,2331.0,241862.0
7088818.0,VARIEGATTOS,23999999,KILOGRAMO,3127.0,179074.0,2970.0,173214.0
7088818.0,LICORES,24131015,GRAMO,3395519.0,212591.0,3294465.0,205960.0
7088818.0,ESTABILIZANTES,35499030,KILOGRAMO,2040.0,253034.0,2763.0,345436.0
7088818.0,EMULSIONANTE,35499043,GRAMO,1096119.0,91429.0,1140409.0,89403.0
7088818.0,VASOS Y BOLSAS,36,PIEZA,88238.0,67142.0,75696.0,63821.0
7088818.0,ENVASES GALLETA,36410003,PIEZA,44907.0,15203.0,46907.0,16134.0
7088818.0,ENVASES PLASTICOS,36490001,PIEZA,256092.0,207358.0,263042.0,215289.0
7088818.0,TAPAS DE ENVASES,36490007,PIEZA,151262.0,59090.0,153577.0,62537.0
7088818.0,ENVASES TELGOPOR,36490024,PIEZA,362841.0,148179.0,376878.0,154223.0
7088818.0,AGREGADOS PIEZAS,99999994,PIEZA,133139.0,86099.0,140307.0,95882.0
7088818.0,AGREGADOS KILOS,99999994,KILOGRAMO,3954.0,104207.0,4025.0,105976.0
7088818.0,OTROS ITEMS,99999994,VALOR,0.0,85472.0,0.0,88922.0
7102799.0,VARIOS,99999994,VALOR,0.0,1050591.225851893,0.0,1050591.225851893
7123463.0,VARIOS,99999994,VALOR,0.0,0.0,0.0,20297.0
7126046.0,AZUCAR,23520001,KILOGRAMO,322690.0,320816.0,250819.0,248310.0
7126046.0,ESENCIAS,23991002,KILOGRAMO,1772.0,314085.1,1452.0,257365.0
7126046.0,"ENVASES, TAPAS, ETIQUETAS",99999993,UNIDAD,4565324.0,4210987.9,2564521.0,2402342.32
7126046.0,OTROS INSUMOS,99999994,KILOGRAMO,17645.0,90946.0,16821.0,86629.0
7140806.0,HILADOS,26,KILOGRAMO,15113.0,3035366.0,17044.0,3246179.0
7150195.0,GRANO DE SOJA,01412000,TONELADA MÉTRICA,80169.0,169554982.0,64275.0,125290519.0
7150195.0,HEXANO,34110001,LITRO,582113.0,4124979.0,547307.0,3882399.0
7150195.0,HILO DE POLIESTER,35520002,KILOGRAMO,808.0,27468.0,844.0,28473.0
7150195.0,BOLSAS DE POLIESTER,36410,UNIDAD,542188.0,977673.0,463459.0,815453.0
7153926.0,VARIOS,99999994,VALOR,0.0,2362309.8148713983,0.0,2362309.8148713983
7156919.0,QUINUA BRUTA BLANCA,01194006,QUINTAL,13624.0,7692489.0,10037.0,5667169.0
7156919.0,QUINUA BRUTA ROJA,01194010,QUINTAL,401.0,258959.0,401.0,258959.0
7156919.0,HILOS DE COSTURA DE SACOS,26410002,UNIDAD,221.0,2392.0,157.0,1699.0
7156919.0,BOLSAS DE PAPEL KRAFT,32152002,UNIDAD,31773.0,130018.0,20305.0,83090.0
7156919.0,ARAGANES DE GOMA SANITARIA,36270030,PIEZA,56.0,1682.0,24.0,721.0
7156919.0,BOLSAS DE POLIPROPILENO (YUTES),36410,UNIDAD,4000.0,13377.0,3075.0,10284.0
7171105.0,INSUMOS VARIOS,99999994,VALOR,0.0,3488670.0,0.0,3488670.0
7174713.0,VARIOS,99999994,VALOR,0.0,6158.0,0.0,6158.0
7194065.0,BOLSAS DE CRISTAL,27150008,PIEZA,703.4,21470.3,703.4,21470.3
7194065.0,GUANTES ALUMINIZADOS,28242002,PIEZA,12.0,28560.0,12.0,28560.0
7194065.0,BOTAS DE SEGURIDAD,29310001,PAR,62.0,21938.76,62.0,21938.76
7194065.0,ACETATO DE AMONIO,34140001,KILOGRAMO,150.0,122000.0,150.0,122000.0
7194065.0,LITARGIO,34220007,KILOGRAMO,150.0,61250.0,150.0,61250.0
7194065.0,PERÓXIDO DE SODIO,34220997,KILOGRAMO,10.0,24000.0,10.0,24000.0
7194065.0,ÁCIDO CLORHÍDRICO,34231015,PIEZA,15.0,34750.0,15.0,34750.0
7194065.0,ÁCIDO NÍTRICO,34233001,KILOGRAMO,455.0,98770.0,455.0,98770.0
7194065.0,CLORURO DE AMONIO,34653003,KILOGRAMO,40.0,25400.0,40.0,25400.0
7194065.0,SOLUCION EXTRAM,35322999,LITRO,50.0,62500.0,50.0,62500.0
7194065.0,FUNDENTE PREMESCLADO,35499006,KILOGRAMO,1320.0,144339.0,1320.0,144339.0
7194065.0,CRISOLES DE ARCILLA,37310999,PIEZA,40.0,32000.0,40.0,32000.0
7194065.0,PLOMO LAMINADO,41542007,ROLLO,30.0,42570.0,30.0,42570.0
7207226.0,VARIOS,99999994,VALOR,0.0,3623671.3439121037,0.0,3623671.3439121037
7208292.0,VARIOS,99999994,VALOR,0.0,0.0,0.0,2609365.0
7227234.0,CEMENTO ASFALTICO,37440009,METRO CÚBICO,50.0,80001.0,50.0,80001.0
7227234.0,OTROS INSUMOS PARA LA CONSTRUCCIÓN Y OTROS,99999994,VALOR,0.0,2470000.0,0.0,2470000.0
7228874.0,CEMENTO ASFALTICO,37440009,TONELADA MÉTRICA,10.0,61248.0,10.0,61248.0
7228874.0,OTROS MATERIALES,99999994,VALOR,0.0,4267932.0,0.0,4267932.0
7229038.0,SOLVENTE POWERSOL 65BRX,35499025,KILOGRAMO,3839.0,159303.0,3824.0,158681.0
7229038.0,MEMBRANA 100-36.5,36330002,ROLLO,12.0,149146.0,12.0,149146.0
7229038.0,FOTOPOLIMEROS,48341006,PIEZA,1667.0,4099991.0,1685.0,4144361.0
7231088.0,INSUMOS VARIOS PARA LA CONSTRUCCIÓN,99999994,VALOR,0.0,2776480.0,0.0,2748143.0
7235598.0,ACRILICOS,35110025,VALOR,0.0,25400.0,0.0,25400.0
7235598.0,"VASOS, LLAVEROS Y LAPICEROS",99999993,VALOR,0.0,60176.0,0.0,60176.0
7235598.0,LONAS Y ADHESIVOS,99999994,VALOR,0.0,774522.0,0.0,774522.0
7235598.0,OTROS MATERIALES,99999994,VALOR,0.0,884476.0,0.0,884476.0
7236049.0,MATERIAS VARIOS,99999994,VALOR,0.0,1966916.0010116284,0.0,1958209.0010116284
7241748.0,PAPEL DIFERENTES ESTILOS,32129,VALOR,0.0,5896000.0,0.0,2918203.0
7261961.0,VARIOS,99999994,VALOR,0.0,1247311.8363119306,0.0,841240.8363119306
7262904.0,TRONCAS DE MADERA,031,METRO CÚBICO,3433.0,13735154.0,3433.0,13735154.0
7264544.0,VERDURAS,012,KILOGRAMO,10861.6,64079.9,9775.44,57675.1
7264544.0,HUEVOS,02311000,UNIDAD,39600.0,29700.0,35640.0,26730.0
7264544.0,AGUA,18000000,LITRO,2580.0,38700.0,2322.0,34830.0
7264544.0,CARNE DE RES,21111002,KILOGRAMO,36395.52,989878.6,32755.97,884411.19
7264544.0,CARNE DE RES,21111002,KILOGRAMO,6040.12,241604.8,5436.11,217444.32
7264544.0,CARNE DE AVE,2112,KILOGRAMO,36483.22,543555.0,31934.9,479023.5
7264544.0,ACEITE COMESTIBLE,21691009,LITRO,9800.0,75460.0,8820.0,67914.0
7264544.0,LECHE,22110001,LITRO,3972.0,21846.0,3674.8,20211.4
7264544.0,ARROZ,23161002,KILOGRAMO,15600.0,118560.0,14040.0,106704.0
7264544.0,AZÚCAR,23520001,KILOGRAMO,22356.0,102837.6,20120.4,92553.84
7264544.0,GASEOSAS,24490001,UNIDAD,55000.0,243874.22,49500.0,222750.0
7264544.0,MATERIAL DESCARTABLE,36940,UNIDAD,760296.0,380148.0,684266.4,342133.2
7264544.0,OTROS MATERIALES,99999994,VALOR,0.0,7052365.88,0.0,6276605.6332
7274671.0,MADERA,3110,OTROS,796540.22,6126941.15,485533.1,4013873.07
7274671.0,INSUMO,99999994,VALOR,0.0,219376.82,0.0,83851.22
7286643.0,PAPEL,32129,METRO CUADRADO,98612.0,328275.0,162217.0,540013.240528536
7286643.0,PAPEL BOND PLIEGO,32129001,PIEZA,2520.0,1237.0,2366.0,1160.0
7286643.0,CARTULINA BRIS,32129007,PIEZA,500.0,734.0,443.0,650.324
7286643.0,CARTULINA TERMICA,32129999,METRO CUADRADO,0.0,0.0,0.0,0.0
7286643.0,CARTON 45X22X22,32153004,PIEZA,2128.0,9883.0,1807.0,8392.190319548872
7286643.0,OPP.BLANCO-METALIZADO-TRANSPARENTE,32197002,METRO CUADRADO,277173.0,1150234.0,490318.0,2034759.6425770186
7286643.0,BOPP FILM,34790011,METRO CUADRADO,13674.0,70889.0,1304.0,6760.2205645751055
7286643.0,BARNIZ,35110002,KILOGRAMO,506.0,51029.0,406.0,40944.217391304344
7286643.0,TINTAS,35130,KILOGRAMO,1169.0,415419.0,1296.0,460550.06330196746
7286643.0,ADHESIVOS,35420,KILOGRAMO,5.0,2175.0,14.0,6090.0
7286643.0,ADHITIVOS,35499024,KILOGRAMO,886.0,137573.0,426.0,66146.83747178329
7286643.0,PLASTICO TRANSPARENTE,36330003,KILOGRAMO,141.0,3107.0,92.0,2027.2624113475176
7286643.0,CINTA DE EMBALAJE,36920007,PIEZA,627.0,6168.0,614.0,6040.114832535885
7286643.0,ALUFIN,41534002,METRO CUADRADO,38788.0,143975.0,56165.0,208475.71091574716
7301362.0,CABLES POSTES FERRETERIA,99999993,UNIDAD,20.0,909197.0,20.0,909197.0
7305872.0,INSUMOS VARIOS PARA LA CONSTRUCCIÓN DE EDIFICACIONES,99999994,VALOR,0.0,10091734.44881127,0.0,9869838.44881127
7333752.0,INSUMOS VARIOS,99999994,VALOR,0.0,47643482.0,0.0,27332109.0
7336171.0,"MATERIA PRIMA (POLIPROPILENO, POLIETILENO, TINTAS, PIGMENTOS Y SOLVENTES)",99999993,KILOGRAMO,427750.0,8221398.0,406012.0,7803546.0
7339738.0,ALMACEN DE CARNE,211,KILOGRAMO,19380.02212968662,578303.8867522465,21030.6241957061,627597.3618496241
7339738.0,ALMACEN DE HARINA,23110001,UNIDAD,181389.42802347077,655409.4926712136,192751.4638304282,696475.2893072806
7339738.0,ALMACEN DE DESECHABLES,36940,UNIDAD,12618.034573285115,693968.216810694,13692.726938773589,753099.9816325473
7339738.0,OITROS,99999994,UNIDAD,142718.20146405027,1927681.596234154,139384.93832546446,1882623.5596788565
7348512.0,VARIOS,99999994,VALOR,0.0,0.0,0.0,2498122.0
7384018.0,VARIOS,99999994,VALOR,0.0,0.0,0.0,322351.0
7412800.0,VERDURAS,012,KILOGRAMO,78897.0,953655.0,72536.0,876759.0
7412800.0,ABARROTES,2,KILOGRAMO,46060.0,157171.0,42346.0,144498.0
7412800.0,CARNES,211,KILOGRAMO,63325.0,1412228.0,58219.0,1298356.0
7412800.0,CARNES FRIAS Y AHUMADAS,2118,KILOGRAMO,3844.0,139206.0,3534.0,127982.0
7412800.0,MARISCOS Y PESCADOS,212,KILOGRAMO,2297.0,159801.0,2112.0,146915.0
7412800.0,PRODUCTOS LACTEOS,22,LITRO,39943.0,493223.0,36722.0,453453.0
7412800.0,DELIVERY,99999994,UNIDAD,1794981.0,377342.0,1650246.0,346916.0
7412800.0,CARBOHIDRATOS,99999994,UNIDAD,190206.0,164966.0,174870.0,151665.0
7412800.0,MATERIAL DE LIMPIEZA,99999994,UNIDAD,537210.0,155210.0,493893.0,142695.0
7412800.0,JUGOS,99999994,LITRO,44771.0,141648.0,41161.0,130227.0
7412800.0,OTROS,99999994,VALOR,0.0,648616.0,0.0,596316.0
7414235.0,OTROS MATERIALES,99999994,VALOR,0.0,0.0,0.0,630202.4299999999
7416367.0,INSUMOS VARIOS,99999994,VALOR,0.0,1235544.0,0.0,3072301.0
7424157.0,OTRO MATERIAL,99999994,VALOR,0.0,12469.0,0.0,12469.0
7439860.0,VARIOS,99999994,VALOR,0.0,2845040.0,0.0,2843951.0
7442074.0,SANGRE DE CARNERO,21155999,UNIDAD,1000.0,150000.0,800.0,48000.0
7442074.0,SODIO,34231012,UNIDAD,2000.0,60000.0,1500.0,45000.0
7442074.0,POTASIO,34231998,UNIDAD,2000.0,60000.0,1800.0,54000.0
7442074.0,LITIO,34231998,UNIDAD,1500.0,45000.0,1000.0,30000.0
7442074.0,AGAR,346,UNIDAD,2000.0,2000000.0,1000.0,1000000.0
7442074.0,AMONIO,3461,UNIDAD,2500.0,150000.0,1500.0,90000.0
7442074.0,HIV,35440999,UNIDAD,500.0,5500.0,450.0,4950.0
7442074.0,ANTICCP,35440999,UNIDAD,100.0,320000.0,50.0,160000.0
7442074.0,CA 15-3,35440999,UNIDAD,20.0,30200.0,15.0,22650.0
7442074.0,CA125,35440999,UNIDAD,10.0,12000.0,8.0,9600.0
7442689.0,VARIOS,99999994,VALOR,0.0,11187.0,0.0,11187.0
7447076.0,"COCA COLA, FANTA , SPRITE Y AGUA",24490001,VALOR,0.0,172096.0,0.0,146281.6
7447076.0,1 ACEITE LT. 2 HARINA KG 3 AZUCAR KG 4 LECHE LT. 5 QUESILLO U 6 MANTECA KG 7 GELATINA KG 8 VASOS  DESECHABLES  9 HIELO 10 ALMID,99999993,ARROBA,10000.0,2890806.0,9999.0,2618049.0
7469749.0,MERCADERÍA EN GENERAL,99999994,VALOR,0.0,2505083.0,0.0,2313086.0
7481065.0,PAPEL BOND,32129001,OTROS,855792.0,373891.76,928272.0,405557.71
7481065.0,CARTULINA,32129014,OTROS,472923.0,714274.62,512976.0,774768.55
7481065.0,CARTULINA TRIPLEX,32129021,OTROS,761.0,2586.85,825.0,2805.94
7481065.0,CARTULINA DUPLEX,32129022,OTROS,1522.0,4230.27,1651.0,4588.54
7481065.0,COUCHE MATE,32143003,OTROS,181217.0,161444.06,196565.0,175117.21
7481065.0,COUCHE BRILLO,32143003,OTROS,174247.0,261396.0,189005.0,283534.37
7481065.0,ADHESIVOS,32149010,UNIDAD,110915.0,232098.66,120309.0,251755.75
7481065.0,PAPEL QUIMICO,32191005,OTROS,575134.0,330889.11,623844.0,358913.04
7481065.0,SOBRES,32192004,OTROS,191732.0,67106.05,207970.0,72789.45
7481065.0,OTROS,99999994,VALOR,0.0,76822.58,0.0,83328.9
7510872.0,VARIOS,99999994,VALOR,0.0,3892673.0,0.0,3892673.0
7512430.0,LECHE LIQUIDA,02211000,LITRO,456303.0,1437354.0,456303.0,1437354.0
7512430.0,PAPEL POLITILENO ALUMINIZADO DE 760GR,36330003,OTROS,3580.0,189740.0,3400.0,180200.0
7512430.0,PAPEL POLITILENO ALUMINIZADO DE 1KG,36330003,OTROS,200.0,545000.0,136.0,370600.0
7512430.0,BOLSAS DE POLITILENO DE 25KG,36410,PIEZA,2000.0,11800.0,1500.0,8850.0
7512430.0,LATAS DE 2KG,42931002,PIEZA,30688.0,392806.0,29738.0,380647.0
7512430.0,OTROS MATERIALES,99999994,VALOR,0.0,148225.0,0.0,136774.6805895137
7513004.0,OTROS MATERIALES,99999994,VALOR,0.0,3931411.0,0.0,3931411.0
7524320.0,COMBUSTIBLE,33311000,LITRO,321675.82,86009.58,321675.82,86009.58
7524320.0,ACEITES Y LUBRICANTES,33380000,LITRO,1774.21,26613.18,1774.21,26613.18
7524320.0,OTROS MATERIALES,99999994,VALOR,0.0,235666.24,0.0,1290273.0
7533135.0,VARIOS,99999994,VALOR,0.0,8000000.0,0.0,7940005.0
7559662.0,VARIOS,99999994,VALOR,0.0,649543.0,0.0,546410.0
7559949.0,VARIOS,99999994,VALOR,0.0,1919091.0581411738,0.0,1919091.0581411738
7565156.0,"ENVASES, EMBALAJES y OTROS INSUMOS",99999994,VALOR,0.0,2687.0,0.0,2687.0
7570527.0,HUEVO,02311000,UNIDAD,30400.0,20192.0,30400.0,20192.0
7570527.0,POLLO,21121000,KILOGRAMO,190.0,40796.0,190.0,40796.0
7570527.0,JAMON,21181003,KILOGRAMO,1586.0,64493.0,1586.0,64493.0
7570527.0,JUGOS,2143,LITRO,5223.0,37129.0,5223.0,37129.0
7570527.0,LECHE,22110001,LITRO,22860.0,129372.0,22860.0,129372.0
7570527.0,QUESO,22251001,KILOGRAMO,3712.0,231308.0,3712.0,231308.0
7570527.0,HARINAS,23110001,KILOGRAMO,3400.0,14100.0,3400.0,14100.0
7570527.0,AZUCAR,23520001,KILOGRAMO,5269.0,22647.0,5269.0,22647.0
7570527.0,CAFE EN GRANO,23911001,KILOGRAMO,1985.0,231428.0,1985.0,231428.0
7570527.0,MAYONESA,23995004,KILOGRAMO,408.0,8684.0,408.0,8684.0
7570527.0,OTROS,99999994,VALOR,0.0,780348.0,0.0,785487.0
7571634.0,VARIOS,99999994,VALOR,0.0,4176642.0,0.0,4152417.0
7591601.0,LOCOTO,01231001,KILOGRAMO,27860.94,132026.0,27724.54,131344.0
7591601.0,TOMATE,01234001,KILOGRAMO,54052.74,241599.0,53929.46,241245.0
7591601.0,PAPA CRUDA,01510001,KILOGRAMO,539794.05,7905758.0,537849.55,7877420.0
7591601.0,POLLO TROZADO CRUDO,21121000,KILOGRAMO,455559.0,12695790.0,4532681.0,12631078.0
7591601.0,SALSA DE 10CC,23995,UNIDAD,1223967.0,231137.0,1222271.0,230827.0
7591601.0,SALSA DE 30CC,23995,UNIDAD,2122933.0,971830.0,2077813.0,951036.0
7591601.0,SALSA KETCHUP 10CC,23995002,UNIDAD,45166.0,6012.0,41628.0,5544.0
7591601.0,SALSA MOSTAZA 10CC,23995003,UNIDAD,32319.0,4275.0,29217.0,3864.0
7591601.0,SALSA MAYONEZA 10CC,23995004,UNIDAD,42666.0,7424.0,39220.0,6824.0
7591601.0,OTROS,99999994,VALOR,0.0,2690112.0,0.0,2390041.0
7598202.0,BEBIDAS ALCOHOLICAS,24131,OTROS,100.0,22450.0,80.0,22000.0
7598202.0,BEBIDAS NO ALCOHOLICAS,244,OTROS,100.0,100359.0,80.0,95000.0
7598202.0,GASTOS EN PERIODICOS,32300001,OTROS,100.0,3825.0,100.0,3825.0
7598202.0,SUMINISTROS DE COCINA,99999994,OTROS,100.0,8350.0,60.0,7500.0
7598202.0,SUMINISTROS DE LIMPIEZA,99999994,OTROS,100.0,50679.64,80.0,48000.0
7609559.0,PIPERACILLIN /TAZOBACTTAN,35250005,OTROS,84.07900163720946,252237.00491162838,61.14021048024136,183420.63144072407
7609559.0,AMPICILLIM,35250005,OTROS,21.761623953160093,65284.871859480285,22.418077176088495,67254.23152826549
7609559.0,LEVOFLOXACIN,35260011,OTROS,89.02482526292766,267074.475788783,91.71031572036203,275130.9471610861
7609559.0,HIV DETERMINE TIRAS,35440999,OTROS,237.39953403447376,261139.48743792114,244.5608419209654,269016.92611306196
7609559.0,TUBO TAPA LILA 3 ML  PULL,37195005,MILILITRO,362034.2894025725,452542.8617532156,372955.28392947227,466194.10491184035
7609559.0,TUBOS TAPA ROJA 9ML  SIN GEL,37195005,MILILITRO,237399.53403447376,296749.4175430922,228256.78579290106,283282.9752251183
7609559.0,COLECTOR ORINA 100 ML,37195999,MILILITRO,3034.9552096857183,218516.77509737172,3126.506563257942,225108.47255457184
7609559.0,COLECTOR DE HECES 50ML,37195999,MILILITRO,168751.5021095051,121501.08151884367,173841.99846548625,125166.2388951501
7609559.0,COLECTOR ESTERIL 100 ML,37195999,MILILITRO,1276.6159942703825,91916.35158746755,1315.1259274299914,94689.06677495938
7609559.0,CASSETTE PARA ANALIZADOR CLOVER A1C,48281999,CENTIMETRO CÚBICO,21.36595806310264,1185810.6725021964,22.01047577288689,1221581.4053952224
7622966.0,ENVASE DE 1 LITRO,36490001,LITRO,2170.0,6540.0,156.0,468.0
7622966.0,MATERIALES VARIOS,99999994,VALOR,0.0,20221.0,0.0,26293.0
7630592.0,CARNES,211,KILOGRAMO,145911.0,583644.0,145024.0,580096.0
7630592.0,GASEOSAS,24490001,VALOR,0.0,685487.0,0.0,678632.13
7630592.0,OTROS MATERIALES,99999994,VALOR,0.0,11222212.0,0.0,10803869.88
7631412.0,INSUMOS VARIOS,99999994,VALOR,0.0,2268768.0,0.0,2268768.0
7640104.0,ARIDOS Y AGREGADOS,153,METRO CÚBICO,53780.0,4840227.0,53780.0,4840227.0
7640104.0,OTRAS MATERIAS,99999994,VALOR,0.0,6195925.60958206,0.0,6195925.60958206
7649493.0,VARIOS,99999994,VALOR,0.0,5220000.0,0.0,5220000.0
7657447.0,VARIOS,99999994,VALOR,0.0,8366356.92684739,0.0,8366356.92684739
7668640.0,VARIOS,99999994,VALOR,0.0,9228747.149166793,0.0,9228747.149166793
7673437.0,INSUMOS VARIOS,99999994,VALOR,0.0,121823.0,0.0,121823.0
7673519.0,VARIOS,99999994,VALOR,0.0,352159.8430747914,0.0,278866.8430747914
7681924.0,VARIOS,99999994,VALOR,0.0,1343231.0281572198,0.0,1343231.0281572198
7693199.0,ARCILLA,15400,METRO CUADRADO,15000.0,257525.0,15000.0,257525.0
7693199.0,CEMENTO,37440001,UNIDAD,3000.0,257525.0,3000.0,257525.0
7724359.0,PARQUETON PAQUIO,31219003,METRO CUADRADO,380.0,38700.0,380.0,38700.0
7724359.0,PARQUET,31219003,METRO CUADRADO,370.0,25900.0,370.0,26045.0
7724359.0,PISO FLOTANTE,31219999,METRO CUADRADO,0.0,0.0,3784.0,285181.0
7724359.0,MELAMINA NOGAL 18 MM,31431000,PIEZA,97.0,40561.0,255.0,106605.0
7724359.0,MELAMINA BLANCA 18 MM,31431000,PIEZA,38.0,13230.0,224.0,77214.0
7724359.0,MELAMINA FIBRAPLAC BLANCO,31431000,PIEZA,99.0,31690.0,99.0,31690.0
7724359.0,PUERTAS PRINCIPALES Y MARCOS 1 X 2.1,31600,PIEZA,12.0,17122.0,12.0,17122.0
7724359.0,PUERTAS 0.72 X 2.10,31600003,PIEZA,188.0,157018.0,188.0,157018.0
7724359.0,PUERTAS 0.83 X 2.10,31600003,PIEZA,128.0,124723.0,128.0,124723.0
7724359.0,PUERTAS 0.93 X 2.10,31600003,PIEZA,41.0,47084.0,41.0,47084.0
7724359.0,PINTURA LATEX TRADICIONAL BLANCO 18 LTS,35110,LITRO,1998.0,39228.0,1998.0,39228.0
7724359.0,PINTURA LATEX TRADICIONAL 4-0206P,35110,LITRO,254.0,4682.0,1782.0,34967.0
7724359.0,TAPAS RECTANGULARES PLASTICAS 2.4,36490007,PIEZA,146.0,219.0,956.0,1438.0
7724359.0,PLASTOFORMOS,36950021,UNIDAD,1012.0,31990.0,1712.0,55357.0
7724359.0,JGO LAVAMANO Y ESPEJO YO - G052,37,OTROS,0.0,0.0,26.0,16538.04
7724359.0,JGO LAVAMANO Y ESPEJO YO-G008,37,OTROS,0.0,0.0,13.0,14352.0
7724359.0,LAMINAS DE VIDRIO,37112001,PIEZA,129.0,44940.0,129.0,44940.0
7724359.0,BOX DE DUCHA YO S042A,37117002,PIEZA,0.0,0.0,26.0,41548.0
7724359.0,BOX DE DUCHA YO -1,37117002,UNIDAD,0.0,0.0,16.0,17696.0
7724359.0,LADRILLO DE 6 HUECOS RAYADO,37350002,UNIDAD,173300.0,150960.0,116380.0,98433.0
7724359.0,LADRILLO DE 18 HUECOS,37350002,UNIDAD,50000.0,45000.0,0.0,0.0
7724359.0,LADRILLO MITAD DE 6 HUECOS,37350002,UNIDAD,10800.0,9520.0,7080.0,6185.0
7724359.0,ESTUCO,37420004,UNIDAD,857.0,13962.0,3067.0,49322.0
7724359.0,CEMENTO IP 30,37440001,UNIDAD,20622.0,1105279.0,17473.0,937159.0
7724359.0,HORMIGON PREMEZCLADO,37510002,METRO CÚBICO,104.0,81840.0,163.0,130836.0
7724359.0,ZOCALO DE CONGLOMERADO,37540008,METRO (LINEAL),3120.0,32786.0,3120.0,32786.0
7724359.0,VIGUETAS GRUESAS,37550004,PIEZA,311.0,127290.0,541.0,205685.0
7724359.0,FIERRO CORRUGADO 1.2 PULG 12 MM,41261005,BARRA,2102.0,117768.0,1830.0,103670.0
7724359.0,FIERRO CORRUGADO 3.4 PULG 20 MM,41261005,BARRA,267.0,43414.0,251.0,40928.0
7724359.0,FIERRO CORRUGADO 3.8 PULG 10 MM,41261005,BARRA,967.0,36699.0,575.0,21531.0
7724359.0,ALAMBRE DE AMARRE,42946002,KILOGRAMO,3656.0,26199.0,2256.0,16719.0
7724359.0,CERRADURA ACC. PRINCIPAL,42992006,UNIDAD,5.0,1915.0,46.0,15855.0
7724359.0,CAJA MODULAR PARA MEDIDORES,42993008,UNIDAD,1.0,22500.0,1.0,22500.0
7724359.0,GRIFO MONOMANDO LAVAMANO 65136,43240005,UNIDAD,26.0,20317.0,26.0,20317.0
7724359.0,GRIFO MONOMANDO LAVAMANO 65135-13,43240005,PIEZA,32.0,15668.0,32.0,15668.0
7724359.0,ASCENSORES,43540001,UNIDAD,2.0,487200.0,2.0,487200.0
7724359.0,CABLE AWG Nº 14 DE 7 HILOS PLASMAR,46340001,ROLLO,68.0,12697.0,105.0,19358.0
7724482.0,"CARNES VARIAS , ABARROTES, VEGETALES, FRUTAS",99999993,VALOR,0.0,3441036.0,0.0,3410662.0
7741210.0,ESTUCO,37420004,PIEZA,430.0,10050.0,430.0,10050.0
7741210.0,CEMENTO,37440001,UNIDAD,1646.0,90400.0,1646.0,90400.0
7741210.0,CABLES FLEXIBLES,46340001,ROLLO,88.0,13047.84,88.0,13047.84
7741210.0,OTROS MATERIALES,99999994,VALOR,0.0,5751433.0,0.0,4325868.0
7749697.0,CARNE DE POLLO,21121000,KILOGRAMO,213675.0,3098291.0,213675.0,3098291.0
7749697.0,MATERIAL DE EMBALAJE Y OTROS,99999994,VALOR,0.0,126194.23,0.0,116713.51
7749697.0,ALIMENTOS EN GENERAL,99999994,VALOR,0.0,546757.0,0.0,546757.0
7750312.0,FRUTA,013,KILOGRAMO,3477.0,151917.0,3628.0,158522.0
7750312.0,PECANA,0137,KILOGRAMO,4241.0,301088.0,4600.0,326617.0
7750312.0,MANJAR,22290002,KILOGRAMO,14482.0,301089.0,15710.0,326617.0
7750312.0,CHOCOLATE,236,KILOGRAMO,9678.0,494848.0,9068.0,463665.0
7750312.0,CAJAS,32153001,UNIDAD,20492.0,418029.0,20205.0,412175.0
7750312.0,ENVOLTORIOS,36410008,UNIDAD,15670.0,328755.0,16311.0,342206.0
7750312.0,OTROS INSUMOS,99999994,UNIDAD,9252.0,335584.0,9076.0,329200.0
7752075.0,CAJAS DE CARTON,32153001,PIEZA,35900.0,75401.0,41779.0,84164.0
7752075.0,JABON DE TREFILACION,35321999,KILOGRAMO,4000.0,56560.0,2246.0,31715.0
7752075.0,BOLSAS PARA CLAVOS,36410003,KILOGRAMO,8433.0,225110.0,7925.0,185850.0
7752075.0,ALAMBRONES,41241001,TONELADA MÉTRICA,11067.0,3415544.0,16129.0,5625586.0
7752075.0,DADOS DE TREFILACION,42921038,PIEZA,465.0,127540.0,670.0,77237.0
7752075.0,INSERTOS PARA CLAVOS,42922999,PIEZA,132.0,123058.0,216.0,221592.0
7752075.0,ELECTRODOS,42950001,PIEZA,60.0,23921.0,0.0,0.0
7755396.0,VARIOS,99999994,VALOR,0.0,17326779.0,0.0,17072869.842000145
7755396.0,OTRO MATERIAL,99999994,VALOR,0.0,3053050.0,0.0,3008310.1579998536
7760603.0,MATERIAS PRIMAS Y OTROS,99999994,VALOR,0.0,6380940.763041902,0.0,6648468.263041902
7769664.0,"ENVASES, EMBALAJES y OTROS INSUMOS",99999994,VALOR,0.0,15091.0,0.0,15091.0
7775117.0,ENVASES Y EMBALAJES,99999994,DOCENA,150.0,500.0,150.0,500.0
7784711.0,MATERIA PRIMA CAJAS,32153004,UNIDAD,134235.0,748745.64,134235.0,748745.64
7784711.0,MATERIA PRIMA ETIQUETAS,32197002,KILOGRAMO,2210959.0,2800050.94,2210959.0,2800050.94
7784711.0,MATERIA PRIMA TAPAS,36490007,KILOGRAMO,476217.0,873786.77,476217.0,873786.77
7784711.0,MATERIA PRIMA PRODUCCIÓN A GRANEL,99999994,KILOGRAMO,303675.0,8556984.23,303675.0,8556984.23
7784711.0,MATERIA PRIMA PARA ENVASES,99999994,KILOGRAMO,88752.0,2195217.7,88752.0,2195217.7
7784711.0,MATERIA PRIMA PARA SERIGRAFIA,99999994,KILOGRAMO,6299.0,62302.71,6299.0,62302.71
7787048.0,VARIOS,99999994,VALOR,0.0,47038603.0,0.0,46334910.0
7787540.0,INSUMOS VARIOS,99999994,VALOR,0.0,0.0,0.0,15000.0
7794346.0,TOMATE,01234001,KILOGRAMO,10800.0,54000.0,10800.0,54000.0
7794346.0,CEBOLLA,01253001,QUINTAL,360.0,50400.0,360.0,50400.0
7794346.0,PAPA,01510001,QUINTAL,360.0,93600.0,360.0,93600.0
7794346.0,HUEVO,02311000,DOCENA,5400.0,75600.0,5400.0,75600.0
7794346.0,CARNE,211,KILOGRAMO,16800.0,604800.0,16800.0,604800.0
7794346.0,CARNE DE POLLO,21121000,KILOGRAMO,10800.0,151200.0,10800.0,151200.0
7794346.0,ACEITE,21691009,LITRO,5400.0,54000.0,5400.0,54000.0
7794346.0,HARINA,23110001,QUINTAL,180.0,43200.0,180.0,43200.0
7794346.0,ARROZ,23161002,QUINTAL,360.0,90000.0,360.0,90000.0
7794346.0,AZUCAR,23520001,QUINTAL,180.0,43200.0,180.0,43200.0
7794346.0,OTROS MATERIALES,99999994,VALOR,0.0,950117.0,0.0,950117.0
7824973.0,INSUMOS VARIOS,99999994,VALOR,0.0,6375204.0,0.0,6375204.0
7844202.0,"ACEITES, FILTROS",33380000,VALOR,0.0,55462.0,0.0,55462.0
7850311.0,GRANO DE SOJA,01412000,TONELADA MÉTRICA,36059.0,88020802.0,36748.0,87701963.0
7851049.0,LADRILLO,37350002,UNIDAD,545000.0,517750.0,545000.0,517750.0
7851049.0,CERAMICA,37370,METRO CUADRADO,6450.0,290250.0,450.0,20250.0
7851049.0,CEMENTO,37440001,KILOGRAMO,6500.0,357500.0,6500.0,357500.0
7851049.0,FIERROS PARA LA CONSTRUCCION,41261005,TONELADA MÉTRICA,25.0,153875.0,20.0,123100.0
7851049.0,OTROS MATERIALES PARA LA CONSTRUCCION,99999994,VALOR,0.0,3881648.0,0.0,2902754.0
7858019.0,POLLO Y CARNES ROJAS,211,VALOR,0.0,1054782.0,0.0,1054782.0
7858019.0,REFRESCOS ARTESANALES,21419004,VALOR,0.0,263696.0,0.0,263696.0
7858019.0,ENVASES,36490001,VALOR,0.0,174076.0,0.0,174076.0
7858019.0,OTROS (ADEREZOS Y PAN),99999993,VALOR,0.0,439493.0,0.0,439493.0
7883726.0,TELA BABY NEGRO INTENSO,26530003,GRAMO,13154.0,1128.0,29406.0,2521.0
7883726.0,TELA BABY BLANCO PERLA,26530003,GRAMO,6714.0,655.0,29755.0,2902.0
7883726.0,TELA BABY CARAMELO,26530003,METRO (LINEAL),3.0,127.0,5.0,175.0
7883726.0,TELA BABY MARFIL CLARO,26530003,GRAMO,700.0,711.0,6170.0,627.0
7883726.0,TELA BABY BLUE NAVY,26530003,METRO (LINEAL),18.0,782.0,12.0,527.0
7883726.0,OTROS MATERIALES,99999994,VALOR,0.0,3025794.0,0.0,3025794.0
7899101.0,OTROS MATERIALES,99999994,VALOR,0.0,5915425.0,0.0,5972002.0
7902053.0,OTROS MATERIALES,99999994,VALOR,0.0,6398834.812691061,0.0,6385790.812691061
7904308.0,ARENA,15310,METRO CÚBICO,22056.0,2105909.0,26107.0,2655596.191393842
7904308.0,GRAVA,15320004,METRO CÚBICO,26736.0,2545984.0,26645.0,2703131.5561796757
7904308.0,ADITIVO,35499026,KILOGRAMO,153304.0,1174244.0,152101.0,1241163.9502095035
7904308.0,CEMENTO,37440001,KILOGRAMO,7380473.0,6401616.0,8266964.0,7639126.302216979
7915829.0,MARMOL EN TROZO,15120001,KILOGRAMO,8141483.0,2355791.0,8681435.0,2511855.16
7915829.0,CAOLIN I EN TROZO,15400003,KILOGRAMO,0.0,0.0,10033.0,3511.64
7915829.0,CAOLIN II EN TROZO,15400003,KILOGRAMO,32500.0,12350.0,0.0,0.0
7915829.0,BENTONITA EN TROZO,15400004,KILOGRAMO,1518390.0,262209.0,1537929.0,266899.58
7915829.0,BARITINA EN TROZO,16190002,KILOGRAMO,0.0,0.0,3850.0,1232.0
7915829.0,CALCITA II EN TROZO,16190009,KILOGRAMO,1000.0,350.0,1000.0,255.0
7915829.0,DOLOMITA EN TROZO,16330000,KILOGRAMO,369.82,2200.0,2101.25,12500.0
7915829.0,HILO PARA BOLSA,26410002,UNIDAD,500.0,4002.0,436.0,3333.84
7915829.0,PALETS,31700999,UNIDAD,5443.0,60026.0,5268.0,58101.0
7915829.0,SILICE EN TROZO,34231013,KILOGRAMO,0.0,0.0,8411.0,896.77
7915829.0,CARBONATO DE SODIO,34240059,KILOGRAMO,13660.0,19014.72,8070.0,11233.44
7915829.0,BOLSAPLASTICO 30 KG CARBONATO DE CALCIO GENERICA - 50X80 CM,34240073,UNIDAD,34440.0,66300.55,21312.0,42315.69
7915829.0,BOLSA PAPEL 25 KG CARBONATO DE CALCIO M2000,34240073,UNIDAD,113120.0,242556.0,111536.601685384,239160.82
7915829.0,BOLSA PLASTICO 30 KG CARBONATO DE CALCIO M2000 - 50X80CM,34240073,UNIDAD,89711.0,164097.05,74204.0,135765.76
7915829.0,FILM STRECH,36330003,UNIDAD,366.0,38071.2,281.61,29261.07
7915829.0,BOLSA PLASTICO BLANCA 47X79/66,36410001,UNIDAD,10000.0,11310.0,7746.0,8760.73
7915829.0,BOLSA PLASTICO BENTONITA 56X85/66 IMPRESA,36410003,UNIDAD,31000.0,42847.5,12494.0,14672.11
7915829.0,TIZA EN TROZO,38911013,KILOGRAMO,1399539.0,73864.0,1465660.0,83095.52
7915829.0,SUNCHO,41222002,UNIDAD,5443.0,60026.0,5268.0,58101.0
7915829.0,GRAPAS,42995004,KILOGRAMO,75.0,2675.25,69.0,2476.89
7915829.0,OTRAS MATERIAS PRIMAS,99999994,VALOR,0.0,240584.0,0.0,247719.0
7924111.0,MARGARINA VEGETAL,21700001,LIBRA,48063.0,346050.0,40743.0,293346.0
7924111.0,"CAJA DE PIZZA 14""",32153003,UNIDAD,55700.0,293429.0,55700.0,293429.0
7924111.0,TAPAS 16OZ DESCATABLES,36490007,OTROS,3013.0,786393.0,3011.0,785871.0
7924111.0,CUCHARAS PLÁSTICAS NEGRAS,36940011,OTROS,11041.0,960567.0,11038.0,960306.0
7924111.0,TENEDORES PLASTICOS NEGROS,36940013,OTROS,6023.0,1048002.0,6021.0,1047654.0
7924111.0,CUCHILLOS PLÁSTICOS NEGROS,36940014,OTROS,3017.0,524958.0,3012.0,524088.0
7924111.0,VASOS 16OZ DESCARTABLES,36940017,OTROS,3020.0,2601126.0,3020.0,2601126.0
7924111.0,BANDEJA PARA LLEVAR,36940026,OTROS,5418.0,1178415.0,5418.0,1178415.0
7924111.0,BOMBILLAS FORRADAS,36990009,OTROS,20108.0,524818.0,20092.0,524401.0
7924111.0,BASE PARA MASA,42912026,LIBRA,26050.0,389813.0,20100.0,300777.0
7924111.0,OTROS,99999994,UNIDAD,6305740.78,6275774.72,5192195.06,6333411.16
7941536.0,VARIOS,99999994,VALOR,0.0,14754648.209467817,0.0,14754648.209467817
7951950.0,INSUMOS VARIOS,99999994,VALOR,0.0,3207825.0,0.0,2586662.0
7960232.0,VARIOS,99999994,VALOR,0.0,0.0,0.0,37674285.0
7961585.0,MATERIAL DE CONSTRUCCIÓN AGREGADOS,153,METRO CÚBICO,358.5,282548.0,358.5,282548.0
7961585.0,MATERIAL DE CONSTRUCCIÓN MADERA Y SUS DERIVADOS,31330,METRO CÚBICO,194.0,291277.0,194.0,291277.0
7961585.0,MATERIAL DE CONSTRUCCION CEMENTO,37440001,UNIDAD,789.0,38063.0,789.0,38063.0
7961585.0,MATERIAL DE CONSTRUCCIÓN FIERRO,41261005,BARRA,3557.0,7188258.0,3557.0,7188258.0
7961585.0,MATERIAL DE CONSTRUCCIÓN TUBOS Y SUS DERIVADOS,41283002,BARRA,808.0,41096.0,808.0,41096.0
7974623.0,VARIOS,99999994,VALOR,0.0,0.0,0.0,27464613.0
7989629.0,VIDRIO FLOAT INCOLORO 4-5-6 MM,37113001,METRO CUADRADO,1684.0,54903.0,1684.0,54903.0
7989629.0,VIDRIO FLOAT INCOLORO 8 MM,37113001,METRO CUADRADO,20729.0,1513265.0,20729.0,1513265.0
7989629.0,VIDRIO FLOAT COLOR DE 8 MM,37113001,METRO CUADRADO,7946.0,74793.0,7946.0,74793.0
7989629.0,VIDRIO FLOAT COLOR 10 MM,37113001,METRO CUADRADO,12664.0,985066.0,12664.0,985066.0
7989629.0,VIDRIO REFLECTIVO DE 6 MM,37113003,METRO CUADRADO,514.0,165020.0,514.0,165020.0
7989629.0,VIDRIO ESMERILADO INCOLORO 6 MM,37113999,METRO CUADRADO,47.0,14993.0,47.0,14993.0
7989629.0,VIDRIO ESMERILADO INCOLORO 8 MM,37113999,METRO CUADRADO,553.0,196407.0,553.0,196407.0
7989629.0,VIDRIO ESMERILADO INCOLORO 10 MM,37113999,METRO CUADRADO,640.0,254160.0,640.0,254160.0
7989629.0,VIDRIO COLOR DE 4-5-6 MM,37114002,METRO CUADRADO,384.0,33153.0,384.0,33153.0
7989629.0,VIDRIO CATEDRAL INCOLORO 8 Y 10 MM,37114003,METRO CUADRADO,95.0,165879.0,95.0,165879.0
7989629.0,VIDRIO FLOAT INCOLORO 10 MM,37114999,METRO CUADRADO,46150.0,6512878.0,46150.0,6512878.0
7998280.0,"INSUMOS, AMENITIES (SHAMPHO Y OTROS), BLANCOS (TOALLAS, SABANAS, BLANCOS)",99999993,VALOR,0.0,1368926.0,0.0,1368926.0
7999141.0,MATERIAL DE ESCRITORIO,99999994,VALOR,0.0,3000.0,0.0,3000.0
8002134.0,VARIOS,99999994,VALOR,0.0,2214177.0,0.0,2214177.0
8003405.0,VARIOS,99999994,VALOR,0.0,725246.0,0.0,933964.0
8012097.0,MATERIAL ELECTRICO,99999994,VALOR,0.0,5236804.0,0.0,5236804.0
8074581.0,OTROS MATERIALES,99999994,VALOR,0.0,14550.0,0.0,14550.0
8076426.0,INSUMOS VARIOS,99999994,VALOR,0.0,5434925.077376787,0.0,3975971.0773767866
8079337.0,VARIOS,99999994,VALOR,0.0,0.0,0.0,1345876.0
8080567.0,HUEVOS,02311000,UNIDAD,24000.0,13781.0,16318.0,9370.0
8080567.0,CARNE DE LOMITO,21111002,KILOGRAMO,11321.0,393974.0,10765.0,374622.0
8080567.0,POLLO,21121000,KILOGRAMO,11432.0,155448.0,7772.0,105687.0
8080567.0,ALITAS DE POLLO,21121000,KILOGRAMO,1449.0,22691.0,985.0,15427.0
8080567.0,PAPA PRECOCIDA,21394999,KILOGRAMO,2452.0,14935.0,1667.0,10154.0
8080567.0,ACEITE COMESTIBLE,21691009,LITRO,103644.0,668160.0,70466.0,454270.0
8080567.0,HARINA,23110001,KILOGRAMO,10200.0,33544.0,6935.0,22805.0
8080567.0,SODAS Y JUGOS,99999994,VALOR,0.0,101865.0,0.0,410231.75
8128660.0,INSUMOS VARIOS,99999994,VALOR,0.0,0.0,0.0,310059.0
8181099.0,OTROS MATERIALES,99999994,VALOR,0.0,713107.0,0.0,319793.0
8190201.0,MADERA,31330,PIE CUADRADO,40000.0,240000.0,38707.91490580904,232247.48943485424
8190201.0,PUERTAS,31600003,UNIDAD,1000.0,900000.0,967.6978726452261,870928.0853807034
8190201.0,PINTURA,35110,UNIDAD,180.0,64800.0,174.1856170761407,62706.82214741065
8190201.0,LADRILLO,37350002,UNIDAD,300000.0,300000.0,290309.3617935678,290309.3617935678
8190201.0,CERAMICA,37370,METRO CUADRADO,8000.0,280000.0,7741.582981161808,270955.4043406633
8190201.0,ESTUCO,37420004,UNIDAD,16000.0,208000.0,15483.165962323616,201281.157510207
8190201.0,CEMENTO,37440001,UNIDAD,10000.0,555000.0,9676.97872645226,537072.3193181005
8190201.0,FIERRO,41261005,TONELADA MÉTRICA,15.0,900000.0,14.515468089678391,870928.0853807034
8190201.0,VENTANAS,42120003,UNIDAD,600.0,120000.0,580.6187235871356,116123.74471742712
8190201.0,CALAMINA,42190015,METRO CUADRADO,11700.0,409500.0,11322.065109949144,396272.27884822007
8190201.0,"OTROS (CLAVOS, ALAMBRES Y CHAPAS)",429,VALOR,0.0,103000.0,0.0,99672.88088245828
8190201.0,JUEGO DE ACCESORIOS PARA BAÑO,99999994,OTROS,180.0,108000.0,174.1856170761407,104511.3702456844
8255063.0,VARIOS,99999994,VALOR,0.0,6587543.587047369,0.0,6587543.587047369
8264821.0,VARIOS,99999994,VALOR,0.0,2968257.980390583,0.0,2968257.980390583
8267814.0,VARIOS,99999994,VALOR,0.0,485469.0,0.0,152477.0
8279745.0,CARNES VARIAS,211,VALOR,0.0,5481379.0,0.0,5481379.0
8279745.0,ACEITE,21691009,VALOR,0.0,232900.0,0.0,232900.0
8279745.0,QUESOS VARIOS,22251001,VALOR,0.0,370114.0,0.0,370114.0
8279745.0,PANES Y OTROS,23490,VALOR,0.0,425980.0,0.0,425980.0
8279745.0,BEBIDAS ALCOHOLICAS,241,VALOR,0.0,162196.0,0.0,162196.0
8279745.0,CERVEZAS Y OTROS,24310001,VALOR,0.0,217958.0,0.0,217958.0
8279745.0,BEBIDAS GASEOSAS,24490001,VALOR,0.0,992050.0,0.0,992050.0
8279745.0,ENVASES VARIOS,36490001,VALOR,0.0,322348.0,0.0,322348.0
8279745.0,OTROS MATERIALES,99999994,VALOR,0.0,2514717.0,0.0,2514717.0
8287125.0,"PAPA PRIMERA, SEGUNDA, TERCERA, CANDELERO, PINTA BOCA",01510,KILOGRAMO,872947.0,4150124.0,900927.0,4261386.0
8353135.0,METODOPROMISA,34150006,PIEZA,9600.0,11520.0,9600.0,11520.0
8353135.0,SULFATO DE MAGNESIO,34240025,PIEZA,8400.0,31248.0,8400.0,31248.0
8353135.0,SULFATO PULMONAR,34240030,PIEZA,120.0,22000.0,120.0,22000.0
8353135.0,FUROSEMIDA,35230999,OTROS,4800.0,41760.0,4800.0,41760.0
8353135.0,HIPNOL,35250004,UNIDAD,96.0,3648.0,96.0,3648.0
8353135.0,SUEROS,35270001,PIEZA,600.0,4800.0,600.0,4800.0
8353135.0,MICRIGOTERO DE 150 ML,35270999,OTROS,3000.0,27000.0,3000.0,27000.0
8353135.0,PAQUETE QUIRURGICO DESECHABLE,35270999,OTROS,600.0,10200.0,600.0,10200.0
8353135.0,AGUJAS PARA ANESTESIA,48150006,UNIDAD,360.0,3600.0,360.0,3600.0
8353135.0,CATETER,48150017,UNIDAD,48.0,19400.0,48.0,19400.0
8353135.0,OTROS,99999994,VALOR,0.0,1868459.0,0.0,1868459.0
8360720.0,VARIOS,99999994,VALOR,0.0,11282898.899887046,0.0,12807790.899887046
8371339.0,INSUMOS MEDICOS,99999994,PIEZA,8000.0,2850727.18,7500.0,2672556.73
8417505.0,PINTURAS,35110,LITRO,165.0,98820.0,121.0,77268.0
8417505.0,REPUESTOS Y ACCESORIOS PARA VEVICULOS,4912,UNIDAD,184.0,146965.0,294.0,246017.0
8417505.0,MATERIALES PARA CHAPERIO,99999994,UNIDAD,850.0,410985.0,686.0,325204.0
8514306.0,VERDURAS,012,KILOGRAMO,1092949.0,1092949.0,1092949.0,1092949.0
8514306.0,FRUTAS,013,UNIDAD,777359.0,777359.0,777359.0,777359.0
8514306.0,LEGUMBRES,017,KILOGRAMO,971359.0,971359.0,971359.0,971359.0
8514306.0,ABARROTES,2,KILOGRAMO,1530128.0,1530128.0,1530128.0,1530128.0
8514306.0,BEBIDAS,24,UNIDAD,130963.0,130963.0,130963.0,130963.0
8514306.0,GAS LICUADO,33410001,UNIDAD,32236.0,32236.0,32236.0,32236.0
8514306.0,INSUMOS GASTRONOMICOS,99999994,UNIDAD,2121245.0,2121245.0,2121245.0,2121245.0
8514306.0,MATERIAL FUNGIBLE,99999994,UNIDAD,7303.0,7303.0,7303.0,7303.0
8534027.0,VERDURAS,012,KILOGRAMO,2960.0,42550.0,1750.0,29750.0
8534027.0,ACEITES,21691009,LITRO,6000.0,75000.0,2600.0,32500.0
8534027.0,HARINAS,23110001,QUINTAL,1500.0,39000.0,820.0,213200.0
8534027.0,FIDEOS,23710,KILOGRAMO,78560.0,432865.0,12600.0,69426.0
8534027.0,OTROS INSUMOS,99999994,KILOGRAMO,8500.0,83764.0,1000.0,63450.0
8538332.0,TELAS,26,METRO (LINEAL),113013.0,2606631.0,202324.0,4666578.273685329
8538332.0,CUELLOS Y PUÑOS,2822,PIEZA,10343.0,38071.0,83837.0,256288.0
8538332.0,INSUMOS,99999994,PIEZA,51454.0,58440.0,340777.09496919916,387045.0
8538332.0,MATERIALES,99999994,PIEZA,10150.0,441.0,10150.0,1342.0
8578102.0,CARTONES Y CAJONES,32153011,PIEZA,17045.0,34091.0,17045.0,34091.0
8589295.0,POLLO,21121000,KILOGRAMO,366412.0,4303511.0,356399.0,4185908.0
8589295.0,PAPA PREFRITA,21394999,KILOGRAMO,105998.0,1291054.0,103101.0,1255772.0
8589295.0,ACEITE,21691009,LITRO,100184.0,688562.0,97446.0,669745.0
8589295.0,ARROZ,23161002,KILOGRAMO,229662.0,1118913.0,223386.0,1088336.0
8589295.0,OTROS,99999994,VALOR,0.0,1204983.0,0.0,1172054.0
8593436.0,MATERIAS PRIMAS,99999994,KILOGRAMO,256384.0,3649130.0,298183.0,2198903.0
8593436.0,OTRAS MATERIAS PRIMAS,99999994,VALOR,0.0,909588.0,0.0,483388.0
8599299.0,ARCILLA,15400,TONELADA MÉTRICA,206366.0,4129377.0,203735.0,4076733.0
8607417.0,POLLO,21121000,KILOGRAMO,148286.0,1741625.0,148286.0,1741625.0
8607417.0,"MATERIAL DESCARTABLE, ARROZ, AZUCAR, MATERIAL DE LIMPIEZA, OTROS",99999993,VALOR,0.0,3724840.0,0.0,3682102.0
8610287.0,AGREGADOS,153,METRO CÚBICO,1035.0,103512.23,1035.0,103512.23
8610287.0,LADRILLO,37350002,UNIDAD,4555.0,177631.0,4555.0,177631.0
8610287.0,CEMENTO,37440001,QUINTAL,3942.0,181325.0,3942.0,181325.0
8610287.0,OTROS,99999994,VALOR,0.0,943237.77,0.0,943237.77
8641283.0,SOLUCION FISIOLOGICA,35270001,LITRO,3606.0,360600.0,3606.0,360600.0
8641283.0,SOLUCION ACIDA,35270999,LITRO,10560.0,1.056,10560.0,1.056
8641283.0,SOLUCION BASICA,35270999,LITRO,14400.0,1.44,14400.0,1.44
8641283.0,JERINGAS 20 ML,48150005,PIEZA,3639.0,7278.0,3629.0,7278.0
8641283.0,FILTRO F7,48150999,UNIDAD,1800.0,297000.0,1800.0,297000.0
8656002.0,HUEVO,02311000,UNIDAD,1116188.0,650625.0,1130933.0,659221.0
8656002.0,FILETE,211,KILOGRAMO,152384.0,2386334.0,150640.0,2359018.0
8656002.0,POLLO,21121000,KILOGRAMO,56882.0,668083.0,49677.0,583451.0
8656002.0,MAIZENA,23220002,KILOGRAMO,58535.0,316088.0,58696.0,316958.0
8656002.0,"VARIOS MATERIA PRIMA MATERIALES, ENVASES Y EMBALAJE",99999994,VALOR,0.0,1395622.0,0.0,1366521.0
8668302.0,VARIOS,99999994,VALOR,0.0,6490265.627222913,0.0,6490265.627222913
8703111.0,SAL GRANULADA,16200999,QUINTAL,1618.0,54106.0,1101.0,35123.0
8703111.0,AMONIACO ANHIDRO,34651000,KILOGRAMO,480.0,60134.0,480.0,60134.0
8703111.0,BOLSAS PARA ENVASE,36410001,KILOGRAMO,17368.0,457137.0,14736.0,387861.0
8703111.0,BOLSAS QQ,36410001,PIEZA,23000.0,41150.0,22400.0,40077.0
8703111.0,OTROS MATERIALES,99999994,VALOR,0.0,39430.0,0.0,39148.4604156225
8716682.0,MASCARILLAS,27190005,PIEZA,120.0,4200.0,100.0,3500.0
8716682.0,ALCOHOL,3413,LITRO,194.4,3240.0,178.2,2970.0
8716682.0,ACIDO NITRICO,34233001,LITRO,64.8,1080.0,59.4,990.0
8716682.0,AGUA DESTILADA,34250007,LITRO,6000.0,9000.0,5500.0,8250.0
8716682.0,GUANTES,36260001,PAR,18000.0,12600.0,16500.0,11550.0
8716682.0,ENVASES,99999994,PIEZA,6000.0,9000.0,5500.0,8250.0
8777608.0,ACEITE,21691009,LITRO,107525.0,827087.0,101079.0,782070.0
8777608.0,MANTECA,21700003,KILOGRAMO,181869.0,2478758.0,170101.0,2311604.0
8777608.0,HARINA,23110001,KILOGRAMO,1727151.0,4633338.0,597208.0,3425974.0
8777608.0,AZUCAR,23520001,KILOGRAMO,316407.0,1092957.0,289671.0,1007750.0
8802126.0,OXIGENO GAS MEDICINAL,34210003,METRO CÚBICO,6516.0,117279.0,6516.0,117279.0
8802126.0,INSUMOS VARIOS,99999994,VALOR,0.0,593932.0,0.0,593932.0
8819961.0,VARIOS,99999994,VALOR,0.0,1249173.0,0.0,1249173.0
8828817.0,PAPEL BOND BLANCO BOBINA 87,32129001,KILOGRAMO,198401.0,1361686.26,103647.0,710288.48
8828817.0,PAPEL BOND BLANCO BOBINA 85,32129001,KILOGRAMO,394936.0,2657988.0,352294.0,2366908.75
8828817.0,PAPEL BOND BLANCO RESMA 85X65,32129001,KILOGRAMO,24962.0,178773.86,1696.0,11627.1
8828817.0,PAPEL BOND BLANCO RESMA 60X97.5,32129001,KILOGRAMO,24719.0,178753.96,2364.0,17095.12
8828817.0,CARTULINA BRISTOL BL RESMA,32129007,KILOGRAMO,100692.0,758938.86,74706.0,563426.44
8828817.0,CARTULINA MANILA,32129014,KILOGRAMO,110201.0,904598.57,907.0,7445.22
8828817.0,CARTULINA NEGRA,32129014,KILOGRAMO,40709.84,469594.5,10703.93,123471.54
8828817.0,CARTULINA MANILA,32129014,KILOGRAMO,451212.0,3519142.65,455817.0,3555935.15
8828817.0,CARTULINA ZAFIRO BOBINA,32129999,KILOGRAMO,16980.0,232579.81,3750.0,51364.8
8828817.0,"CARTON GRIS CARTA LAMINAS DE 43,1X28",32136005,KILOGRAMO,155726.0,944174.04,101085.0,609727.19
8828817.0,INSUMOS VARIOS,99999994,KILOGRAMO,1005059.08,10438052.67,1178322.92,13914517.37
8878468.0,VARIOS,99999994,VALOR,0.0,0.0,0.0,37017.34999999998
8886217.0,MATERIALES DE CONSTRUCCION,99999994,VALOR,0.0,4247222.0,0.0,5147372.0
8918238.0,INSUMOS VARIOS,99999994,VALOR,0.0,5963438.0,0.0,4805549.0
8927053.0,LADRILO CON HUECOS,37350002,OTROS,50000.0,37500.0,50000.0,37500.0
8927053.0,LADRILLOS MEDIOS,37350002,OTROS,25000.0,17500.0,25000.0,17500.0
8927053.0,CERAMICA,37370,METRO CUADRADO,10610.0,424400.0,10610.0,424400.0
8927053.0,CONCRETO,37510001,OTROS,26000.0,1224000.0,25450.0,1247050.0
8927053.0,FIERRO CORROGADO 1.1,41261005,BARRA,1940.0,16917.0,1940.0,16917.0
8927053.0,OTROS MATERIALES DE CONTRUCCION,99999994,VALOR,0.0,4046308.0,0.0,3200648.0
8930497.0,LINGOTE DE ORO,41320001,GRAMO,20499.65905720405,5316966.0,11400.0,2956801.0
8944068.0,TOMATE LARGUITO,01234005,KILOGRAMO,155494.6,955165.29,155314.77,824142.42
8944068.0,PLATANO ENTERO,01313000,KILOGRAMO,156592.0,1089880.32,155532.0,1082502.72
8944068.0,CARNE TROZADA DE RES,21111002,KILOGRAMO,52620.05,1327603.89,59726.5,1506899.61
8944068.0,AVE,21121000,KILOGRAMO,2040214.31,29662051.67,2040214.31,29662051.67
8944068.0,ALITAS A GRANEL,21121000,KILOGRAMO,64913.1,1236789.37,64913.1,1236789.37
8944068.0,ACEITE,21691009,LITRO,58200.0,1148487.0,60629.38,479545.9
8944068.0,SACHET SALSA COPACABANA,23995999,PIEZA,6493397.2,2146717.12,6160561.2,2036681.48
8944068.0,JARABE COCA COLA 19 LT.,23999011,LITRO,46185.2,873948.89,46185.2,873948.89
8944068.0,COCA COLA - 2000 CC. (1PAQ=6PZ),24490001,OTROS,185430.0,1112187.3,183832.0,1239518.41
8944068.0,CAJA DE POLLO PEQUEÑA,32153004,PIEZA,1626875.0,990766.88,1392325.0,847965.54
8944068.0,OTROS,99999994,VALOR,0.0,21551194.53,0.0,22495253.4388
8951817.0,VARIOS,99999994,VALOR,0.0,4993566.557669469,0.0,4993566.557669469
8977606.0,"FIERRO, CEMENTO, ESTUCO",99999993,KILOGRAMO,50200.0,4760080.0,47900.0,4207100.0
8987856.0,MATERIALES ELECTRICOS,99999994,VALOR,0.0,544162.0,0.0,1662946.7184228702
8987856.0,MATERIALES DE CONSTRUCCIÓN DE REDES,99999994,VALOR,0.0,316901.0,0.0,968442.2617068556
8987856.0,MATERIALES DE CONSTRUCCIÓN PARA BASE,99999994,VALOR,0.0,359512.0,0.0,1098660.5103510404
8987856.0,OTROS MATERIALES,99999994,VALOR,0.0,444475.0,0.0,1358305.5095192336
8990972.0,INSUMOS VARIOS,99999994,VALOR,0.0,703573.2264749223,0.0,703573.2264749223
9019180.0,OTRAS INSUMOS,99999994,VALOR,0.0,4668238.0,0.0,4396180.0
9051611.0,PAPA,01510001,KILOGRAMO,83678.0,767327.0,83614.0,766740.0
9051611.0,POLLO,21121000,PIEZA,152506.0,2594510.0,137834.0,2344516.0
9051611.0,ACEITE,21691009,LITRO,67180.0,599246.0,66070.0,589344.0
9051611.0,LECHE,22110001,LITRO,63585.0,311137.0,59422.0,290797.0
9051611.0,CAFÉ,2391,KILOGRAMO,4657.0,427152.0,4602.0,420121.0
9051611.0,OTROS MATERIALES,99999994,VALOR,0.0,9498440.0,0.0,9752552.0
9072521.0,ARENA,15310,VALOR,0.0,230969.0,0.0,461939.2594014041
9072521.0,MADERA Y OTROS,31330,VALOR,0.0,46256.0,0.0,92512.25221943788
9072521.0,CARGA DE OXIGENO,34210003,UNIDAD,1.0,4070.0,1.0,8140.022192431516
9072521.0,TUBOS PVC,36320001,VALOR,0.0,31724.0,0.0,63448.17298100673
9072521.0,CEMENTO,37440001,VALOR,0.0,1214010.0,0.0,2428026.6196151804
9072521.0,"LADRILLOS, LOSAS Y PLACAS DE CONCRETO",37540,VALOR,0.0,1072.0,0.0,2144.005845279259
9072521.0,TUBERIA DE HORMIGON ARMADO,37560001,VALOR,0.0,49548.0,0.0,99096.27016967979
9072521.0,FIERRO DE CONSTRUCCION,41261005,VALOR,0.0,584712.0,0.0,1169427.188250864
9072521.0,ALAMBRES Y MALLAS TEJIDAS,42943,VALOR,0.0,22594.0,0.0,45188.123197984685
9072521.0,MATERIAL DE FERRETERIA EN GENERAL,99999994,VALOR,0.0,303345.0,0.0,606691.6540449971
9072521.0,MATERIAL ELECTRICO,99999994,VALOR,0.0,42284.0,0.0,84568.2305613696
9072521.0,HERRAMIENTAS MENORES,99999994,VALOR,0.0,36958.0,0.0,73916.20152036462
9083181.0,VARIOS,99999994,VALOR,0.0,29850.0,0.0,29850.0
9126272.0,PRODUCTOS ALIMENTICIOS (INSUMOS DE COCINA),99999994,KILOGRAMO,71746.0,1357856.0,71746.0,1357856.0
9126272.0,OTROS MATERIALES,99999994,VALOR,0.0,434703.0,0.0,434703.0
9165673.0,VARIOS,99999994,VALOR,0.0,0.0,0.0,21064899.0
9174078.0,VARIOS MATERIALES DE CONSTRUCCION,99999994,VALOR,0.0,3270933.0,0.0,3270933.0
9175062.0,CEMENTO,37440001,PIEZA,780.0,356114.0,335.45528029735834,153154.25857411983
9175062.0,FIERRO,41261005,BARRA,750.0,549460.0,322.55315413207535,236306.74142588017
9218317.0,"ENVASES, EMBALAJES y OTROS INSUMOS",99999994,VALOR,0.0,461473.0,0.0,461473.0
9229223.0,HUEVO,02311000,UNIDAD,24621.0,20927.5,24621.0,20927.5
9229223.0,MARISCOS,04351000,KILOGRAMO,3348.85,216838.21,3348.85,216838.21
9229223.0,CARNE,211,KILOGRAMO,14324.07,1074305.53,14324.07,1074305.53
9229223.0,POLLO,21121000,KILOGRAMO,10943.75,242185.15,10943.75,242185.15
9229223.0,EMBUTIDOS,21184,KILOGRAMO,1017.4,44358.69,1017.4,44358.69
9229223.0,ACEITE,21691009,LITRO,6128.0,82724.72,6128.0,82724.72
9229223.0,HARINA,23110001,QUINTAL,115.0,19701.15,115.0,19701.15
9229223.0,ARROZ,23161002,QUINTAL,55.0,17147.14,55.0,17147.14
9229223.0,AZUCAR,23520001,QUINTAL,98.15,23261.57,98.15,23261.57
9229223.0,OTROS MATERIALES,99999994,VALOR,0.0,2734154.0,0.0,2734154.0
9309501.0,PAPELERIA,32129,VALOR,0.0,247690.0,0.0,247690.0
9332010.0,VARIOS,99999994,VALOR,0.0,0.0,0.0,7509996.0
9369976.0,VARIOS,99999994,VALOR,0.0,394758.0,0.0,185640.0
9391542.0,VARIOS,99999994,VALOR,0.0,8961728.0,0.0,8731402.0
9512410.0,VARIOS,99999994,VALOR,0.0,1216791.0681467284,0.0,1216791.0681467284
9513353.0,MATERIALES PARA LA GENERACIÓN DEL SERVICIO,99999994,VALOR,0.0,340000.0,0.0,244229.0
9523234.0,VARIOS,99999994,VALOR,0.0,2026787.277082323,0.0,2026787.277082323
9525202.0,"ENVASES, EMBALAJES y OTROS INSUMOS",99999994,VALOR,0.0,888.0,0.0,888.0
9546276.0,CHANNEL PLATE Y OTROS,36940001,PIEZA,1880.0,3754156.0,1500.0,3393794.0
9602282.0,INSUMOS VARIOS,99999994,UNIDAD,0.0,0.0,0.0,0.0
9606423.0,ACEITE IPIDRIL ISO 150,33380000,LITRO,1400.0,43400.0,1000.0,31000.0
9606423.0,GRASA GRAFITADA,33380000,KILOGRAMO,434.0,20040.0,401.0,18516.0
9606423.0,EMULNOR 3000,35450002,KILOGRAMO,225.0,6325.0,225.0,6325.0
9606423.0,EMULNOR 5000,35450002,KILOGRAMO,1000.0,28110.0,875.0,9839.0
9606423.0,DINAMITA 7/8,35450003,KILOGRAMO,2050.0,62217.0,1625.0,49319.0
9606423.0,FULMINANTE,35450008,PIEZA,15.0,29.0,10.0,19.0
9606423.0,CORDON DETONANTE 5P,35450009,METRO (LINEAL),15000.0,45300.0,11250.0,33975.0
9606423.0,ANFO,35450010,KILOGRAMO,8800.0,85712.0,6225.0,60632.0
9606423.0,MECHA DE SEGURIDAD,35450011,METRO (LINEAL),73.0,205.0,60.0,168.0
9606423.0,COPA DE AFILADO N° 11,37910999,PIEZA,18.0,13970.0,12.0,9313.0
9606423.0,BARRA DE EXTENCION T38,41261999,PIEZA,49.0,204907.0,15.0,62727.0
9606423.0,BARRENO 0.80 M,42921001,PIEZA,22.0,13756.0,10.0,6253.0
9606423.0,BARRENO 1.60 M,42921001,PIEZA,20.0,15013.0,10.0,7507.0
9606423.0,"BROCA RETRACTIL 2 1/2""",42922005,PIEZA,68.0,75855.0,31.0,34581.0
9606423.0,"BROCAS RETRACTIL 3""",42922005,PIEZA,37.0,39099.0,10.0,10567.0
9606423.0,SHANK ADAPTER T38 COP 131,44461999,PIEZA,26.0,47011.0,6.0,10848.0
9606423.0,SHANK ADAPTER T38 JD800E,44461999,PIEZA,4.0,15312.0,3.0,11484.0
9606423.0,OTROS MATERIALES,99999994,VALOR,0.0,36726.0,0.0,5611.0
9863042.0,VARIOS,99999994,VALOR,0.0,1019665.0,0.0,1019665.0
9921344.0,VARIOS,99999994,VALOR,0.0,1183.0,0.0,1183.0
9951684.0,POLLO BRAZA ASPIRADO,21121000,KILOGRAMO,16830.0,212654.0,1890.0,58625.06
9951684.0,OTROS MATERIALES,99999994,VALOR,0.0,2102743.0,0.0,567740.61
9964312.0,OTROS MATERIALES,99999994,VALOR,0.0,1239611.0,0.0,1498254.0
10019498.0,COMBUSTIBLE,33311000,LITRO,76676.0,285223.0,76676.0,285223.0
10019498.0,ACEITE DE MOTOR Y LUBRICANTES,33380000,LITRO,410.0,12000.0,410.0,12000.0
10019498.0,REPUESTOS,4912,VALOR,0.0,276480.0,0.0,269365.0
10024582.0,HUEVO,02311000,UNIDAD,165030.0,93339.0,161230.0,91190.0
10024582.0,ACEITE,21691009,LITRO,2600.0,21141.0,2420.0,19677.0
10024582.0,MARGARINA,21700001,KILOGRAMO,180.0,2645.0,180.0,2645.0
10024582.0,MANTECA,21700003,KILOGRAMO,690.0,10085.0,690.0,10085.0
10024582.0,CREMA DE LECHE,22120001,LITRO,14577.0,287933.0,14577.0,287933.0
10024582.0,MANTEQUILLA,22241001,KILOGRAMO,5060.0,162919.0,5060.0,162919.0
10024582.0,QUESO,22251001,KILOGRAMO,754.0,20251.0,754.0,20251.0
10024582.0,HARINA,23110001,KILOGRAMO,15840.0,62779.0,15600.0,61827.0
10024582.0,AZUCAR,23520001,KILOGRAMO,15491.0,59091.0,15280.0,58286.0
10024582.0,COCOA,23630001,KILOGRAMO,372.0,18776.0,372.0,18776.0
10024582.0,COBERTURA,23650002,KILOGRAMO,324.0,13349.0,324.0,13349.0
10024582.0,OTROS,99999994,VALOR,0.0,1483019.68381654,0.0,1397974.68381654
10115110.0,OTROS MATERIALES,99999994,VALOR,0.0,16326011.0,0.0,16326011.0
10227696.0,OTROS MATERIALES,99999994,VALOR,0.0,8814234.0,0.0,8814234.0
10257462.0,ACRILICOS,35110025,KILOGRAMO,564377.3619493768,10440976.0,544989.9831297997,10082320.316970056
10275051.0,BOLSAS BD RT 60*55,36410001,KILOGRAMO,6000.0,637456.0,6000.0,637456.0
10275051.0,CARNE Y OTTROS INSUMOS,61123000,VALOR,0.0,11347207.0,0.0,11464700.0
10275051.0,OTROS,99999994,VALOR,0.0,700000.0,0.0,700000.0
10337494.0,"ARENA, GRAVA Y PIEDRA",153,METRO CÚBICO,944.0,146323.0,944.0,146323.0
10337494.0,PUERTAS Y PORTONES,31600,UNIDAD,40.0,104482.0,40.0,104482.0
10337494.0,PINTURA,35110,LITRO,1487.0,44601.0,1487.0,44601.0
10337494.0,INODOROS Y BAÑERAS,37210,UNIDAD,99.0,168562.0,99.0,168562.0
10337494.0,LADRILLOS,37350002,UNIDAD,100500.0,90580.0,100500.0,90580.0
10337494.0,CERAMICA,37370,METRO CUADRADO,1671.0,208877.0,1671.0,208877.0
10337494.0,ESTUCO,37420004,UNIDAD,7220.0,130080.0,7220.0,130080.0
10337494.0,CEMENTO,37440001,UNIDAD,8600.0,482020.0,8600.0,482020.0
10337494.0,ACERO,412,TONELADA MÉTRICA,18.0,108254.0,18.0,108254.0
10337494.0,GRIFERIA,43240005,PIEZA,263.0,35488.0,263.0,35488.0
10337494.0,OTROS MATERIALES DE CONSTRUCCION,99999994,UNIDAD,350.0,1336886.0,350.0,1336886.0
10367834.0,OTROS MATERIALES,99999994,VALOR,0.0,5492168.0,0.0,5541202.0
10420027.0,VARIOS,99999994,VALOR,0.0,19083373.0,0.0,17105863.0
10538394.0,OTROS MATERIALES,99999994,VALOR,0.0,3335951.0,0.0,3313180.0
10610759.0,CHOCLOS DE 200 GRS. - CAJA,01290001,UNIDAD,26511.0,74970.0,13094.0,37028.0
10610759.0,PAPA LUTOSA DE 2.5KGRS.,01510001,KILOGRAMO,1951.0,28010.0,1338.0,19205.0
10610759.0,SACHET DE OREGANO TELEPIZZA,01699019,UNIDAD,216133.0,24488.0,84045.0,9522.0
10610759.0,CARNE MOLIDA DE SEGUNDA,21111002,KILOGRAMO,3051.0,78300.0,2826.0,72537.0
10610759.0,FILETE DE POLLO PECHUGA,21121000,KILOGRAMO,3313.0,69429.0,3404.0,71345.0
10610759.0,CARNE DE POLLO ALA,21121000,KILOGRAMO,2854.0,44595.0,2650.0,41405.0
10610759.0,JAMON EN BARRA,21181003,KILOGRAMO,23178.0,607060.0,21131.0,554044.0
10610759.0,TOCINO,21181004,KILOGRAMO,982.0,42268.0,282.0,12123.0
10610759.0,PEPERONI,21184999,KILOGRAMO,3151.0,100076.0,1530.0,48592.0
10610759.0,CHAMPIÑONES DE 200 GRS. CAJA,21340008,UNIDAD,15863.0,93557.0,1326.0,7819.0
10610759.0,DURAZNOS AL JUGO DE 485 GRS.,21439006,UNIDAD,4210.0,38790.0,1444.0,13304.0
10610759.0,PIÑAS EN LATA 490 GRS. CAJA,21491000,UNIDAD,7371.0,85524.0,1129.0,13102.0
10610759.0,ACEITE GIRASOL 20LTS.,21632001,LITRO,4893.0,41601.0,3024.0,25712.0
10610759.0,QUESO MUZZARELLA,22251007,KILOGRAMO,39773.0,1715416.0,41268.0,1779874.0
10610759.0,REQUESON DE 1.8 KILOS,22251008,KILOGRAMO,788.0,33495.0,1355.0,57607.0
10610759.0,HELADO GENERICO VACA FRIA,22270,LITRO,1024.0,44538.0,784.0,34098.0
10610759.0,HARINA DE 25 KILOS,23110001,KILOGRAMO,49578.0,168992.0,37876.0,129105.0
10610759.0,SEMOLA DE 454GR.,23130001,UNIDAD,7440.0,32364.0,1308.0,5691.0
10610759.0,SACHET DE AJI TELEPIZZA,23995006,UNIDAD,225234.0,25722.0,100721.0,11502.0
10610759.0,SALSA PIZZA ELIS,23995999,KILOGRAMO,4678.0,55061.0,25125.0,295720.0
10610759.0,EXTRACTO DE TOMATE,23999035,KILOGRAMO,7133.0,77569.0,1181.0,12844.0
10610759.0,AGUA VITAL SIN GAS 600 CC.,24410001,VALOR,0.0,17303.0,0.0,15053.61
10610759.0,AQUARIO 500 CC,24490001,VALOR,0.0,25866.0,0.0,22503.42
10610759.0,COCA COLA 1500 CC.,24490001,VALOR,0.0,84038.0,0.0,73113.06
10610759.0,COCA COLA 500 CC,24490001,VALOR,0.0,42601.0,0.0,37062.87
10610759.0,COCA COLA ZERO 500 CC,24490001,VALOR,0.0,9378.0,0.0,8158.86
10610759.0,FANTA 2000 CC,24490001,VALOR,0.0,20098.0,0.0,17485.26
10610759.0,FANTA 500 CC,24490001,VALOR,0.0,15907.0,0.0,13839.09
10610759.0,SPRITE 2000 CC,24490001,VALOR,0.0,25444.0,0.0,22136.28
10610759.0,SPRITE 500 CC,24490001,VALOR,0.0,17152.0,0.0,14922.24
10610759.0,VASOS TELEPIZZA 350 ML PEQUEÑO,36940004,UNIDAD,111569.0,44650.0,112196.0,44901.0
10610759.0,TRIANGULO PORCION TELEPIZZA,42916008,UNIDAD,161824.0,53483.0,156219.0,51631.0
10610759.0,OTROS ARTÍCULOS,99999994,VALOR,0.0,424320.0,0.0,424320.0
10610759.0,OTROS PRODUCTOS,99999994,VALOR,0.0,321879.0,0.0,280034.73
10645978.0,VERDURAS Y ESPECIAS,012,KILOGRAMO,3560.0,165860.0,7898.0,367966.93258426967
10645978.0,CARNICOS Y EMBUTIDOS,211,KILOGRAMO,22021.0,1211208.0,39008.76570828462,2145576.0
10645978.0,BEBIDAS  ALCOHÓLICAS,241,UNIDAD,137.86923406994208,15916.0,1615.0,186440.0
10645978.0,BEBIDAS SIN ALCOHÓLICOS,244,UNIDAD,4244.0,27940.0,3537.0,23285.52780395853
10645978.0,"RESTO ( LEÑA, CARBON , CONDIMENTOS, FRUTAS)",99999993,KILOGRAMO,16936.0,71978.0,16442.0,287888.0
10645978.0,OTROS MATERIALES,99999994,VALOR,0.0,1288757.0,0.0,0.0
10663731.0,"ARROZ, AZUCAR, MACARRONES, FIDEOS, ACEITE COMESTIBLE, PAPA, CHUÑO",99999993,KILOGRAMO,43200.0,518400.0,43200.0,518400.0
10663731.0,OTROS MATERIALES,99999994,VALOR,0.0,2104521.0,0.0,2030340.0
10670455.0,VARIOS,99999994,VALOR,0.0,2854081.8229471035,0.0,2854086.8229471035
10852372.0,CARNES ROJAS,211,KILOGRAMO,13349.0,638755.0,10337.0,494645.0
10852372.0,POLLOS Y AVES,2112,KILOGRAMO,1876.0,36722.0,1794.0,35100.0
10852372.0,EMBUTIDOS Y CERDO,21184,KILOGRAMO,417.0,21764.0,407.0,21229.0
10852372.0,PESCADOS Y MARISCOS,212,KILOGRAMO,633.0,99104.0,550.0,86154.0
10852372.0,CONGELADOS (YUCA Y PAPA),2131,KILOGRAMO,6676.0,93861.0,6568.0,92346.0
10852372.0,LACTEOS Y DERIBADOS,22,LITRO,4281.0,100557.0,4226.0,99263.0
10852372.0,BEBIDAS EN GENERAL,24,UNIDAD,4047.0,634456.0,1507.0,220413.0
10852372.0,"ABARROTES (ARROZ, FIDEO, AZUCAR, HARINA, MAIZ, ETC)",99999993,QUINTAL,465.0,93007.0,389.0,77733.0
10852372.0,"VARIOS (VERDURAS, FRUTAS, CONDIMENTOS, ETC)",99999993,VALOR,0.0,904695.0,0.0,1036988.0
10892511.0,"TELA, PLASTOFOR",99999993,ARROBA,10000.0,5146392.0,9000.0,4056700.0
10897964.0,OILMIX,21691,KILOGRAMO,19522.0,705109.0,12022.0,434224.0
10897964.0,GRASA VEGETAL,21700002,KILOGRAMO,50812.0,816621.0,50000.0,803571.0
10897964.0,MIX CREAM,22120999,KILOGRAMO,25898.0,1777419.0,15337.0,1052600.0
10897964.0,GLUCOSA LIQUIDA,23210001,KILOGRAMO,7000.0,42630.0,5000.0,24360.0
10897964.0,AZUCAR BLANCO,23520001,KILOGRAMO,9597.0,40310.0,5000.0,21002.0
10897964.0,LACTATO,34140024,KILOGRAMO,3125.0,81951.0,2075.0,55426.0
10897964.0,GELMIX,35250999,KILOGRAMO,15515.0,1064699.0,9515.0,652953.0
10897964.0,POLIGEL,35250999,KILOGRAMO,2329.0,60626.0,1330.0,34621.0
10897964.0,VARIOS,99999994,VALOR,0.0,18486.0,0.0,37242.0
10902187.0,CHAMARRAS,2823,UNIDAD,25.0,6250.0,19.0,4750.0
10902187.0,UNIFORME TACTICO,28236010,UNIDAD,24.0,7200.0,18.0,5400.0
10902187.0,CHALECOS,28236999,UNIDAD,24.0,4320.0,18.0,3240.0
10902187.0,PANOCAS,28236999,UNIDAD,24.0,6240.0,18.0,4680.0
10902187.0,MUSLERAS,28238999,UNIDAD,24.0,1920.0,18.0,1440.0
10902187.0,GORRAS,28269002,UNIDAD,24.0,720.0,18.0,540.0
10902187.0,GORRAS NEGRAS,28269002,UNIDAD,50.0,3250.0,20.0,1170.0
10902187.0,MOCHILAS,29220037,UNIDAD,24.0,3600.0,18.0,2700.0
10902187.0,BOTIQUINES,35290002,UNIDAD,24.0,2760.0,18.0,2076.0
10902187.0,VALEROS DE LONAS,42999999,UNIDAD,24.0,3600.0,18.0,2700.0
10902187.0,OTROS,99999994,VALOR,0.0,87076.0,0.0,68735.0
10960284.0,FRUTAS TROPICALES VARIAS,0131,KILOGRAMO,9755.0,146330.0,9755.0,146330.0
10960284.0,CAMU CAMU,01319005,KILOGRAMO,22630.0,226301.0,22630.0,226301.0
10960284.0,ASAI,01319014,KILOGRAMO,91726.0,2109697.0,91726.0,2109697.0
10960284.0,NONI,01319016,KILOGRAMO,2655.0,26550.0,2655.0,26550.0
10960284.0,MORINGA,01319030,KILOGRAMO,2484.0,32286.0,2484.0,32286.0
10960284.0,`MACA,01599001,KILOGRAMO,3507.0,43835.0,3507.0,43835.0
10960284.0,OTRAS MATERIAS PRIMAS,99999994,VALOR,0.0,177443.0,0.0,177443.0
11016536.0,HARINA GALLETERA,23110001,KILOGRAMO,1044000.0,2923200.0,1002963.0,2808297.0
11016536.0,OTRAS MATERIAS PRIMAS,99999994,VALOR,0.0,4178847.20569275,0.0,4033422.20569275
11030640.0,VARIOS,99999994,VALOR,0.0,764297.0,0.0,964098.0
11103292.0,CEMENTO LIDER SUPERIOR (BOLSA),37440001,UNIDAD,6588.0,368928.0,6588.0,368928.0
11103292.0,FIERRO ESTRIADO 1/2 MM 12MT,41261005,BARRA,1488.0,88140.0,1488.0,88140.0
11103292.0,FIERRO ESTRIADO 5/8 MM 12MT,41261005,BARRA,1704.0,179028.0,1704.0,179028.0
11103292.0,FIERRO ESTRIADO 3/4 MM 12MT,41261005,BARRA,3072.0,518400.0,3072.0,518400.0
11103292.0,FIERRO CORRUGADO 1 25MM,41261005,BARRA,1344.0,355992.0,1344.0,355992.0
11103292.0,CAÑERIA 3/4 20MM 5.8 MM,41283005,PIEZA,2436.0,872088.0,2436.0,872088.0
11103292.0,OTROS MATERIALES,99999994,VALOR,0.0,3725139.0,0.0,3955397.0
11137199.0,MELAMÍNICO,31431000,METRO CÚBICO,3215.0,385800.0,965.0,115800.0
11137199.0,LAMINA DE ACRÍLICO,36330001,UNIDAD,1052.0,95732.0,856.0,77896.0
11137199.0,VIDRIO,37112001,METRO CUADRADO,12.0,1800.0,6.0,900.0
11137199.0,LÁMINAS DE PLANCHA METÁLICA,41212001,UNIDAD,2563.0,312686.0,1934.0,235948.0
11137199.0,LÁMINAS DE INOX,41214001,UNIDAD,1805.0,178695.0,33.0,3267.0
11137199.0,ANGULAR,41262001,BARRA,150.0,7050.0,45.0,2115.0
11137199.0,OTROS VARIOS,99999994,VALOR,0.0,22013.0,0.0,58159.0
11148515.0,OTROS MATERIALES,99999994,VALOR,0.0,22457.0,0.0,22457.0
11150893.0,BOLSAS PARA EMBALAJE,36410,KILOGRAMO,1200.0,33181.0,1200.0,33181.0
11180044.0,VARIOS,99999994,VALOR,0.0,22283739.473825593,0.0,22283739.473825593
11212557.0,PAPA BASTON,01510001,KILOGRAMO,50633.0,670891.0,49430.0,656237.0
11212557.0,POLLO,21121000,KILOGRAMO,127355.0,2521954.0,127258.8,2519934.0
11212557.0,ARROZ,23161002,KILOGRAMO,43878.0,258382.0,43289.0,255154.0
11212557.0,OTROS MATERIALES PARA LA GENERACIÓN DE SERVICIOS,99999994,UNIDAD,10227881.0,5747094.0,9827718.0,5585918.0
11214156.0,VARIOS,99999994,VALOR,0.0,6118242.427760018,0.0,6118242.427760018
11257903.0,ACIDO BORICO,34231016,TONELADA MÉTRICA,333.45,1439162.2,285.25,1231132.1563952616
11257903.0,ULEXITA NATURAL,34270006,TONELADA MÉTRICA,11710.15,5893244.0,13912.42,7001557.255071882
11257903.0,ENVASES,99999994,PIEZA,607265.0,3371661.01,225783.0,1253593.9628017915
11257903.0,MATERIAL DE EMBALAJE,99999994,PIEZA,168000.0,32074.6,2012662.0,384257.90824523807
11257903.0,OTRAS MATERIAS PRIMAS,99999994,VALOR,0.0,467443.0,0.0,1513061.71748583
11277091.0,HUEVOS,02311000,UNIDAD,1600.0,835.0,802.0,426.0
11277091.0,MANTECA,21700003,KILOGRAMO,14578.0,280225.0,11841.0,219109.0
11277091.0,LECHE,22110001,LITRO,27466.0,126834.0,27266.0,123203.0
11277091.0,LECHE EVAPORADA,22221000,UNIDAD,8429.0,56619.0,8158.0,54928.0
11277091.0,MANTEQUILLA,22241001,KILOGRAMO,270.0,5872.0,2052.0,44553.0
11277091.0,QUESO,22251001,KILOGRAMO,37975.0,888805.0,37158.0,868639.0
11277091.0,HARINA,23110001,KILOGRAMO,5292.0,7317.0,5277.0,7301.0
11277091.0,ALMIDÓN DE YUCA,23220004,KILOGRAMO,52800.0,1706964.0,51776.0,1671923.0
11277091.0,AZÚCAR,23520001,KILOGRAMO,1097.0,4715.0,1109.0,5990.0
11277091.0,BOLSAS,36410001,KILOGRAMO,1311.0,155787.0,1041.0,127393.0
11277091.0,OTROS,99999994,VALOR,0.0,1334.0,0.0,34723.0
11367373.0,ARENA,15310,CENTIMETRO CÚBICO,4000.0,240000.0,4000.0,264000.0
11367373.0,PLAFON,36950007,METRO CUADRADO,8000.0,400000.0,8000.0,440000.0
11367373.0,LADRILLOS,37350002,UNIDAD,504000.0,907200.0,504000.0,1008000.0
11367373.0,CERAMICA,37370,METRO CUADRADO,2000.0,140000.0,2000.0,154000.0
11367373.0,CEMENTO,37440001,KILOGRAMO,50000.0,3250000.0,50000.0,3575000.0
11367373.0,FIERRO CORRUGADO,41261005,TONELADA MÉTRICA,15.0,225000.0,15.0,247500.0
11367373.0,MARCOS DE VENTAS Y PUERTAS,42120002,METRO (LINEAL),1600.0,480000.0,1600.0,528000.0
11367373.0,CALAMINAS,42190015,METRO (LINEAL),9000.0,585000.0,9000.0,643500.0
11367373.0,OTROS MATERIALES DE CONSTRUCCION,99999994,VALOR,0.0,730484.0,0.0,97684.0
11379386.0,ORO FUNDIDO,41320,KILOGRAMO,553761.0,139278495.9833163,553761.0,141743459.9833163
11429365.0,ARENA  Y OTROS,153,TONELADA MÉTRICA,45000.0,30580252.0,35896.0,28354953.0
11429365.0,CEMENTO,37440001,TONELADA MÉTRICA,35480.0,38245874.0,32939.0,36233365.0
11429365.0,FIERROS,41261005,TONELADA MÉTRICA,35000.0,28729746.0,33520.0,25729746.0
11480287.0,AGREGADOS,153,METRO CÚBICO,3.0,13559.0,8.095305773468487,36588.08366081974
11480287.0,ARENA CHANCADA,15310003,METRO CÚBICO,102.0,583503.0,275.2403962979286,1574545.0682453944
11480287.0,"RIPIO DE 3/8""",15320,METRO CÚBICO,477.0,276662.0,1287.1536179814896,746554.4952997796
11480287.0,RIPIO CAPA BASE,15320,METRO CÚBICO,49.0,243880.0,132.22332763331863,658094.3906778316
11480287.0,"RIPIO DE 1/2""",15320,METRO CÚBICO,473.0,216402.0,1276.3598769501982,583946.7866633759
11480287.0,"RIPIO DE 3/4""",15320,METRO CÚBICO,850.0,73940.0,2293.669969149405,199522.30296342
11480287.0,EMULEX (EMULSION ASFALTICA),15330000,METRO CÚBICO,4383.0,610047.0,11827.24173503746,1646172.3337290436
11480287.0,BETUPEN  (ASFALTO 60-70),15330000,METRO CÚBICO,360.0,208741.0,971.4366928162186,563274.0741531953
11480287.0,PUENTES PREFABRICADO DE H°A° SECCION 1.0 X 1.0,37550,METRO CÚBICO,55.0,467758.0,148.41393918025562,1262214.679328691
11480287.0,FIERRO DE CONSTRUCCIÓN,41261005,TONELADA MÉTRICA,338.0,141758.0,912.0711171441162,382524.7852784486
11495949.0,"CEMENTO, LADRILLO, PIEDRA, MADERA, VIDRIO",99999993,VALOR,0.0,1467194.4609263844,0.0,1467194.4609263844
11549577.0,ACEITE,33380000,LITRO,2720.0,81600.0,2720.0,81600.0
11549577.0,GRASAS,33380000,KILOGRAMO,800.0,16000.0,800.0,16000.0
11549577.0,LLANTAS DE CAMION,36113004,UNIDAD,714.0,1341748.0,714.0,1341748.0
11549577.0,REPAROS DE PIEZAS,4912,PIEZA,340.0,68000.0,340.0,68000.0
11549577.0,BALATAS (FRENOS),49129022,UNIDAD,680.0,85000.0,680.0,85000.0
11549577.0,OTROS,99999994,UNIDAD,15000.0,15000.0,15000.0,15000.0
11553267.0,VERDURA,012,VALOR,0.0,84000.0,0.0,84000.0
11553267.0,PAPA,01510001,KILOGRAMO,6336.0,126720.0,6336.0,126720.0
11553267.0,HUEVO,02311000,UNIDAD,96000.0,48000.0,96000.0,48000.0
11553267.0,ABARROTES,2,VALOR,0.0,96000.0,0.0,9600.0
11553267.0,CARNE,211,KILOGRAMO,16800.0,537600.0,16800.0,537600.0
11553267.0,POLLO,21121000,KILOGRAMO,7200.0,82800.0,7200.0,82800.0
11553267.0,SALCHICHA,21184001,OTROS,480.0,319200.0,480.0,319200.0
11553267.0,ACEITE,21691009,LITRO,48000.0,384000.0,9600.0,76800.0
11553267.0,ADEREZO,23995012,VALOR,0.0,22848.0,0.0,2284.0
11553267.0,GASEOSAS,24490001,UNIDAD,540.0,40500.0,54.0,4050.0
11573275.0,VARIOS,99999994,VALOR,0.0,3566859.4343222836,0.0,3566859.4343222836
11578851.0,CEMENTO Y ADITIVOS,37440001,VALOR,0.0,1877286.0,0.0,1744951.0
11593201.0,VARIOS,99999994,VALOR,0.0,3334786.6501860553,0.0,3334786.6501860553
11612799.0,PAPA,01510001,KILOGRAMO,285580.0,1910569.0,285580.0,1910569.0
11612799.0,POLLO FAENADO,21121000,UNIDAD,603220.0,9861310.0,600683.0,9811191.0
11612799.0,ACEITE,21691009,LITRO,994190.0,6708918.0,949451.0,6407017.0
11612799.0,ARROZ,23161002,QUINTAL,404124.0,2014790.0,399679.0,1992627.0
11612799.0,OTROS MATERIALES,99999994,VALOR,0.0,8116105.0,0.0,8390440.0
11659539.0,INSUMOS VARIOS PARA LA CONSTRUCCIÓN,99999994,VALOR,0.0,177055.0,0.0,177055.0
11678399.0,SACARINA,23210012,KILOGRAMO,275.0,27500.0,273.0,27300.0
11678399.0,ALMIDON DE MAIZ,23220002,KILOGRAMO,70000.0,331700.0,68350.0,323881.0
11678399.0,AZUCAR,23520001,KILOGRAMO,1048110.0,4458000.0,1045100.0,4445197.0
11678399.0,TE A GRANEL,23913001,KILOGRAMO,27960.0,210472.0,27960.0,210472.0
11678399.0,ESENCIAS,23991002,KILOGRAMO,3000.0,203196.0,2500.0,169330.0
11678399.0,SABORIZANTE,23991002,KILOGRAMO,940.0,105400.0,900.0,100915.0
11678399.0,AROMA,23991002,KILOGRAMO,3092.0,253584.0,3089.0,253337.0
11678399.0,COLORANTE,23999007,KILOGRAMO,10000.0,415480.0,9600.0,398861.0
11678399.0,GELATINA NEUTRA,23999013,KILOGRAMO,140000.0,5475880.0,135000.0,5280313.0
11678399.0,ETIQUETA,32197002,TRONCA,587699.0,13473.0,587213.0,13462.0
11678399.0,BOBINA,36410003,KILOGRAMO,27437.0,847234.0,27412.0,846462.0
11678399.0,BOLSA,36410003,KILOGRAMO,4380.0,103581.0,4379.0,103555.0
11678399.0,ESTUCHE,36490005,UNIDAD,2236110.0,758821.0,2236110.0,758821.0
11690986.0,AGREGADOS,153,METRO CÚBICO,504.0,70560.0,372.0,52080.0
11690986.0,CEMENTO IF-30; IF 40,37440001,BOLSA,21222.0,1061100.0,14080.0,704000.0
11690986.0,FIERRO DE CONSTRUCCIÓN Y TRENZA DE HORMIGÓN,41261005,TONELADA MÉTRICA,23.0,248170.8,16.15,623751.0
11712060.0,PANELES,314,PIEZA,16739.0,724502.05,16739.0,724502.05
11712060.0,PISO - CERAMICA,37370,METRO CUADRADO,8393.56,174636.28,8393.56,174636.28
11712060.0,CEMENTO,37440001,BOLSA,12914.0,649381.49,12914.0,649381.49
11712060.0,H-21,37510,METRO CÚBICO,580.0,125912.2,530.0,115057.7
11712060.0,HIERRO CORRUGADO,41261005,PIEZA,2580.0,151781.4,2450.0,144133.5
11712060.0,ACERO CORRUGADO,41261005,PIEZA,2960.0,118400.0,2840.0,113600.0
11712060.0,MALLA ELECTROSOLDADAS,42943005,UNIDAD,17.0,7191.38,17.0,7191.38
11712060.0,MATERIAL ELÉCTRICO,99999994,VALOR,0.0,130149.2,0.0,116583.8
11764499.0,CEMENTO,37440001,PIEZA,6000.0,300000.0,5646.0,282300.0
11764499.0,OTRAS MATERIAS PRIMAS,99999994,VALOR,0.0,5446633.0,0.0,5412869.0
11800661.0,"PVC COMPUESTOS, POLIETILENO Y POLIPROPILENO",347,KILOGRAMO,405818.7,4000662.0,355484.6,3909806.0
11924112.0,PAPA,01510001,KILOGRAMO,12261.0,73567.17,12261.0,73567.17
11924112.0,CARNE,211,KILOGRAMO,10701.85,374564.58,10701.85,374564.58
11924112.0,POLLOS,21121000,KILOGRAMO,16032.0,204416.35,16032.0,204416.35
11924112.0,ACEITE,21691009,LITRO,45917.0,642843.0,45000.0,630000.0
11924112.0,PAN,23490001,UNIDAD,33362.0,374564.58,33362.0,374564.58
11924112.0,INSUMOS DESCARTABLES,3219,UNIDAD,12063.0,9650.91,12063.0,9650.91
12037600.0,SOYA Y OTROS INSUMOS,01411000,TONELADA MÉTRICA,500.0,1420606.0,3239.1704666881596,9203170.0
12044324.0,POLIPROPILENO,34790011,TONELADA MÉTRICA,745.0,7380005.0,645.0,7261072.0
12044324.0,ADITIVOS PP,35499031,KILOGRAMO,27454.0,594303.0,27454.0,594303.0
12044324.0,MAT. PP BOBINAS INTERNAS VASOS,363,KILOGRAMO,19233.0,470544.0,19233.0,470544.0
12073147.0,TICKET PRE IMPRESO,32690011,UNIDAD,2234878.0,1117439.0,114851.90692183356,57425.95346091678
12073147.0,"MAIZ, REFRESCOS, DULCES, GALLETAS",99999993,UNIDAD,1185854.0,3000000.0,1594473.218008186,4033734.046539083
12091515.0,VARIOS,99999994,VALOR,0.0,7087044.969310881,0.0,7087044.969310881
12152236.0,MATERIALES DE CONSTRUCCION,99999994,VALOR,0.0,47514.0,0.0,47514.0
12277614.0,AGREGADOS ( ARENA GRAVA Y PIEDRA),153,METRO CÚBICO,140.0,54080.0,140.0,54080.0
12277614.0,CEMENTO (BOLSA DE 50 KILOS),37440001,UNIDAD,37188.0,2045318.0,37188.0,2045318.0
12277614.0,FIERROS,41261,BARRA,6897.0,1500000.0,6897.0,1500000.0
12277614.0,OTROS MATERIALES,99999994,VALOR,0.0,500000.0,0.0,500000.0
12310209.0,MATERIALES DE CONSTRUCCION,99999994,VALOR,0.0,188103.0,0.0,188103.0
12317876.0,VARIOS,99999994,VALOR,0.0,2076189.1735249213,0.0,2076189.1735249213
12342476.0,TABLEROS,31441000,PIEZA,16000.0,6890588.0,15182.653207534684,6538588.0
12342476.0,MATERIALES Y AUXILIARES,99999994,PIEZA,7652980.0,1382649.0,6887648.236421536,1244378.0
12442598.0,VARIOS,99999994,VALOR,0.0,0.0,0.0,132174.0
12524270.0,"ALIMENTOS PARA LA COMIDA Y SODA, CERVEZA ETC Y BILLUTERIAS",99999993,VALOR,0.0,24946312.866913233,0.0,23613985.866913233
12574413.0,CEMENTO,37440001,UNIDAD,11950.0,550000.0,11950.0,550000.0
12574413.0,OTROS MATERIALES,99999994,VALOR,0.0,6550289.08739913,0.0,4990022.08739913
12582531.0,VARIOS,99999994,VALOR,0.0,1989029.5531200795,0.0,1989029.5531200795
12594585.0,VARIOS,99999994,VALOR,0.0,1368853.0,0.0,1368853.0
12639603.0,VARIOS,99999994,VALOR,0.0,0.0,0.0,1207.0
12674863.0,3. ETIQUETAS PLÁSTICAS BOTELLAS DE 1/2 LITROS,32197002,PIEZA,609900.0,40863.0,528600.0,35416.0
12674863.0,6. ETIQUETAS PLÁSTICAS BOTELLON,32197002,PIEZA,102740.0,40068.0,235953.0,92020.0
12674863.0,"7. ETIQUETAS PLÁSTICAS DE 1,5 LITROS",32197002,PIEZA,335400.0,29850.0,229308.0,20408.0
12674863.0,2. BOLSAS TERMOCONTRAIBLES,36410007,KILOGRAMO,2912.0,80086.0,2587.0,71148.0
12674863.0,5. TAPARROSCAS,36490007,PIEZA,776400.0,87606.0,757908.0,85519.0
12674863.0,1. BOTELLAS DE 1.5 LITROS,36490014,PIEZA,233029.0,221377.0,229308.0,217842.0
12674863.0,4. BOTELLAS DE 1/2 LITROS,36490014,PIEZA,515504.0,91462.0,528600.0,93785.0
12674863.0,OTRAS MATERIAS PRIMAS,99999994,VALOR,0.0,1247167.0,0.0,1222340.81227846
12677610.0,ARIDOS,153,METRO CÚBICO,2585.0,372307.0,2585.0,372307.0
12677610.0,MADERA DE CONSTRUCCION,31330,METRO CUADRADO,3492.0,201431.0,3492.0,201431.0
12677610.0,CEMENTO,37440001,UNIDAD,20200.0,107255.0,20200.0,107255.0
12677610.0,ACERO DE CONSTRUCCION,41261005,TONELADA MÉTRICA,335.0,2207794.0,335.0,2207794.0
12677610.0,CLAVOS Y ALAMBRES,4294,KILOGRAMO,10750.0,107255.0,10750.0,107255.0
12677610.0,OTROS MATERIALES DE CONSTRUCCION,99999994,UNIDAD,10000.0,1704898.0,10000.0,1704898.0
12677856.0,PANAGRAPHICS,26710004,METRO (LINEAL),601.0,298040.0,576.0,285655.0
12677856.0,TABLERO ALIC/PINO,31442000,PIEZA,1923.0,715297.0,1843.0,685572.0
12677856.0,PLANCHA,32800001,METRO CUADRADO,2293.0,596081.0,2197.0,571310.0
12677856.0,SILICONA,34790025,LITRO,8515.0,238432.0,8162.0,228524.0
12677856.0,PINTURAS ACRILICAS,35110025,LITRO,8795.0,536473.0,8429.0,514179.0
12677856.0,ACRILICO,35110025,LITRO,1475.0,715297.0,1414.0,685572.0
12677856.0,ROLAN CARTUCHO,35130,LITRO,315.0,417256.0,303.0,399917.0
12677856.0,HIERRO,412,PIEZA,21038.0,357648.0,20164.0,342786.0
12677856.0,BROCA FIERO,42922005,PIEZA,10407.0,655689.0,9975.0,628441.0
12677856.0,ELECTRODO CON ARCO,42950001,KILOGRAMO,21676.0,476864.0,2074.0,457049.0
12677856.0,TRANSFORMADOR,46121,PIEZA,975.0,536471.0,935.0,514179.0
12677856.0,TUBO LED,46510999,PIEZA,3215.0,417257.0,3076.0,399917.0
12759364.0,OTROS MATERIALES,99999994,VALOR,0.0,14150063.0,0.0,14150063.0
12768958.0,"INSUMMOS: SOLUCION R.A. ACIDA, BASICA,  METAMIZOL  SODICO, DICLOFENACO, AMIKACINA",352,VALOR,0.0,3159839.0,0.0,3159839.0
12769860.0,INSUMOS VARIOS PARA LA CONSTRUCCIÓN Y OTROS,99999994,VALOR,0.0,5118450.0,0.0,3192594.0
12791549.0,AGREGADOS,153,VALOR,0.0,341970.0,0.0,321188.85171438346
12791549.0,PUERTAS Y VENTANAS,31600,UNIDAD,220.0,370467.0,206.63083714116547,347954.1197417098
12791549.0,PISOS Y REVESTIMIENTOS,37330003,METRO CUADRADO,2192.0,85492.0,2058.7945227883397,80296.74331305691
12791549.0,HORMIGON,37330004,METRO CÚBICO,598.0,85492.0,561.6601845928044,80296.74331305691
12791549.0,LADRILLO,37350002,PIEZA,227980.0,227980.0,214125.9011429223,214125.9011429223
12791549.0,YESO,37410,UNIDAD,3166.0,28497.0,2973.605592676954,26765.26802732633
12791549.0,CEMENTO,37440001,OTROS,18198.0,854925.0,17092.127155886043,802972.1292859586
12791549.0,FIERRO,412,BARRA,81421.0,569950.0,76473.13359486742,535314.7528573057
12791549.0,CIELO FALSO,42190020,METRO CUADRADO,154.0,28497.0,144.64158599881583,26765.26802732633
12791549.0,OTROS,99999994,VALOR,0.0,256477.0,0.0,240891.16917024864
12868547.0,VARIOS,99999994,VALOR,0.0,0.0,0.0,920740.0
12871786.0,MADERAS Y ANDAMIOS,99999993,VALOR,0.0,23560.0,0.0,23560.0
12871786.0,MATERIAL Y HERRAMIENTAS PARA INSTALACIÓN,99999994,VALOR,0.0,417397.0,0.0,417397.0
12871786.0,MATERIAL ELÈCTRICO,99999994,VALOR,0.0,41593.0,0.0,41593.0
12871786.0,OTROS,99999994,VALOR,0.0,6094.0,0.0,6094.0
12953171.0,HORMIGON,37510002,METRO CÚBICO,2424.0,2387640.0,2424.0,2387640.0
12953171.0,OTROS MATERIALES,99999994,VALOR,0.0,241113137.0,0.0,241113137.0
12983839.0,VARIOS,99999994,VALOR,0.0,1230328.0,0.0,1245963.0
12996467.0,VARIOS,99999994,VALOR,0.0,200000.0,0.0,200000.0
13051407.0,SAL COMUN,16200005,QUINTAL,19235.0,384713.0,19105.0,382100.0
13051407.0,HARINA INTEGRAL DE SOYA,21920001,QUINTAL,159.0,22922.0,137.0,19687.0
13051407.0,TITANIO DIOXIDO FOOD X 25 KG,23999007,KILOGRAMO,25.0,1500.0,20.0,1200.0
13051407.0,SULFATO DE COBRE,34240033,KILOGRAMO,7710.0,169628.0,7120.0,142400.0
13051407.0,FOSFATO BICALCICO,34240055,KILOGRAMO,354297.0,1310899.0,354124.0,1310259.0
13051407.0,CONCHILLA,34240073,QUINTAL,15492.0,247877.0,12145.0,194320.0
13051407.0,FOSFATO QQ,34240996,QUINTAL,2604.0,280883.0,2125.0,229245.0
13051407.0,AZUFRE MICROGRANIZADO,34520001,KILOGRAMO,3052.0,12820.0,2848.0,11962.0
13051407.0,UREA,34611000,QUINTAL,531.0,122130.0,412.0,94760.0
13051407.0,BOLSA PP BL 46X60/69 IMPRESA 2 CARAS (EMBASE),36410003,PIEZA,1259962.0,340190.0,1205134.0,325386.18
13051407.0,ELEXTROMIX 980 BICO 98%,99999994,KILOGRAMO,100.0,909.0,90.0,818.0
13051407.0,OTROS PRODUCTOS,99999994,PIEZA,291.0,24794.0,179.0,15215.0
13062682.0,LADRILLO,37350002,UNIDAD,151635.0,150549.466869304,151635.0,150549.466869304
13062682.0,CEMENTO,37440001,KILOGRAMO,61141.0,1929872.1228323479,61141.0,1929872.1228323479
13062682.0,FIERRO,41261005,BARRA,20456.0,1995771.4102983484,20456.0,1995771.4102983484
13076048.0,VARIOS,99999994,VALOR,0.0,721140.6006073642,0.0,721140.6006073642
13082895.0,LUPULO EN PELLETS PERLE,23929005,KILOGRAMO,200.0,57072.0,190.0,54460.0
13082895.0,LUPULO HOOD,23999009,KILOGRAMO,200.0,39150.0,157.0,30705.0
13082895.0,LUPULO NUGGET,23999009,KILOGRAMO,0.0,0.0,31.0,4279.0
13082895.0,MALTA,24320001,KILOGRAMO,113046.0,618764.0,104849.0,574744.0
13082895.0,MALTA CARAMELO,24320002,KILOGRAMO,800.0,5672.0,504.0,3578.0
13082895.0,CAJA DE CARTON MALTITA 1000X6,32153004,UNIDAD,3525.0,10672.0,10998.0,29646.0
13082895.0,CAJA DE CARTON MALTITA 300X24,32153004,UNIDAD,0.0,0.0,4241.0,11042.0
13082895.0,CAJA DE CARTON MALTITA 350X8,32153004,UNIDAD,3425.0,5621.0,2833.0,4617.0
13082895.0,CAJA DE CARTON MALTITA 350X24,32153004,UNIDAD,10768.0,28621.0,10604.0,27878.0
13082895.0,CAJA DE CARTON PILSENER BOTELLIN 1000X6,32153004,UNIDAD,6290.0,16838.0,4044.0,10770.0
13082895.0,CAJA DE CARTON PILSENER BOTELLIN 300X24,32153004,UNIDAD,3895.0,8962.0,3641.0,8531.0
13082895.0,CAJA DE CARTON PILSENER BOTELLIN 500X12,32153004,UNIDAD,0.0,0.0,1907.0,3960.0
13082895.0,CAJA DE CARTON PILSENER LATA 350X24,32153004,UNIDAD,5275.0,14693.0,3179.0,8413.0
13082895.0,CAJA DE CARTON PILSENER LATA 350X8,32153004,UNIDAD,3425.0,5625.0,2278.0,3681.0
13082895.0,BOTELLA DE VIDRIO COLOR AMBAR 1000CC NO RETORNABLE,37191007,UNIDAD,24304.0,50535.0,66326.0,131213.0
13082895.0,BOTELLA DE VIDRIO COLOR AMBAR 300CC NO RETORNABLE,37191007,UNIDAD,48817.0,73475.0,101779.0,148148.0
13082895.0,BOTELLA DE VIDRIO COLOR VERDE 1000CC NO RETORNABLE,37191007,UNIDAD,24304.0,50324.0,24276.0,50203.0
13082895.0,BOTELLA DE VIDRIO COLOR VERDE 300CC NO RETORNABLE,37191007,UNIDAD,0.0,0.0,87217.0,123897.0
13082895.0,BOTELLA DE VIDRIO COLOR VERDE 500CC NO RETORNABLE,37191007,UNIDAD,0.0,0.0,22637.0,32147.0
13082895.0,LATA DE CERVEZA 350CC,42931002,UNIDAD,0.0,0.0,225814.0,255672.0
13082895.0,LATA DE MALTITA 350CC,42931002,UNIDAD,384332.0,399333.0,351097.0,374824.0
13082895.0,OTRAS MATERIAS PRIMAS,99999994,VALOR,0.0,1408596.0,0.0,767266.0
13086052.0,MAIZ,01122001,ARROBA,393229.06680805,5598262.0,715131.7087374463,10181075.123762842
13086052.0,SORGO,01142000,ARROBA,4289846.0,4566758.0,3895575.0311477347,4147036.6157885776
13086052.0,POLLITO BEBE,02151004,UNIDAD,1637125.0,4570106.0,1208148.5725412255,3372599.551202315
13086052.0,TORTA DE SOYA,21910001,KILOGRAMO,3938673.0,7088290.0,2890140.8634480196,5201283.93013839
13086052.0,HARINA INTEGRAL,23110002,ARROBA,2794934.0,7301948.0,2200427.737344731,5748761.4791078735
13107659.0,VARIOS,99999994,VALOR,0.0,2638078.0,0.0,2638078.0
13139639.0,VARIOS,99999994,VALOR,0.0,0.0,0.0,1037722.0
13142550.0,INSUMOS VARIOS,99999994,VALOR,0.0,0.0,0.0,934812.0
13150873.0,PINTURA ANTICORROSIVA DE 18 LT,35110004,UNIDAD,11.0,4998.0,11.0,4998.0
13150873.0,LAMINAS DE PVC,36330002,PIEZA,1421.0,79008.0,1421.0,79008.0
13150873.0,PLANCHA NEGRA LAC 2MM ( 2*1),41212001,PIEZA,155.0,27032.0,155.0,27032.0
13150873.0,TUBO RECTANGULAR 20*30*1.2MM,41283002,BARRA,170.0,6347.0,170.0,6347.0
13150873.0,OTRAS MATERIAS PRIMAS,99999994,VALOR,0.0,3092847.0,0.0,3092847.0
13192652.0,VARIOS,99999994,VALOR,0.0,0.0,0.0,172371.0
13193964.0,MATERIA PRIMA CEBOLLA,01253001,ARROBA,60.0,1500.0,60.0,1500.0
13193964.0,COMPRA DE MATERIA PRIMA PAPA POR ARROBA,01510001,ARROBA,120.0,3600.0,110.0,3300.0
13193964.0,COMPRA DE PRODUCTOS DE MERCADERIA CARNE DE RES,21111002,KILOGRAMO,409.0,15133.0,409.0,15133.0
13193964.0,MATERIA PRIMA POLLO BRASA DE 2KG,21121000,KILOGRAMO,1760.0,22880.0,1760.0,22880.0
13193964.0,"MATERIA PRIMA, HARINA PARA ELABORAR MASITAS, ECT.",23110001,QUINTAL,24.0,5280.0,22.0,4840.0
13193964.0,MATERIA PRIMA AZUCAR POR QUINTAL,23520001,QUINTAL,36.0,5760.0,35.0,5600.0
13193964.0,OTROS MATERIALES,99999994,VALOR,0.0,1077848.0,0.0,1096004.0
13194620.0,VARIOS,99999994,VALOR,0.0,163067.0,0.0,163067.0
13197818.0,ARENA,15310,METRO CÚBICO,12285.0,265493.0,11935.86337362901,257947.75536466314
13197818.0,ARCILLA,15400,METRO CÚBICO,29718.0,642241.0,28887.3301020535,624289.2446353369
13201959.0,OTROS MATERIALES,99999994,VALOR,0.0,0.0,0.0,2528752.0
13202697.0,MATERIAL CAPA SUBBASE,153,METRO CÚBICO,55533.0,7163851.0,54637.0,7048491.0
13202697.0,AGREGADOS,153,METRO CÚBICO,28300.0,9904934.0,23203.0,9299193.0
13202697.0,ASFALTO DILUIDO  Y PRODUCTOS BITUMINOSOS,15330000,TONELADA MÉTRICA,2712.0,19376161.0,2632.0,18760668.0
13202697.0,MADERA DE COSTRUCCION,31330,METRO (LINEAL),500.0,46004.0,500.0,46004.0
13202697.0,CEMENTOS,37440001,UNIDAD,82789.0,3637766.0,82789.0,3637766.0
13202697.0,HIERRO Y/O ACEROS,412,TONELADA MÉTRICA,630.0,3795936.0,630.0,3795936.0
13202697.0,TUBOS,41283002,PIEZA,126.0,296424.0,114.0,284418.0
13202697.0,ALAMBRE Y CLAVOS,4294,KILOGRAMO,1800.0,23397.0,1800.0,23397.0
13202697.0,MATERIAL PARA CASETA PESAJE,99999994,UNIDAD,130.0,1023954.0,130.0,1023954.0
13211758.0,ARENILLA,15310002,METRO CÚBICO,66204.0,3979420.0,66954.0,4059569.0
13211758.0,GRAVA,15320004,METRO CÚBICO,95911.0,13934436.0,96066.0,14013982.0
13211758.0,PLASTIFICANTE RETARDADOR,35499010,KILOGRAMO,173330.0,1195447.0,179966.0,1247457.0
13211758.0,SUPER PLASTIFICANTE RETARDADOR,35499026,KILOGRAMO,135669.0,1418232.0,132635.0,1393608.0
13211758.0,PLASTIMET HER X 200KG,35499026,KILOGRAMO,0.0,0.0,38.0,248.0
13211758.0,SIKA GROUT 212 X 30G,35499026,KILOGRAMO,126.0,2740.0,175.0,3219.0
13211758.0,EUCON 1040,35499026,KILOGRAMO,0.0,0.0,4.0,67340.0
13211758.0,IMPERMEABILIZANTE,35499036,KILOGRAMO,240.0,1650.0,318.0,2127.0
13211758.0,FIBRA DE 12MM,37121001,PAR,22335.0,263486.0,33317.0,407459.0
13211758.0,CEMENTO,37440001,KILOGRAMO,40371859.0,34557551.0,40550532.0,33202032.0
13239884.0,OTROS MATERIALES,99999994,VALOR,0.0,196738.0,0.0,196738.0
13248453.0,ARENA,15310,OTROS,5000.0,1430614.0,5184.528449652518,1483411.7966942375
13248453.0,TUBERIAS,36320001,OTROS,10000.0,1435482.0,10369.056899305035,1488459.4535928192
13248453.0,CEMENTO,37440001,KILOGRAMO,10000.0,47358919.0,10369.056899305036,49106732.58005784
13248453.0,MATERIAL DE FERRETERIA,99999994,VALOR,0.0,4244174.0,0.0,4400808.169655105
13259810.0,"REPUESTOS DE COMPUTACIÓN (TARJETAS, MEMORIAS Y OTROS EQUIPOS INFORMÁTICOS)",45290,VALOR,0.0,8532028.0,0.0,8532028.0
13265304.0,ARENILLA,15310002,METRO CÚBICO,2383.0,429055.0,2383.0,429055.0
13265304.0,GRAVA,15320004,METRO CÚBICO,2882.0,605161.0,2882.0,605161.0
13265304.0,CEMENTO,37440001,KILOGRAMO,42479.0,1911545.0,42479.0,1911545.0
13265304.0,OTROS MATERIALES,99999994,VALOR,0.0,231430.0,0.0,231430.0
13299498.0,TABLEROS MELAMINICOS,31431000,UNIDAD,40695.0,405085.0,40695.0,405085.0
13299498.0,ACCESORIOS Y OTROS,99999994,OTROS,10192.0,112188.0,6115.0,67313.0
13342876.0,BARBIJOS,27190004,PIEZA,21000.0,27300.0,47906.46905667935,62278.40977368315
13342876.0,GORROS,27190999,PIEZA,30000.0,15000.0,68437.81293811336,34218.90646905668
13342876.0,ALCOHOL,34131004,LITRO,1000.0,14000.0,2281.260431270445,31937.64603778623
13342876.0,ALGODON,35270006,ROLLO,700.0,11032.0,1596.8823018893115,25166.86507777555
13342876.0,GUANTES,36260004,PAR,21000.0,52500.0,47906.46905667935,119766.17264169837
13375922.0,INSUMOS PARA CONSTRUCCION,99999994,VALOR,0.0,6705317.0,0.0,6705317.0
13382195.0,"COSTO  DE MATERIALES UTILIZADOS EN LAS OBRAS (HORMIGON,FIBRAS,JUNTAS,ENDURECEDORES,RESINAS,SELLOS)",99999993,VALOR,0.0,2331005.0,0.0,2311392.0
13391297.0,POLLO,21121000,KILOGRAMO,360.0,9720.0,360.0,9720.0
13391297.0,FILETES DE POLLOS,21121000,GRAMO,960.0,25920.0,960.0,25920.0
13391297.0,PULPAS DE FRUTAS,21499005,LITRO,1802.5,36050.0,1802.5,36050.0
13391297.0,HELADOS,22270,LITRO,290.0,8700.0,290.0,8700.0
13391297.0,SPAGUETTI,23710001,GRAMO,384.0,2304.0,384.0,2304.0
13391297.0,OTROS MATERIALES,99999994,VALOR,0.0,942714.0,0.0,994442.0
13453002.0,MADERA,31330,METRO (LINEAL),1000.0,19003.0,1000.0,19003.0
13453002.0,ADITIVOS,35499026,PIEZA,8.0,6897.0,8.0,6897.0
13453002.0,CEMENTO,37440001,PIEZA,167.0,7495.0,167.0,7495.0
13453002.0,HORMIGON H25,37510002,METRO CÚBICO,243.0,163884.0,243.0,163884.0
13453002.0,HORMIGON H35,37510002,METRO CÚBICO,14.0,12528.0,14.0,12528.0
13453002.0,ACERO,412,TONELADA MÉTRICA,121.0,674487.0,121.0,674487.0
13453002.0,ALAMBRE,42946003,KILOGRAMO,211.0,1695.0,211.0,1695.0
13453002.0,OTROS MATERIALES,99999994,VALOR,0.0,703877.0,0.0,703877.0
13457922.0,CAJAS DE CARTON,32153004,UNIDAD,41836.0,735967.0,51260.0,901751.3246964336
13473297.0,VARIOS,99999994,VALOR,0.0,148561.0,0.0,148561.0
13489328.0,VARIOS,99999994,VALOR,0.0,676482.5492615215,0.0,676482.5492615215
13507696.0,ACEITE FINO,21691009,UNIDAD,2810.0,45408.0,2795.0,42333.0
13507696.0,OTROS MATERIALES,99999994,VALOR,0.0,2296135.0,0.0,2135405.5500000003
13508885.0,VARIOS,99999994,VALOR,0.0,3773828.0,0.0,3773828.0
13528606.0,PORCELANATO,37370006,UNIDAD,18357.0,4512150.6,26285.0,6460853.0
13528606.0,ACCESORIOS PARA ANDAMIOS,42190013,PIEZA,750.0,9825.0,985.0,12903.5
13528606.0,ALAMBRE DE AMARRE,42946002,UNIDAD,116788.0,1463353.64,168519.0,2111543.07
13528606.0,LUMINARIAS,465,UNIDAD,11071.0,4771601.0,18757.0,8084267.0
13528606.0,MATERIALES DE FERRETERIA,99999994,PIEZA,93735.0,11276320.5,142043.0,17087772.9
13529836.0,MADERA,3110,VALOR,0.0,3608448.0,0.0,4313188.264682168
13529836.0,TABLEROS,31441000,VALOR,0.0,2570132.0,0.0,2144186.8885101075
13529836.0,OTROS,99999994,VALOR,0.0,1901406.0,0.0,1199635.8468077248
13543325.0,OTROS MATERIALES,99999994,VALOR,0.0,329857.0,0.0,329843.0
13583669.0,VARIOS,99999994,VALOR,0.0,123271.0,0.0,123271.0
13595313.0,AGREGADOS,153,METRO CÚBICO,1033.0,164018.0,1033.0,164018.0
13595313.0,CEMENTO,37440001,OTROS,10000.0,545000.0,10000.0,545000.0
13595313.0,FIERRO,41261005,UNIDAD,8585.0,55632.0,8585.0,55632.0
13595313.0,ANILLAS,42999046,UNIDAD,648.0,810700.0,648.0,810700.0
13603595.0,VARIOS,99999994,VALOR,0.0,10277965.945538409,0.0,10277965.945538409
13610401.0,VARIOS,99999994,VALOR,0.0,0.0,0.0,3770122.3930318803
13611385.0,MATERIALES PARA PINTURA,35110,VALOR,0.0,5494.0,0.0,5494.0
13611385.0,MATERIAL PVC,36320,VALOR,0.0,8763.0,0.0,8763.0
13611385.0,PIEZAS METÁLICAS,41261005,PIEZA,60.0,64380.0,60.0,64380.0
13611385.0,MATERIAL DE INSTALACIÓN ELECTRICA,99999994,VALOR,0.0,188181.0,0.0,188181.0
13611385.0,MATERIALES DE VIDRIO Y ALUMINIO,99999994,VALOR,0.0,7872.0,0.0,7872.0
13611385.0,OTROS MATERIALES,99999994,VALOR,0.0,20703.0,0.0,20703.0
13646317.0,"ARENILLA, RIPIO Y ARENA",153,VALOR,0.0,1799828.898428994,0.0,1499352.4576175243
13646317.0,MADERA,31330,VALOR,0.0,1259718.2766898794,0.0,1049411.8055940291
13646317.0,LADRILLO,37350002,VALOR,0.0,1649730.6900804553,0.0,1374312.7286922876
13646317.0,CERAMICA,37370,VALOR,0.0,1351401.2224756794,0.0,1125788.5379631682
13646317.0,CEMENTO,37440001,VALOR,0.0,1800188.7922299197,0.0,1499652.268146942
13646317.0,HORMIGON,37510002,UNIDAD,1.0,3226285.97308771,1.0,2687666.4814907373
13646317.0,CASETONES,37510002,VALOR,0.0,1169735.8291134527,0.0,974451.6779763884
13646317.0,MUEBLES DE COCINA,38130002,VALOR,0.0,1413123.0093344222,0.0,1177206.0437582901
13646317.0,MUEBLES DE BAÑO,38140043,VALOR,0.0,1613142.986543855,0.0,1343833.2407453686
13646317.0,FIERRO CORRUGADO,41261005,VALOR,0.0,1700678.1562739874,0.0,1416754.6567629697
13646317.0,OTROS MATERIALES,99999994,VALOR,0.0,945269.1657416451,0.0,787459.1012522944
13652344.0,ALIMENTOS Y BEBIDAS,2,VALOR,0.0,900417.0,0.0,900417.0
13652344.0,BEBIDAS ALCOHOLICAS,24,VALOR,0.0,65754.0,0.0,65754.0
13652344.0,ENVASES PLASTICOS,36490001,VALOR,0.0,19308.0,0.0,19308.0
13678707.0,OTROS MATERIALES,99999994,VALOR,0.0,877863.0,0.0,843704.0
13699945.0,VARIOS,99999994,VALOR,0.0,2418215.0131026604,0.0,2418215.0131026604
13777148.0,ARENILLA,15310002,METRO CÚBICO,1589.0,105444.0,1679.832460139709,111471.52544176934
13777148.0,RIPIO,15320,METRO CÚBICO,2397.0,419479.0,2669.1568222637175,467106.89805855736
13777148.0,1.- CEMENTO,37440001,PIEZA,5310.0,3264992.0,5576.277354190535,3428719.576499673
13791088.0,"ENVASES, EMBALAJES y OTROS INSUMOS",99999994,VALOR,0.0,7000.0,0.0,7000.0
13801297.0,ARENILLA,15310002,METRO CÚBICO,7.0,609.0,13.572413200152395,1180.7999484132583
13801297.0,RIPIO 1/2,15320,METRO CÚBICO,7.0,1339.8,13.572413200152395,2597.7598865091686
13801297.0,PIEDRA MANZANA,15320002,METRO CÚBICO,408.0,78091.2,791.0777979517396,151412.29052796296
13801297.0,MANDILES,28236012,PIEZA,34.0,1671.44,65.92314982931164,3240.7820456089603
13801297.0,GUANTES DE BAQUETA,28242002,PIEZA,149.0,2334.16,288.89850954610097,4525.74057075253
13801297.0,PINTURAS,35110,LITRO,200.0,7827.89,387.78323429006844,15177.62250933442
13801297.0,ANTISOL NORMALIZADO X 200 LTS,35499026,LITRO,80.0,703.52,155.11329371602736,1364.0663049387447
13801297.0,SIKAMENT  HE 200 X 1KG ( A GRANEL),35499026,LITRO,3000.0,16965.0,5816.748514351027,32893.71284865506
13801297.0,CEMENTO ASFALTICO,37440009,KILOGRAMO,82129.7,422804.71,159242.60348636517,819782.8895843723
13801297.0,CAPA BASE CHANCADA,37550999,METRO CÚBICO,424.15,27970.3,822.3912941206627,54232.06699031751
13801297.0,FIERRO CORRUGADO,41261005,BARRA,11689.0,19376.8,22663.99112808305,37569.99087095899
13801297.0,DISCOS DE CORYE,42922003,PIEZA,553.0,8327.9,1072.2206428120392,16147.099984221304
13801297.0,ELECTRODOS,42950001,KILOGRAMO,1791.0,30969.17,3472.598863067563,60046.624529394794
13801297.0,MATERIALES MENORES DE FERRETERIA,99999994,PIEZA,1255.0,13380.9,2433.3397951701795,25944.443398559884
13808185.0,VARIOS,99999994,VALOR,0.0,-0.09581053256988525,0.0,14407601.904189467
13838935.0,EPP Y ROPA DE TRABAJO,28236010,PIEZA,37157.0,5291666.0,38010.0,5413145.0
13838935.0,LUBRICANTES,33380000,LITRO,1567.0,1292634.0,1312.0,1082282.0
13838935.0,PINTURA,35110,LITRO,217000.0,1425690.0,207463.0,1363034.0
13838935.0,HERRAMIENTAS MENORES,42921039,PIEZA,4216.0,551621.0,3729.0,487902.0
13838935.0,FERRETERIA,99999994,PIEZA,37157.0,5280010.0,38010.0,5401221.0
13838935.0,CONSTRUCCION,99999994,PIEZA,217000.0,1425690.0,207463.0,1363034.0
13838935.0,SOLDADURA,99999994,UNIDAD,17092.0,1416970.0,14875.0,1233182.0
13838935.0,OTROS,99999994,UNIDAD,5955.0,250670.0,6250.0,249879.0
13860173.0,VARIOS,99999994,VALOR,0.0,204557.0,0.0,204557.0
13863166.0,VARIOS,99999994,VALOR,0.0,80416767.6433813,0.0,76336380.6433813
13869193.0,"ENVASES, EMBALAJES y OTROS INSUMOS",99999994,VALOR,0.0,257.0,0.0,257.0
13874810.0,"ADHESIVOS GRADO DIAMANTE, HIP Y GRADO INGENIERIA",35420,KILOGRAMO,297675.98,5060474.63,272862.0387372987,4638654.63
13885716.0,OTROS MATERIALES,99999994,VALOR,0.0,7265937.0,0.0,7265937.0
13923600.0,OTROS MATERIALES,99999994,VALOR,0.0,4204901.0,0.0,4146879.11
13927741.0,GRAVA,15320004,METRO CÚBICO,1071.85,140895.95,1071.85,140895.95
13927741.0,BETUME MODIFICADO,15330000,TONELADA MÉTRICA,3791.15,19432243.62,3731.21,19112860.52
13927741.0,GEOTEXTIL,26720006,METRO CUADRADO,50.49,285525.0,31.73,179428.13
13927741.0,EMULSION,34790033,TONELADA MÉTRICA,411.61,1766002.91,361.54,1551193.21
13927741.0,CEMENTO,37440001,TONELADA MÉTRICA,1670.09,1516772.21,1660.65,1508198.36
13927741.0,CAPA BASE,37550999,METRO CÚBICO,8753.0,677270.82,8753.0,677270.82
13927741.0,ACERO,412,TONELADA MÉTRICA,125.0,605520.0,13.0,62974.08
13944018.0,VARIOS,99999994,VALOR,0.0,175734.239,0.0,175734.239
13953202.0,OTROS MATERIALES,99999994,VALOR,0.0,3572444.0,0.0,3572444.0
13961320.0,MATERIA PRIMA POLIPROPILENO,34790011,TONELADA MÉTRICA,1872.0,17969531.0,1940.0,18622270.0
13961320.0,MASTERBATCH,35110023,TONELADA MÉTRICA,132.0,4397911.0,100.0,3331751.0
13994325.0,VARIOS,99999994,VALOR,0.0,12946750.0,0.0,12914333.0
13994735.0,OTROS MATERIALES,99999994,VALOR,0.0,6021500.0,0.0,2547325.1854988933
14045657.0,LANA NACIONAL SUCIA,26130,KILOGRAMO,350.0,3675.0,576.1810821889732,6049.901362984218
14045657.0,BLOUSSE DE LANA DE OVEJA,27921004,KILOGRAMO,10227.0,775501.0,16836.011221561796,1276654.3011960883
14045657.0,SUMINISTROS Y MATERIALES,99999994,VALOR,0.0,177108.0,0.0,291560.7974409276
40959246.0,VARIOS,99999994,VALOR,0.0,0.0,0.0,552817.0
40959287.0,MEDICAMENTOS Y FARMACIAS QUIMICAS,352,VALOR,0.0,52644.0,0.0,52644.0
40959410.0,"ACCESORIOS DE INSTALACION (MEDIDORES, LLAVES DE PASO, GRIFOS, ABRAZADERAS, JUNTAS GIBOL, TAPONES, TEFLON, LLAVES CUÑA, LLAVES D",99999993,PIEZA,1000.0,1226299.0,1144.2682412690542,1403215.0
40959533.0,VARIOS,99999994,VALOR,0.0,0.0,0.0,89326.0
40960025.0,MATERIALES VARIOS,99999994,VALOR,0.0,0.0,0.0,13061.0
40960394.0,VARIOS,99999994,VALOR,0.0,100.0,0.0,198.0
40960558.0,CONCENTRADO DE MINERALES DE ESTAÑO,14290001,OTROS,13829.0,1631174016.0,13829.0,1631174016.0
40960968.0,ALMIDÓN DE MAÍZ,23220002,KILOGRAMO,88175.0,540179.0,88005.0,538591.0
40960968.0,BOBINAS DE PAPEL VARIOS,32131,TONELADA MÉTRICA,2171.0,7888892.0,1804.0,6555221.0
40960968.0,SODA CAUSTICA,34231022,KILOGRAMO,2028.0,21294.0,2028.0,21294.0
40960968.0,BORAX,34270006,KILOGRAMO,2000.0,22400.0,2000.0,22400.0
40960968.0,TINTA,35130,KILOGRAMO,3980.0,258700.0,3520.0,228800.0
40960968.0,PEGAMENTO,35420,KILOGRAMO,1112.0,27800.0,1100.0,27500.0
40961870.0,CAÑA DE AZUCAR,01802000,VALOR,0.0,7332502.713695681,0.0,7720546.713695681
40961870.0,HILO DE COSER,26410002,KILOGRAMO,515.0,16738.0,515.0,16738.0
40961870.0,SACO DE AZUCAR,27150,PIEZA,8997.0,24292.0,8997.0,24292.0
40961870.0,SACO DE AZÚCAR,27150,PIEZA,197609.0,533544.0,197609.0,533544.0
40961870.0,TELA DE FILTRO,27190007,METRO CÚBICO,125.0,1288.0,125.0,1288.0
40961870.0,TELA DE FILTRO,27190007,METRO CÚBICO,63.0,644.0,63.0,644.0
40961870.0,CARTÓN,32151002,PIEZA,2571.0,29567.0,2571.0,29567.0
40961870.0,BOBINAS (290X200),36410003,PIEZA,602.0,34916.0,602.0,34916.0
40961870.0,BOBINAS (290X200),36410003,PIEZA,561.0,47966.0,561.0,47966.0
40962075.0,MATERIAL DE LIMPIEZA,99999994,VALOR,0.0,255992.0,0.0,204794.0
40962075.0,INSUMOS DE COCINA,99999994,VALOR,0.0,203159.0,0.0,162519.0
40962321.0,UREA 46% (50 KG),34611000,OTROS,33010.0,4149833.0,33010.0,4149833.0
40962321.0,SINOXIPIR (FLUROXIPIR 20%),34619000,LITRO,1460.0,130068.0,1460.0,130068.0
40962321.0,HUMOS DE LOMBRIZ AGRANEL,34654006,TONELADA MÉTRICA,390.0,1150500.0,390.0,1150500.0
40962321.0,SINONAFOP (CLODINAFOP PROP 24%),34661999,LITRO,800.0,417600.0,800.0,417600.0
40962321.0,INSECTICIDA AMPLIGO,34661999,LITRO,1000.0,772560.0,1000.0,772560.0
40962321.0,TRICHODERMA 21%,34662,KILOGRAMO,734.0,375942.0,734.0,375942.0
40962321.0,PARAQUAT 20% SL,34663,LITRO,10000.0,229680.0,10000.0,229680.0
40962321.0,ZUMAJ BIOREGULADOR AGRICOLA,34663008,LITRO,8000.0,1280000.0,8000.0,1280000.0
40962321.0,SUMSIL PLUS,99999994,OTROS,22320.0,3364640.0,22320.0,3364640.0
40962321.0,SUMSIL (1 LITRO),99999994,OTROS,709.0,173906.0,709.0,173906.0
40962567.0,MANTECA,21700003,KILOGRAMO,107516.0,1182678.0,107513.0,1182643.0
40962567.0,HARINA,231,KILOGRAMO,4619.0,1774017.0,4616.0,1772865.0
40962567.0,AZUCAR,23520001,KILOGRAMO,147834.0,591339.0,147831.0,591324.0
40962567.0,ENVASES,36490001,UNIDAD,563180.0,394226.0,563168.0,394217.0
40962608.0,MATERIA PRIMA,99999994,VALOR,0.0,26715473.0,0.0,25559065.0
40962936.0,LICENCIA CARE CORE PLUS,478,VALOR,0.0,131829.0,0.0,284598.86463123263
40962936.0,GASTOS POR GUIA TELEFÓNICA,99999994,VALOR,0.0,367917.0,0.0,794277.1353687673
40963469.0,TEXTILES Y VESTUARIO,28236010,VALOR,0.0,780493.0,0.0,780493.0
40963469.0,PRODUCTOS DE PAPEL Y CARTON,32129,VALOR,0.0,813001.0,0.0,813001.0
40963469.0,"COMBUSTIBLES, PRODUCTOS QUIMICOS",333,VALOR,0.0,1580201.0,0.0,1580201.0
40963469.0,OTROS,99999994,VALOR,0.0,11997664.0,0.0,11819037.0
40963756.0,MATERIAL DEPORTIVO,99999994,VALOR,0.0,28709.0,0.0,28709.0
40963879.0,PIEDRA ESMERIL,37910001,PIEZA,0.0,0.0,14.0,3817.0
40963879.0,PLANCHAS,41212001,PIEZA,2854.0,392421.0,2647.0,352267.0
40963879.0,FIERRO LISO Y CORRUGADO,41261005,METRO (LINEAL),6397.0,62980.0,6460.0,51194.0
40963879.0,"FIERRO CUADRADO Y ""T""",41262,METRO (LINEAL),3216.0,12780.0,3557.0,14472.0
40963879.0,ANGULARES,41262001,METRO (LINEAL),10860.0,135430.0,10062.0,128909.0
40963879.0,TUBOS REDONDO Y CUADRADO,4128,METRO (LINEAL),2056.0,35621.0,2191.0,38129.0
40963879.0,CAÑERÍAS,41283005,METRO (LINEAL),1436.0,17279.0,1462.0,18911.0
40963879.0,ELECTRODOS Y ALAMBRES,429,KILOGRAMO,3268.0,43958.0,3506.0,49839.0
40963879.0,PLATINOS,44199999,METRO (LINEAL),7782.0,51045.0,8615.0,72593.0
40963879.0,CUCHILLAS,44199999,PIEZA,1100.0,22595.0,674.0,13674.0
40963879.0,OTROS MATERIALES,99999994,VALOR,0.0,3817875.0,0.0,3773390.0
40963920.0,VARIOS,99999994,VALOR,0.0,28950.0,0.0,28950.0
40964043.0,ALZA PREFORMADA  ROJA 18.0 MM,42999999,PIEZA,3550.0,72315.0,2462.0,54253.0
40964043.0,ARMARIO DE DISTRIBUCION INDOOR,452,PIEZA,0.0,0.0,1.0,170726.0
40964043.0,ARMARIO DISTRIBUIDOS OUTDOOR,452,PIEZA,0.0,0.0,1.0,76011.0
40964043.0,DECODIFICADOR SD MOD. DSB-646MN,45289000,PIEZA,0.0,0.0,2216.0,428929.0
40964043.0,CABLE COAXIAL RG6 S/PORTANTE,46320001,METRO (LINEAL),205863.0,46208.0,16444.0,72507.0
40964043.0,CABLE COAXIAL RG6 C/PORTANTE,46320001,METRO (LINEAL),305050.0,89029.0,10322.0,55483.0
40964043.0,CABLE AS 40 X 100P.,46340001,METRO (LINEAL),0.0,0.0,17595.0,65354.0
40964043.0,CABLE AS 40 X 300 P.,46340001,METRO (LINEAL),382.0,3884.0,7005.0,48058.0
40964043.0,CABLE AS 40 X 150 P.,46340001,METRO (LINEAL),0.0,0.0,9690.0,45427.0
40964043.0,CABLE OPTICO CF0A-SM-AS-80-S 144 FO NR DRY-AEREO,46360001,METRO (LINEAL),60000.0,207756.0,36270.0,127608.0
40964043.0,CABLE OPTICO DROP 1 HILO PLANO CON MENSAJERO,46360001,METRO (LINEAL),598900.0,175210.0,210653.0,127478.0
40964043.0,CABLE OPTICO CFOA-SM-AS-80-S 72 FO NR DRY-DRY - AEREO,46360001,METRO (LINEAL),0.0,0.0,37816.0,70385.0
40964043.0,CABLE OPTICO CFOA-SM-DDR-S 144 FO NR DRY-DRY - SUBTERRANEO,46360001,METRO (LINEAL),0.0,0.0,11642.0,57800.0
40964043.0,ALAMBRE TELEFONICO ENTORCHADO DE BAJADA CON AUTOSOPORTE,46360002,METRO (LINEAL),310000.0,296000.0,60364.0,402524.0
40964043.0,TERMINAL INALAMBRICO FIJO HSPA+ MW32,47223,PIEZA,0.0,0.0,895.0,92004.0
40964043.0,CAJA TERMINAL OPTICA CON 12 ADAPTADORES NAP,47223999,PIEZA,500.0,92172.0,71.0,94220.0
40964043.0,DISTRIBUIDOR OPTICO LSX DE 144 PUERTOS,47223999,UNIDAD,10.0,35548.0,6.0,45747.0
40964043.0,ANTENA PARABOLICA DTH,47403001,PIEZA,0.0,0.0,19.0,49686.0
40964043.0,TARJETA SMART CARD DTH,47920000,PIEZA,0.0,0.0,2606.0,70509.0
40964043.0,OTROS MATERIALES,99999994,VALOR,0.0,4919379.0,0.0,4919379.0
40964371.0,VARIOS,99999994,VALOR,0.0,16162675.007194687,0.0,16162675.007194687
40964453.0,VARIOS,99999994,VALOR,0.0,0.0,0.0,6219.0
40964494.0,OTROS MATERIALES,99999994,VALOR,0.0,14532852.0,0.0,20657144.0
40964863.0,ENERGIA,17100001,VALOR,0.0,6829010.0,0.0,6829010.0
40964904.0,LLANTAS Y NEUMÁTICOS,36111000,VALOR,0.0,29158.0,0.0,28306.0
40964904.0,PRODUCTOS DE MINERALES NO METÁLICOS,379,VALOR,0.0,232538.0,0.0,258046.0
40964904.0,PRODUCTOS QUÍMICOS Y FARMACÉUTICOS,99999993,VALOR,0.0,142540.0,0.0,136616.0
40964904.0,PRODUCTOS DE CUERO Y CAUCHO,99999994,VALOR,0.0,75114.0,0.0,7477.0
40964904.0,PRODUCTOS METÁLICOS,99999994,VALOR,0.0,84232.0,0.0,65473.0
40964904.0,MINERALES,99999994,VALOR,0.0,27862.0,0.0,28171.0
40964904.0,HERRAMIENTAS MENORES,99999994,VALOR,0.0,19052.0,0.0,25581.0
40964904.0,MATERIAL DE LIMPIEZA E HIGIENE,99999994,VALOR,0.0,15258.0,0.0,13605.0
40964904.0,ÚTILES Y MATERIALES ELÉCTRICOS,99999994,VALOR,0.0,49236.0,0.0,56692.0
40964904.0,OTROS MATERIALES Y SUMINISTROS,99999994,VALOR,0.0,26513.0,0.0,2780.0
40965027.0,INSUMOS VARIOS,99999994,VALOR,0.0,488039.0,0.0,526539.0
40965437.0,TUBERÍA,36320001,PIEZA,1000.0,216000.0,1247.0833333333333,269370.0
40965683.0,MATERIALES ELÉCTRICOS,99999994,VALOR,0.0,7085962.0,0.0,4917582.0
40967282.0,OTROS MATERIALES,99999994,VALOR,0.0,4395210.0,0.0,4395210.0
40967528.0,CARPETAS,99999994,VALOR,0.0,2975504.0,0.0,2896817.0
40967651.0,VARIOS,99999994,VALOR,0.0,0.0,0.0,12423.0
40967856.0,ENERGIA ELECTRICA,17100001,OTROS,33911124.0,20828452.0,33911124.0,20828452.0
40967856.0,DIESEL,33360000,LITRO,27984422.0,103822207.0,26585201.0,98631097.0
40967856.0,LUBRICANTES,33380000,LITRO,71423.0,1214184.0,57138.0,971348.0
40967856.0,REPUESTOS MECANICOS Y ELECTRICOS,99999994,VALOR,0.0,34042896.0,0.0,34042896.0
40968143.0,UNIFORME EDUCACIÓN FÍSICA,28236001,UNIDAD,0.0,0.0,10.0,342.0
40968143.0,BUZOS DEPORTIVOS,28236004,UNIDAD,0.0,0.0,6.0,644.0
40968143.0,POLERAS DEPORTIVAS,28236999,UNIDAD,0.0,0.0,11.0,422.0
40968143.0,TEXTOS ESCOLARES,32210000,UNIDAD,0.0,0.0,28.0,1809.0
40968143.0,MATERIAL ESCOLAR Y OFICINA,99999994,UNIDAD,371474.0,36196.0,346217.0,40913.0
40968143.0,MATERIAL COMPUTACIÓN,99999994,UNIDAD,339.0,8362.0,384.0,8084.0
40968143.0,MATERIAL DE LIMPIEZA Y ASEO,99999994,UNIDAD,15432.0,55694.0,14537.0,52961.0
40968143.0,MATERIALES Y SUMINISTROS,99999994,UNIDAD,268.0,1977.0,294.0,2313.0
40968184.0,CABLE COAXIAL,46320001,METRO (LINEAL),1025734.0,5128670.0,974447.0,4522243.6519081965
40968184.0,FIBRA OPTICA,46360001,METRO (LINEAL),164117.0,2051468.0,139500.0,1618487.5534616169
40968184.0,CABLE TELEFONICO,46360002,METRO (LINEAL),1538600.0,377222.0,1615531.0,2998961.7946301866
40968307.0,VARIOS,99999994,VALOR,0.0,0.0,0.0,1078040.0
40968512.0,GAS CLORO,34231005,KILOGRAMO,6900.0,202927.0,10041.13792752492,295306.9559737463
40968512.0,HIPOCLORITO DE CALCIO,34240003,KILOGRAMO,9000.0,101790.0,13097.136427206417,148128.61299170458
40968512.0,SULFATO DE ALUMINIO,34240026,KILOGRAMO,20000.0,60900.0,29104.74761601426,88623.95649076342
40968676.0,"MÉTODOS ANTICONCEPTIVOS (IMPLANTES, DIU, INYECTABLES, CICLOS, PRESERVATIVOS, ...)",35260021,PIEZA,107788.0,1403663.0,55234.0,1136217.0
40968676.0,"OTROS INSUMOS (UNIFORMES, MEDICAMENTOS, OTROS)",99999994,VALOR,0.0,4490260.0,0.0,3472095.0
40968717.0,VARIOS,99999994,VALOR,0.0,0.0,0.0,9370615.0
40968840.0,TAPICES Y TELAS DE TAPICERIA,27140001,VALOR,0.0,200000.0,0.0,200000.0
40968840.0,MADERA EN TABLONES,31102003,VALOR,0.0,255000.0,0.0,255000.0
40968840.0,CHAPA FINA DE MADERA,31512001,UNIDAD,1.0,150000.0,1.0,150000.0
40968840.0,OTROS MATERIALES,99999994,VALOR,0.0,145000.0,0.0,145000.0
40968881.0,"MATERIAL DIDÁCTICO: MARCADOR ACRÍLICO, MARCADOR PERMANENTE, BATERÍAS, PILAS",99999993,UNIDAD,6500.0,28986.0,6000.0,28333.0
40968922.0,ALGODON,35270006,ROLLO,15000.0,90000.0,21908.076923076922,131448.46153846153
40968922.0,JERINGAS DESECHABLES,48150005,UNIDAD,1000.0,1000.0,1460.5384615384617,1460.5384615384617
40968963.0,TEXTOS ESCOLARES,32210000,PIEZA,820.0,517675.0,820.0,517675.0
40968963.0,MATERIAL ESCOLAR Y DE OFICINA,99999994,VALOR,0.0,819872.0,0.0,819872.0
40969045.0,OTROS MATERIALES,99999994,VALOR,0.0,174914.0,0.0,230201.75178921781
40969086.0,VARIOS,99999994,VALOR,0.0,0.0,0.0,5534976.0
40969127.0,ENERGÍA  ELÉCTRICA,17100001,VALOR,0.0,1130232721.0,0.0,1130232721.0
40969127.0,DIESEL,33360000,VALOR,0.0,10268920.0,0.0,10268920.0
40969127.0,GAS,99999994,VALOR,0.0,18843433.0,0.0,18843433.0
40969250.0,VARIOS,99999994,VALOR,0.0,5683327.975193208,0.0,5683327.975193208
40969455.0,VARIOS,99999994,VALOR,0.0,1140587.0,0.0,1140586.0
40969578.0,CLRO GRANULADO,34231005,KILOGRAMO,250.0,3750.0,88.41013014421385,1326.1519521632079
40969578.0,CODO 90 FG DE 3/4,36320008,PIEZA,431.0,2680.0,152.41906436862467,947.7565951459725
40969578.0,CAÑERIA PVC 2 PLG,36320013,METRO (LINEAL),160.0,1710.0,56.582483292296864,604.7252901864227
40969578.0,CAÑERIA 3/4,41283005,METRO (LINEAL),720.0,4320.0,523.0,3138.0
40969578.0,MEDIDOR ITROM DE 3/4,48263002,PIEZA,25.0,6075.0,8.841013014421385,2148.3661625043965
40969578.0,OTROS MATERIALES,99999994,VALOR,0.0,25955.0,0.0,0.0
40970070.0,PAPA,01510001,TONELADA MÉTRICA,220.0,1183935.0,220.0,1183935.0
40970070.0,POLLO GRUDO,21121000,KILOGRAMO,126100.0,1973225.0,126100.0,1973225.0
40970070.0,BEBIDAS GASEOSAS,24490001,VALOR,0.0,52712.0,0.0,52712.0
40970070.0,INSUMOS Y SUMINISTROS,99999994,VALOR,0.0,394645.0,0.0,399071.0
40970070.0,ENVASES TERMICOS,99999994,VALOR,0.0,271998.0,0.0,271998.0
40970931.0,VARIOS,99999994,VALOR,0.0,0.0,0.0,227438.0
40970972.0,PRODUCTOS QUIMICOS,354,VALOR,0.0,1216333.0,0.0,1401254.5826002862
40970972.0,PRODUCTOS DE MINERALES NO METALICOS Y PLASTICOS,99999994,VALOR,0.0,2894896.0,0.0,3335012.9332602485
40970972.0,UTILES Y MATERIALES ELECTRICOS,99999994,VALOR,0.0,152579.0,0.0,175775.89604045032
40970972.0,"OTROS ,MATERIALES Y SUMINISTROS",99999994,VALOR,0.0,24290.0,0.0,27982.85815756125
40970972.0,LAVANDERIA LIMPIEZA E HIGIENE,99999994,VALOR,0.0,131268.0,0.0,151224.94131851586
40970972.0,PRODUCTOS AGRICOLAS PECUARIOS,99999994,VALOR,0.0,8385.0,0.0,9659.788622937467
40971136.0,PAPEL PERIODICO (SABANA) EN BOBINAS,32121000,KILOGRAMO,216525.0,1201717.0,217694.0,1209854.12
40971136.0,PLACAS CTP TERMAL,32800002,PIEZA,19650.0,290617.0,20272.0,306346.0
40971136.0,TINTAS NEGRA Y DE COLOR,35130,KILOGRAMO,3853.0,119754.6,5386.0,165713.0
40971136.0,REPUESTOS Y MATERIAL OPERATIVO,44922003,PIEZA,2616.0,136779.0,3200.0,137789.0
40971136.0,VARIOS INSUMOS DE IMPRESION,99999994,KILOGRAMO,12075.0,301621.0,13204.0,313569.0
40971136.0,MATERIAL DE ESCRITORIO Y PAPELERIA,99999994,PIEZA,77331.0,15466.0,83291.0,17874.0
40971505.0,VARIOS,99999994,VALOR,0.0,508010.2967886552,0.0,294865.2967886552
40971587.0,VARIOS,99999994,VALOR,0.0,0.0,0.0,872500.0
40971628.0,SEMILLA,019,ONZA,50.0,4500.0,81.0,9836.0
40971628.0,TURBA RUBIA MOLIDA,11050000,METRO CÚBICO,300.0,90000.0,95.0,28510.0
40971628.0,ARENA CERNIDA,15310002,METRO CÚBICO,373.0,35755.0,373.0,35755.0
40971628.0,PIEDRA NORMAL,15320002,METRO CÚBICO,382.0,30560.0,382.0,30560.0
40971628.0,PIEDRA MANZANA,15320002,METRO CÚBICO,216.0,18400.0,216.0,18400.0
40971628.0,GRAVA SELECCIONADA,15320004,METRO CÚBICO,287.0,24395.0,287.0,24395.0
40971628.0,AGROFIL DE 250 MICRONES,27150008,ROLLO,5.0,8400.0,5.0,8400.0
40971628.0,TABLAS DE MADERA OCHOO,31102003,PIEZA,360.0,9720.0,360.0,9720.0
40971628.0,LISTONES DE MADERA,31219002,PIEZA,4400.0,26920.0,4400.0,26920.0
40971628.0,ESTIÉRCOL DE OVINO,34654003,METRO CÚBICO,300.0,73200.0,151.0,37112.0
40971628.0,TIERRA NEGRA,34654007,METRO CÚBICO,200.0,35000.0,210.0,37011.0
40971628.0,TIERRA VEGETAL,34654007,METRO CÚBICO,250.0,46250.0,181.0,35646.0
40971628.0,HILO ESPECIAL PARA CORTA PASTO 2.7 MM,35520001,METRO (LINEAL),7140.0,5211.0,3940.0,3111.0
40971628.0,CEMENTO LIDER SUPERIOR PORTLAND IP-30,37440001,OTROS,2190.0,100440.0,2285.0,104960.0
40971628.0,GUANTES DE LANA CON PALMA DE GOMA REFORZADA,38999018,PAR,1500.0,12750.0,1665.0,13750.0
40971628.0,FIERRO CORRUGADO 3/8,41261005,BARRA,5760.0,242593.0,6085.0,255376.0
40971628.0,MALLA GALLINERO,42943005,ROLLO,105.0,12502.0,63.0,7539.0
40971628.0,ELECTRODO PUNTO AZUL,42950001,KILOGRAMO,0.0,0.0,780.0,16614.0
40971628.0,OTRO MATERIAL,99999994,VALOR,0.0,606755.0,0.0,679736.0
310370.0,"MATERIAS PRIMAS, MATERIALES, ENVASES Y EMBALAJES",99999994,VALOR,0.0,100759988.3323764,0.0,95721097.08456004
5140088.0,"MATERIAS PRIMAS, MATERIALES, ENVASES Y EMBALAJES",99999994,VALOR,0.0,10341556.351012722,0.0,9824386.999880776
1338363.0,"MATERIAS PRIMAS, MATERIALES, ENVASES Y EMBALAJES",99999994,VALOR,0.0,8956988.803185884,0.0,8509060.084315043
4331035.0,"MATERIAS PRIMAS, MATERIALES, ENVASES Y EMBALAJES",99999994,VALOR,0.0,45873060.16286768,0.0,45123604.17160882
7194844.0,"MATERIAS PRIMAS, MATERIALES, ENVASES Y EMBALAJES",99999994,VALOR,0.0,38050212.77332702,0.0,37428563.381932646
4817131.0,"MATERIAS PRIMAS, MATERIALES, ENVASES Y EMBALAJES",99999994,VALOR,0.0,29856032.93432433,0.0,29368256.82611598
4827094.0,"MATERIALES, ENVASES Y EMBALAJES",99999994,VALOR,0.0,88554983.95072463,0.0,87108207.49757174
4724061.0,"MATERIAS PRIMAS, MATERIALES, ENVASES Y EMBALAJES",99999994,VALOR,0.0,22267826.04167591,0.0,21904023.069299694
373838.0,"MATERIAS PRIMAS, MATERIALES, ENVASES Y EMBALAJES",99999994,VALOR,0.0,109315205.30623642,0.0,109458212.85798971
325663.0,"MATERIAS PRIMAS, MATERIALES, ENVASES Y EMBALAJES",99999994,VALOR,0.0,17244730.03747534,0.0,17276700.701392833
375888.0,"MATERIAS PRIMAS, MATERIALES, ENVASES Y EMBALAJES",99999994,VALOR,0.0,13770176.773386868,0.0,13795705.83024944
7851008.0,"MATERIAS PRIMAS, MATERIALES, ENVASES Y EMBALAJES",99999994,VALOR,0.0,12294896.137627436,0.0,12317690.115350623
6282225.0,"MATERIAS PRIMAS, MATERIALES, ENVASES Y EMBALAJES",99999994,VALOR,0.0,11738185.608164646,0.0,11759947.478966
268099.0,"MATERIAS PRIMAS, MATERIALES, ENVASES Y EMBALAJES",99999994,VALOR,0.0,30647194.798654515,0.0,30097648.356065206
4114145.0,"MATERIAS PRIMAS, MATERIALES, ENVASES Y EMBALAJES",99999994,VALOR,0.0,27805487.252678502,0.0,25634834.187484305
338496.0,"MATERIAS PRIMAS, MATERIALES, ENVASES Y EMBALAJES",99999994,VALOR,0.0,16055190.57552226,0.0,15391338.572928533
556698.0,"MATERIAS PRIMAS, MATERIALES, ENVASES Y EMBALAJES",99999994,VALOR,0.0,28742393.55646827,0.0,21682812.47062498
551901.0,"MATERIAS PRIMAS, MATERIALES, ENVASES Y EMBALAJES",99999994,VALOR,0.0,353350428.7558037,0.0,348961227.94383603
4221483.0,"MATERIAS PRIMAS, MATERIALES, ENVASES Y EMBALAJES",99999994,VALOR,0.0,18405831.500321325,0.0,18365685.336732607
5304334.0,"MATERIAS PRIMAS, MATERIALES, ENVASES Y EMBALAJES",99999994,VALOR,0.0,16703897.98453873,0.0,13972074.789287608
329148.0,"MATERIAS PRIMAS, MATERIALES, ENVASES Y EMBALAJES",99999994,VALOR,0.0,30833279.373769347,0.0,29170426.173051387
535624.0,"MATERIAS PRIMAS, MATERIALES, ENVASES Y EMBALAJES",99999994,VALOR,0.0,24544022.177646816,0.0,23474142.67799064
525661.0,"MATERIAS PRIMAS, MATERIALES, ENVASES Y EMBALAJES",99999994,VALOR,0.0,199586581.68283308,0.0,197169439.0404114
542799.0,"MATERIAS PRIMAS, MATERIALES, ENVASES Y EMBALAJES",99999994,VALOR,0.0,19628605.659607366,0.0,19390888.57787232
561290.0,"MATERIAS PRIMAS, MATERIALES, ENVASES Y EMBALAJES",99999994,VALOR,0.0,17553037.13460066,0.0,17340456.738642596
306311.0,"MATERIAS PRIMAS, MATERIALES, ENVASES Y EMBALAJES",99999994,VALOR,0.0,157860853.27185607,0.0,152500712.40690967
273757.0,"MATERIAS PRIMAS, MATERIALES, ENVASES Y EMBALAJES",99999994,VALOR,0.0,35862078.0636421,0.0,34644386.74786168
558994.0,"MATERIAS PRIMAS, MATERIALES, ENVASES Y EMBALAJES",99999994,VALOR,0.0,25491067.628761698,0.0,24625522.368767854
9410566.0,"MATERIAS PRIMAS, MATERIALES, ENVASES Y EMBALAJES",99999994,VALOR,0.0,16968858.288641874,0.0,16392683.329117252
374494.0,"MATERIAS PRIMAS, MATERIALES, ENVASES Y EMBALAJES",99999994,VALOR,0.0,14061232.46782881,0.0,14638345.678885203
4603480.0,"MATERIAS PRIMAS, MATERIALES, ENVASES Y EMBALAJES",99999994,VALOR,0.0,24657035.156462576,0.0,25690806.698587954
532303.0,"MATERIAS PRIMAS, MATERIALES, ENVASES Y EMBALAJES",99999994,VALOR,0.0,13903365.941046866,0.0,13903365.941046864
286344.0,"MATERIAS PRIMAS, MATERIALES, ENVASES Y EMBALAJES",99999994,VALOR,0.0,39593799.22278397,0.0,41692141.599885345
9216923.0,"MATERIAS PRIMAS, MATERIALES, ENVASES Y EMBALAJES",99999994,VALOR,0.0,30649026.411984686,0.0,28624925.614167884
531975.0,"MATERIAS PRIMAS, MATERIALES, ENVASES Y EMBALAJES",99999994,VALOR,0.0,112247007.63390711,0.0,102253487.46383399
345097.0,"MATERIAS PRIMAS, MATERIALES, ENVASES Y EMBALAJES",99999994,VALOR,0.0,67944180.45653522,0.0,61895007.724500954
293929.0,ENVASES Y EMBALAJES,99999994,VALOR,0.0,0.0,0.0,5030.730620371281
311026.0,ENVASES Y EMBALAJES,99999994,VALOR,0.0,0.0,0.0,2702.6044557980745
6673734.0,ENVASES Y EMBALAJES,99999994,VALOR,0.0,0.0,0.0,778.1422290109334
525784.0,ENVASES Y EMBALAJES,99999994,VALOR,0.0,0.0,0.0,706.90128596216
7343838.0,ENVASES Y EMBALAJES,99999994,VALOR,0.0,0.0,0.0,661.4636307700815
284417.0,ENVASES Y EMBALAJES,99999994,VALOR,0.0,141137.8840731154,0.0,141137.88406072
10025935.0,ENVASES Y EMBALAJES,99999994,VALOR,0.0,72990.26139235424,0.0,72990.2613859439
4689703.0,ENVASES Y EMBALAJES,99999994,VALOR,0.0,66991.49604566638,0.0,66991.49603978288
562192.0,ENVASES Y EMBALAJES,99999994,VALOR,0.0,18792682.13092162,0.0,13048908.533608772
8071383.0,ENVASES Y EMBALAJES,99999994,VALOR,0.0,7161605.822937762,0.0,4972740.915119808
9434469.0,ENVASES Y EMBALAJES,99999994,VALOR,0.0,3258334.063791739,0.0,2262460.6149433674
364244.0,ENVASES Y EMBALAJES,99999994,VALOR,0.0,534659.9541593359,0.0,504851.9167930458
329763.0,ENVASES Y EMBALAJES,99999994,VALOR,0.0,466413.187559633,0.0,440410.00251696794
1742049.0,ENVASES Y EMBALAJES,99999994,VALOR,0.0,375290.633307017,0.0,354367.65762161446
7111409.0,ENVASES Y EMBALAJES,99999994,VALOR,0.0,289765.52096521074,0.0,273610.68945183454
509548.0,ENVASES Y EMBALAJES,99999994,VALOR,0.0,204476.20987708535,0.0,193076.37628730966
5438281.0,ENVASES Y EMBALAJES,99999994,VALOR,0.0,189738.16809653203,0.0,179160.0008699898
4226936.0,ENVASES Y EMBALAJES,99999994,VALOR,0.0,177015.97578480764,0.0,167147.08850500328
5474771.0,ENVASES Y EMBALAJES,99999994,VALOR,0.0,142581.04226355502,0.0,134631.9505044777
7424075.0,ENVASES Y EMBALAJES,99999994,VALOR,0.0,93442.7034045663,0.0,88233.14249950476
12775272.0,ENVASES Y EMBALAJES,99999994,VALOR,0.0,81444.66717238165,0.0,76904.0135036838
13123813.0,ENVASES Y EMBALAJES,99999994,VALOR,0.0,75850.7698802134,0.0,71621.98377932378
11619523.0,ENVASES Y EMBALAJES,99999994,VALOR,0.0,69462.84843748627,0.0,65590.19785708301
7049745.0,ENVASES Y EMBALAJES,99999994,VALOR,0.0,64228.42107706485,0.0,60647.5971149388
569859.0,ENVASES Y EMBALAJES,99999994,VALOR,0.0,386932.8719381104,0.0,390282.92712002253
6958766.0,ENVASES Y EMBALAJES,99999994,VALOR,0.0,74541.49578796254,0.0,75186.87420458847
4438455.0,ENVASES Y EMBALAJES,99999994,VALOR,0.0,67325.41759416237,0.0,67908.31938525598
4591549.0,ENVASES Y EMBALAJES,99999994,VALOR,0.0,41270.87048840112,0.0,41628.19265865035
385810.0,ENVASES Y EMBALAJES,99999994,VALOR,0.0,31355.373465298297,0.0,28341.40683101889
556288.0,ENVASES Y EMBALAJES,99999994,VALOR,0.0,27393.81657809303,0.0,24760.64592734897
270272.0,ENVASES Y EMBALAJES,99999994,VALOR,0.0,21874.00251667762,0.0,19771.411909157872
4564612.0,ENVASES Y EMBALAJES,99999994,VALOR,0.0,14985.245798727183,0.0,14985.245798727175
7019938.0,ENVASES Y EMBALAJES,99999994,VALOR,0.0,33928.678723684934,0.0,33928.67872368495
4747513.0,ENVASES Y EMBALAJES,99999994,VALOR,0.0,28637.46646789546,0.0,28637.46646789547
6659261.0,ENVASES Y EMBALAJES,99999994,VALOR,0.0,26537.364332024183,0.0,26537.36433202419
5328319.0,ENVASES Y EMBALAJES,99999994,VALOR,0.0,2929.4179320901308,0.0,2929.417932090131
526112.0,ENVASES Y EMBALAJES,99999994,VALOR,0.0,680.6973783117858,0.0,680.6973783117859
330870.0,ENVASES Y EMBALAJES,99999994,VALOR,0.0,197.83202556094574,0.0,197.83202556094577
351903.0,ENVASES Y EMBALAJES,99999994,VALOR,0.0,125.45215987365906,0.0,125.4521598736591
5127419.0,ENVASES Y EMBALAJES,99999994,VALOR,0.0,122.38081652000959,0.0,122.3808165200096
527629.0,ENVASES Y EMBALAJES,99999994,VALOR,0.0,76643.61089944324,0.0,65618.45776353322
8834844.0,ENVASES Y EMBALAJES,99999994,VALOR,0.0,45199.85564510599,0.0,38697.87427496754
8102092.0,ENVASES Y EMBALAJES,99999994,VALOR,0.0,16563.006322184945,0.0,14180.424408961682
13391010.0,ENVASES Y EMBALAJES,99999994,VALOR,0.0,14852.870884817306,0.0,12716.291278359862
13664275.0,ENVASES Y EMBALAJES,99999994,VALOR,0.0,11180.415467699555,0.0,9572.117121524163
7579916.0,ENVASES Y EMBALAJES,99999994,VALOR,0.0,31.863133660411872,0.0,15041.00548855032
359857.0,ENVASES Y EMBALAJES,99999994,VALOR,0.0,28.215086940328423,0.0,13318.943517996671
6424044.0,ENVASES Y EMBALAJES,99999994,VALOR,0.0,27.27709942022706,0.0,12876.166119251206
8376874.0,ENVASES Y EMBALAJES,99999994,VALOR,0.0,3525.9636516202445,0.0,3525.963651620245
12393767.0,ENVASES Y EMBALAJES,99999994,VALOR,0.0,3054.183040859343,0.0,3054.1830408593437
4594829.0,ENVASES Y EMBALAJES,99999994,VALOR,0.0,2010.755706995145,0.0,2010.7557069951451
345589.0,ENVASES Y EMBALAJES,99999994,VALOR,0.0,62804.543483275644,0.0,121517.45526002783
6291942.0,ENVASES Y EMBALAJES,99999994,VALOR,0.0,46385.566679765936,0.0,89749.17595285908
6361150.0,ENVASES Y EMBALAJES,99999994,VALOR,0.0,22057.50064618882,0.0,42677.98473266582
6052215.0,ENVASES Y EMBALAJES,99999994,VALOR,0.0,13471.177148794734,0.0,26064.72518846489
4800444.0,ENVASES Y EMBALAJES,99999994,VALOR,0.0,11079.49992785639,0.0,21437.18530722691
8698355.0,ENVASES Y EMBALAJES,99999994,VALOR,0.0,53581.66351865112,0.0,71731.750690311
4134891.0,ENVASES Y EMBALAJES,99999994,VALOR,0.0,48292.64095416483,0.0,64651.14096159107
11437647.0,ENVASES Y EMBALAJES,99999994,VALOR,0.0,36116.03063197506,0.0,48349.86327579567
365064.0,ENVASES Y EMBALAJES,99999994,VALOR,0.0,18290.461579766215,0.0,18290.31143311439
376585.0,ENVASES Y EMBALAJES,99999994,VALOR,0.0,5808.026580433432,0.0,5807.978902262987
292371.0,ENVASES Y EMBALAJES,99999994,VALOR,0.0,5527.674822552899,0.0,5527.6294457939075
298685.0,ENVASES Y EMBALAJES,99999994,VALOR,0.0,4744.294652986935,0.0,4744.255707006579
271215.0,ENVASES Y EMBALAJES,99999994,VALOR,0.0,4543.016554790487,0.0,4542.97926110482
459446.0,ENVASES Y EMBALAJES,99999994,VALOR,0.0,3985.11131487815,0.0,3985.0786010443057
361046.0,ENVASES Y EMBALAJES,99999994,VALOR,0.0,3882.8582042357625,0.0,3882.826329799116
1980382.0,ENVASES Y EMBALAJES,99999994,VALOR,0.0,2979.7290912644635,0.0,2979.704630627183
13838730.0,ENVASES Y EMBALAJES,99999994,VALOR,0.0,2661.164307454654,0.0,2661.142461920086
452148.0,ENVASES Y EMBALAJES,99999994,VALOR,0.0,2613.2149515373635,0.0,2613.193499619721
2036060.0,ENVASES Y EMBALAJES,99999994,VALOR,0.0,696910.7595036292,0.0,697231.8217166533
108527.0,ENVASES Y EMBALAJES,99999994,VALOR,0.0,2536.861390835269,0.0,3362.5921607436194
47765.0,ENVASES Y EMBALAJES,99999994,VALOR,0.0,2317.493190493125,0.0,3071.8211342099
6677219.0,ENVASES Y EMBALAJES,99999994,VALOR,0.0,2292.3908867758823,0.0,3038.548204911854
2010886.0,ENVASES Y EMBALAJES,99999994,VALOR,0.0,1719.6320549979266,0.0,2279.3603499147384
398028.0,ENVASES Y EMBALAJES,99999994,VALOR,0.0,1616.4100623095917,0.0,2142.5403152514145
420537.0,ENVASES Y EMBALAJES,99999994,VALOR,0.0,1592.3094740247664,0.0,2110.595152804372
318283.0,ENVASES Y EMBALAJES,99999994,VALOR,0.0,1573.3512326078894,0.0,2085.4661354287373
516682.0,ENVASES Y EMBALAJES,99999994,VALOR,0.0,1553.4403189007764,0.0,2059.074357546566
345958.0,ENVASES Y EMBALAJES,99999994,VALOR,0.0,1474.592157688702,0.0,1954.561667283471
6479353.0,ENVASES Y EMBALAJES,99999994,VALOR,0.0,1465.0886737689466,0.0,1941.964865328201
4364696.0,ENVASES Y EMBALAJES,99999994,VALOR,0.0,1382.8473515078897,0.0,1832.9545636525675
5777720.0,ENVASES Y EMBALAJES,99999994,VALOR,0.0,1362.124933508535,0.0,1805.4871424651055
4408894.0,ENVASES Y EMBALAJES,99999994,VALOR,0.0,1281.363586707742,0.0,1698.4385379869445
64165.0,ENVASES Y EMBALAJES,99999994,VALOR,0.0,1260.5628890213727,0.0,1670.8673576178214
5106345.0,ENVASES Y EMBALAJES,99999994,VALOR,0.0,1144.919862950612,0.0,1517.5833294422903
1499124.0,ENVASES Y EMBALAJES,99999994,VALOR,0.0,1138.2608275481646,0.0,1508.7568242484015
4168716.0,ENVASES Y EMBALAJES,99999994,VALOR,0.0,1122.4439595387491,0.0,1487.7916755145695
1772430.0,ENVASES Y EMBALAJES,99999994,VALOR,0.0,1089.0857060061978,0.0,1443.575542055373
4826028.0,ENVASES Y EMBALAJES,99999994,VALOR,0.0,1062.1770727854876,0.0,1407.9083355413848
4368181.0,ENVASES Y EMBALAJES,99999994,VALOR,0.0,1028.3744834077522,0.0,1363.103238004312
326647.0,ENVASES Y EMBALAJES,99999994,VALOR,0.0,1025.3127668517673,0.0,1359.044953966103
70930.0,ENVASES Y EMBALAJES,99999994,VALOR,0.0,1024.104582323266,0.0,1357.4435137617047
5140293.0,ENVASES Y EMBALAJES,99999994,VALOR,0.0,1001.3516699622512,0.0,1327.2846863950886
4323327.0,ENVASES Y EMBALAJES,99999994,VALOR,0.0,982.4694258407277,0.0,1302.2564029068144
1418190.0,ENVASES Y EMBALAJES,99999994,VALOR,0.0,951.0098371854104,0.0,1260.5569365604256
2021423.0,ENVASES Y EMBALAJES,99999994,VALOR,0.0,935.7578287488947,0.0,1240.3405052687904
4188724.0,ENVASES Y EMBALAJES,99999994,VALOR,0.0,932.849387172661,0.0,1236.4853861520912
183639.0,ENVASES Y EMBALAJES,99999994,VALOR,0.0,924.5110971874863,0.0,1225.4330406674517
4272323.0,ENVASES Y EMBALAJES,99999994,VALOR,0.0,918.5603195894146,0.0,1217.5453262760018
1243530.0,ENVASES Y EMBALAJES,99999994,VALOR,0.0,903.3142355051523,0.0,1197.336747672147
4390731.0,ENVASES Y EMBALAJES,99999994,VALOR,0.0,350050.7309816628,0.0,379204.9193633801
301514.0,ENVASES Y EMBALAJES,99999994,VALOR,0.0,215640.71348204653,0.0,233600.48167334
10952125.0,ENVASES Y EMBALAJES,99999994,VALOR,0.0,66381.39783436623,0.0,71910.0129927394
543537.0,"MATERIALES, ENVASES Y EMBALAJES",99999994,VALOR,0.0,371881034.7548668,0.0,364444388.0011646
523652.0,"MATERIALES, ENVASES Y EMBALAJES",99999994,VALOR,0.0,93738054.19196898,0.0,91863538.60430378
549441.0,"MATERIALES, ENVASES Y EMBALAJES",99999994,VALOR,0.0,8000472.934721569,0.0,14206827.454503058
12393808.0,"MATERIALES, ENVASES Y EMBALAJES",99999994,VALOR,0.0,107465258.29840568,0.0,106533270.0453465
13772843.0,"MATERIALES, ENVASES Y EMBALAJES",99999994,VALOR,0.0,76780036.0463641,0.0,76114164.18416682
264942.0,"MATERIALES, ENVASES Y EMBALAJES",99999994,VALOR,0.0,52312830.93738522,0.0,51859149.95536467
13365098.0,"MATERIALES, ENVASES Y EMBALAJES",99999994,VALOR,0.0,38353588.716923945,0.0,38020968.71756025
337430.0,"MATERIALES, ENVASES Y EMBALAJES",99999994,VALOR,0.0,25479279.52065652,0.0,25258311.46469442
278759.0,"MATERIALES, ENVASES Y EMBALAJES",99999994,VALOR,0.0,23080058.606998943,0.0,22879897.700653646
5199210.0,"MATERIALES, ENVASES Y EMBALAJES",99999994,VALOR,0.0,22515349.82522474,0.0,22320086.333721656
526194.0,"MATERIALES, ENVASES Y EMBALAJES",99999994,VALOR,0.0,20177886.695487328,0.0,20002894.76163337
7759701.0,"MATERIALES, ENVASES Y EMBALAJES",99999994,VALOR,0.0,19619955.751667377,0.0,19449802.45212084
13491255.0,"MATERIALES, ENVASES Y EMBALAJES",99999994,VALOR,0.0,18936399.126220323,0.0,18772173.944795907
13255423.0,"MATERIALES, ENVASES Y EMBALAJES",99999994,VALOR,0.0,17989840.323219355,0.0,17833824.136024285
373879.0,"MATERIALES, ENVASES Y EMBALAJES",99999994,VALOR,0.0,17125522.6549841,0.0,16977002.228990942
4396143.0,"MATERIALES, ENVASES Y EMBALAJES",99999994,VALOR,0.0,16621953.560207205,0.0,16477800.317509998
5197242.0,"MATERIALES, ENVASES Y EMBALAJES",99999994,VALOR,0.0,14681892.551225314,0.0,14554564.411814684
263876.0,"MATERIALES, ENVASES Y EMBALAJES",99999994,VALOR,0.0,13405267.025670422,0.0,13289010.371242117
6117774.0,"MATERIALES, ENVASES Y EMBALAJES",99999994,VALOR,0.0,10492683.51399061,0.0,10401686.12624924
10995380.0,"MATERIALES, ENVASES Y EMBALAJES",99999994,VALOR,0.0,10064585.1536417,0.0,9977300.432201201
13407984.0,"MATERIALES, ENVASES Y EMBALAJES",99999994,VALOR,0.0,9903727.48256086,0.0,9817837.792986805
6366521.0,"MATERIALES, ENVASES Y EMBALAJES",99999994,VALOR,0.0,9563183.575556073,0.0,9480247.239707718
1397813.0,"MATERIALES, ENVASES Y EMBALAJES",99999994,VALOR,0.0,9531878.548456503,0.0,9449213.70423233
271010.0,"MATERIALES, ENVASES Y EMBALAJES",99999994,VALOR,0.0,9031653.753155626,0.0,8953327.088920888
6750322.0,"MATERIALES, ENVASES Y EMBALAJES",99999994,VALOR,0.0,8807384.457349282,0.0,8731002.759818414
10246638.0,"MATERIALES, ENVASES Y EMBALAJES",99999994,VALOR,0.0,28909832.564228423,0.0,27409453.829313084
333043.0,"MATERIALES, ENVASES Y EMBALAJES",99999994,VALOR,0.0,28376003.150282722,0.0,26903329.394252233
264573.0,"MATERIALES, ENVASES Y EMBALAJES",99999994,VALOR,0.0,25317693.723178588,0.0,24003741.828266587
268017.0,"MATERIALES, ENVASES Y EMBALAJES",99999994,VALOR,0.0,20566019.35873011,0.0,19498672.529960282
13092489.0,"MATERIALES, ENVASES Y EMBALAJES",99999994,VALOR,0.0,17234403.40330735,0.0,16339962.651434217
6727731.0,"MATERIALES, ENVASES Y EMBALAJES",99999994,VALOR,0.0,11826265.939517131,0.0,11212499.744583838
569818.0,"MATERIALES, ENVASES Y EMBALAJES",99999994,VALOR,0.0,10495235.557890447,0.0,9950547.925611645
13610770.0,"MATERIALES, ENVASES Y EMBALAJES",99999994,VALOR,0.0,9914138.850516953,0.0,9399609.30167691
6621992.0,"MATERIALES, ENVASES Y EMBALAJES",99999994,VALOR,0.0,9478791.91953373,0.0,8986856.25034023
8420703.0,"MATERIALES, ENVASES Y EMBALAJES",99999994,VALOR,0.0,8581063.797722984,0.0,8135718.927030579
12276958.0,"MATERIALES, ENVASES Y EMBALAJES",99999994,VALOR,0.0,50288680.40277615,0.0,49947930.72914138
6871723.0,"MATERIALES, ENVASES Y EMBALAJES",99999994,VALOR,0.0,32594985.01249403,0.0,31732266.292301256
5522659.0,"MATERIALES, ENVASES Y EMBALAJES",99999994,VALOR,0.0,11125214.754239371,0.0,9705282.210874759
9804699.0,"MATERIALES, ENVASES Y EMBALAJES",99999994,VALOR,0.0,3011.602913120351,0.0,12010.460469863803
6828468.0,"MATERIALES, ENVASES Y EMBALAJES",99999994,VALOR,0.0,306678.31664086797,0.0,339072.7682691821
533451.0,"MATERIALES, ENVASES Y EMBALAJES",99999994,VALOR,0.0,0.0,0.0,12389.267404101167
8564203.0,"MATERIALES, ENVASES Y EMBALAJES",99999994,VALOR,0.0,0.0,0.0,10863.2634028222
530089.0,"MATERIALES, ENVASES Y EMBALAJES",99999994,VALOR,0.0,0.0,0.0,9653.97960202479
4961779.0,"MATERIALES, ENVASES Y EMBALAJES",99999994,VALOR,0.0,0.0,0.0,5675.5538219026685
5032463.0,"MATERIALES, ENVASES Y EMBALAJES",99999994,VALOR,0.0,0.0,0.0,4639.445046263434
552885.0,"MATERIALES, ENVASES Y EMBALAJES",99999994,VALOR,0.0,57423283.87765101,0.0,55893141.12994876
559978.0,"MATERIALES, ENVASES Y EMBALAJES",99999994,VALOR,0.0,0.0,0.0,3839.521612085921
4153505.0,"MATERIALES, ENVASES Y EMBALAJES",99999994,VALOR,0.0,7190727.035451821,0.0,7308138.211758596
5752997.0,"MATERIALES, ENVASES Y EMBALAJES",99999994,VALOR,0.0,0.0,0.0,2175528.1948994333
470434.0,"MATERIALES, ENVASES Y EMBALAJES",99999994,VALOR,0.0,0.0,0.0,3045340.3575470275
547719.0,"MATERIALES, ENVASES Y EMBALAJES",99999994,VALOR,0.0,12612640.98770167,0.0,13915435.426886002
7488240.0,"MATERIALES, ENVASES Y EMBALAJES",99999994,VALOR,0.0,3230470.3111666283,0.0,3564154.4905103296
550425.0,"MATERIALES, ENVASES Y EMBALAJES",99999994,VALOR,0.0,2437555.7313046306,0.0,2689337.5789796785
4712868.0,"MATERIALES, ENVASES Y EMBALAJES",99999994,VALOR,0.0,442528.95922346646,0.0,494566.79917477106
532508.0,"MATERIALES, ENVASES Y EMBALAJES",99999994,VALOR,0.0,6501685.222888978,0.0,6429620.988574015
358832.0,"MATERIALES, ENVASES Y EMBALAJES",99999994,VALOR,0.0,912990.9741084765,0.0,1302687.1698899807
5295601.0,"MATERIALES, ENVASES Y EMBALAJES",99999994,VALOR,0.0,205035.16110280753,0.0,243447.42351471717
7096034.0,"MATERIALES, ENVASES Y EMBALAJES",99999994,VALOR,0.0,452560.3041023076,0.0,537345.1042550723
396880.0,"MATERIALES, ENVASES Y EMBALAJES",99999994,VALOR,0.0,15316760.745249545,0.0,15060425.074418759
48790.0,"MATERIALES, ENVASES Y EMBALAJES",99999994,VALOR,0.0,7452.183340652877,0.0,18906.687752285765
322834.0,"MATERIALES, ENVASES Y EMBALAJES",99999994,VALOR,0.0,4513517.48171513,0.0,4492200.670533819
,,,,,,,
